"id","code","name","account_type","taxonomy_ids","reconcile","non_trade","name@pt","deprecated"
"chart_111","111","Cash","asset_cash","l10n_pt_apo.pt_taxo_1_s,l10n_pt_apo.pt_taxo_1_m","False","","Caixa"
"chart_121","121","Bank","asset_cash","l10n_pt_apo.pt_taxo_2_s,l10n_pt_apo.pt_taxo_2_m","False","","Depósitos à ordem"
"chart_128","128","Pending Receipts","asset_current","l10n_pt_apo.pt_taxo_2_s,l10n_pt_apo.pt_taxo_2_m","True","","Recibos Pendentes"
"chart_129","129","Pending Payments","liability_current","l10n_pt_apo.pt_taxo_2_s,l10n_pt_apo.pt_taxo_2_m","True","","Pagamentos Pendentes"
"chart_131","131","Other Bank Deposits","asset_cash","l10n_pt_apo.pt_taxo_3_s,l10n_pt_apo.pt_taxo_3_m","False","","Outros Depósitos Bancários"
"chart_1411","1411","Potentially favorable","asset_non_current","l10n_pt_apo.pt_taxo_4_s,l10n_pt_apo.pt_taxo_4_m","False","","Potencialmente favoráveis"
"chart_1412","1412","Potentially unfavorable","liability_non_current","l10n_pt_apo.pt_taxo_5_s,l10n_pt_apo.pt_taxo_4_m","False","","Potencialmente desfavoráveis"
"chart_1421","1421","Financial assets","asset_non_current","l10n_pt_apo.pt_taxo_6_s,l10n_pt_apo.pt_taxo_4_m","False","","Ativos financeiros"
"chart_1422","1422","Financial liabilities","asset_non_current","l10n_pt_apo.pt_taxo_7_s,l10n_pt_apo.pt_taxo_4_m","False","","Passivos financeiros"
"chart_1431","1431","Other financial assets","asset_non_current","l10n_pt_apo.pt_taxo_8_s,l10n_pt_apo.pt_taxo_4_m","False","","Outros ativos financeiros"
"chart_1432","1432","Other financial liabilities","asset_non_current","l10n_pt_apo.pt_taxo_9_s,l10n_pt_apo.pt_taxo_4_m","False","","Outros passivos financeiros"
"chart_2111","2111","General Customers","asset_receivable",,"True","","Clientes gerais","True"
"chart_21111","21111","Customers - General Customers - National Market","asset_receivable","l10n_pt_apo.pt_taxo_10_s,l10n_pt_apo.pt_taxo_5_m","True","","Clientes C/C - Clientes Gerais - Mercado Nacional"
"chart_21112","21112","Customers - General Customers - Intracommunity Market","asset_receivable","l10n_pt_apo.pt_taxo_10_s,l10n_pt_apo.pt_taxo_5_m","True","","Clientes C/C - Clientes Gerais - Mercado Intracomunitário"
"chart_21113","21113","Customers - General Customers - Extracommunity Market","asset_receivable","l10n_pt_apo.pt_taxo_10_s,l10n_pt_apo.pt_taxo_5_m","True","","Clientes C/C - Clientes Gerais - Mercado Extracomunitário"
"chart_2112","2112","Customers - Mother company","asset_receivable",,"True","","Clientes - empresa-mãe","True"
"chart_21121","21121","Customers - Mother Company - National Market","asset_receivable","l10n_pt_apo.pt_taxo_11_s,l10n_pt_apo.pt_taxo_5_m","True","","Clientes C/C - Empresa Mãe - Mercado Nacional"
"chart_21122","21122","Customers - Mother Company - Intracommunity Market","asset_receivable","l10n_pt_apo.pt_taxo_11_s,l10n_pt_apo.pt_taxo_5_m","True","","Clientes C/C - Empresa Mãe - Mercado Intracomunitário"
"chart_21123","21123","Customers - Mother Company - Extracommunity Market","asset_receivable","l10n_pt_apo.pt_taxo_11_s,l10n_pt_apo.pt_taxo_5_m","True","","Clientes C/C - Empresa Mãe - Mercado Extracomunitário"
"chart_2113","2113","Customers - Subsidiary Companies","asset_receivable",,"True","","Clientes - empresas subsidiárias","True"
"chart_21131","21131","Customers - Subsidiary Companies - National Market","asset_receivable","l10n_pt_apo.pt_taxo_12_s,l10n_pt_apo.pt_taxo_5_m","True","","Clientes C/C - Empresas Subsidiárias - Mercado Nacional"
"chart_21132","21132","Customers - Subsidiary Companies - Intracommunity Market","asset_receivable","l10n_pt_apo.pt_taxo_12_s,l10n_pt_apo.pt_taxo_5_m","True","","Clientes C/C - Empresas Subsidiárias - Mercado Intracomunitário"
"chart_21133","21133","Customers - Subsidiary Companies - Extracommunity Market","asset_receivable","l10n_pt_apo.pt_taxo_12_s,l10n_pt_apo.pt_taxo_5_m","True","","Clientes C/C - Empresas Subsidiárias - Mercado Extracomunitário"
"chart_2114","2114","Customers - Associated Companies","asset_receivable",,"True","","Clientes - empresas associadas","True"
"chart_21141","21141","Customers - Associated Companies - National Market","asset_receivable","l10n_pt_apo.pt_taxo_13_s,l10n_pt_apo.pt_taxo_5_m","True","","Clientes C/C - Empresas Associadas - Mercado Nacional"
"chart_21142","21142","Customers - Associated Companies - Intracommunity Market","asset_receivable","l10n_pt_apo.pt_taxo_13_s,l10n_pt_apo.pt_taxo_5_m","True","","Clientes C/C - Empresas Associadas - Mercado Intracomunitário"
"chart_21143","21143","Customers - Associated Companies - Extracommunity Market","asset_receivable","l10n_pt_apo.pt_taxo_13_s,l10n_pt_apo.pt_taxo_5_m","True","","Clientes C/C - Empresas Associadas - Mercado Extracomunitário"
"chart_2115","2115","Customers - Joint enterprises","asset_receivable",,"True","","Clientes - empreendimentos conjuntos", "True"
"chart_21151","21151","Customers - Joint enterprises - National Market","asset_receivable","l10n_pt_apo.pt_taxo_14_s,l10n_pt_apo.pt_taxo_5_m","True","","Clientes C/C - Empreendimento Conjunto - Mercado Nacional"
"chart_21152","21152","Customers - Joint enterprises - Intracommunity Market","asset_receivable","l10n_pt_apo.pt_taxo_14_s,l10n_pt_apo.pt_taxo_5_m","True","","Clientes C/C - Empreendimento Conjunto - Mercado Intracomunitário"
"chart_21153","21153","Customers - Joint enterprises - Extracommunity Market","asset_receivable","l10n_pt_apo.pt_taxo_14_s,l10n_pt_apo.pt_taxo_5_m","True","","Clientes C/C - Empreendimento Conjunto - Mercado Extracomunitário"
"chart_2116","2116","Customers - Other Related Parties","asset_receivable",,"True","","Clientes - outras partes relacionadas","True"
"chart_21161","21161","Customers - Other Related Parties - National Market","asset_receivable","l10n_pt_apo.pt_taxo_15_s,l10n_pt_apo.pt_taxo_5_m","True","","Clientes C/C - Outras Partes Relacionadas - Mercado Nacional"
"chart_21162","21162","Customers - Other Related Parties - Intracommunity Market","asset_receivable","l10n_pt_apo.pt_taxo_15_s,l10n_pt_apo.pt_taxo_5_m","True","","Clientes C/C - Outras Partes Relacionadas - Mercado Intracomunitário"
"chart_21163","21163","Customers - Other Related Parties - Extracommunity Market","asset_receivable","l10n_pt_apo.pt_taxo_15_s,l10n_pt_apo.pt_taxo_5_m","True","","Clientes C/C - Outras Partes Relacionadas - Mercado Extracomunitário"
"chart_2117","2117","General customers (POS)","asset_receivable",,"True","","Clientes gerais (PoS)","True"
"chart_21171","21171","Customers - POS - National Market","asset_receivable","l10n_pt_apo.pt_taxo_5_m","True","","Clientes C/C - POS - Mercado Nacional"
"chart_21172","21172","Customers - POS - Intracommunity Market","asset_receivable","l10n_pt_apo.pt_taxo_5_m","True","","Clientes C/C - POS - Mercado Intracomunitário"
"chart_21173","21173","Customers - POS - Extracommunity Market","asset_receivable","l10n_pt_apo.pt_taxo_5_m","True","","Clientes C/C - POS - Mercado Extracomunitário"
"chart_2121","2121","General Customers","asset_receivable",,"True","","Clientes gerais","True"
"chart_21211","21211","Customers TR - General Customers - National Market","asset_current","l10n_pt_apo.pt_taxo_16_s,l10n_pt_apo.pt_taxo_6_m","True","","Clientes TR - Clientes Gerais - Mercado Nacional"
"chart_21212","21212","Customers TR - General Customers - Intracommunity Market","asset_current","l10n_pt_apo.pt_taxo_16_s,l10n_pt_apo.pt_taxo_6_m","True","","Clientes TR - Clientes Gerais - Mercado Intracomunitário"
"chart_21213","21213","Customers TR - General Customers - Extracommunity Market","asset_current","l10n_pt_apo.pt_taxo_16_s,l10n_pt_apo.pt_taxo_6_m","True","","Clientes TR - Clientes Gerais - Mercado Extracomunitário"
"chart_2122","2122","Customers - Mother Company","asset_receivable",,"True","","Clientes - empresa-mãe","True"
"chart_21221","21221","Customers TR - Mother Company - National Market","asset_receivable","l10n_pt_apo.pt_taxo_17_s,l10n_pt_apo.pt_taxo_6_m","True","","Clientes TR - Empresa Mãe - Mercado Nacional"
"chart_21222","21222","Customers TR - Mother Company - Intracommunity Market","asset_receivable","l10n_pt_apo.pt_taxo_17_s,l10n_pt_apo.pt_taxo_6_m","True","","Clientes TR - Empresa Mãe - Mercado Intracomunitário"
"chart_21223","21223","Customers TR - Mother Company - Extracommunity Market","asset_receivable","l10n_pt_apo.pt_taxo_17_s,l10n_pt_apo.pt_taxo_6_m","True","","Clientes TR - Empresa Mãe - Mercado Extracomunitário"
"chart_2123","2123","Customers - Subsidiary Companies","asset_receivable",,"True","","Clientes - empresas subsidiárias","True"
"chart_21231","21231","Customers TR - Subsidiary Companies - National Market","asset_receivable","l10n_pt_apo.pt_taxo_18_s,l10n_pt_apo.pt_taxo_6_m","True","","Clientes TR - Empresas Subsidiárias - Mercado Nacional"
"chart_21232","21232","Customers TR - Subsidiary Companies - Intracommunity Market","asset_receivable","l10n_pt_apo.pt_taxo_18_s,l10n_pt_apo.pt_taxo_6_m","True","","Clientes TR - Empresas Subsidiárias - Mercado Intracomunitário"
"chart_21233","21233","Customers TR - Subsidiary Companies - Extracommunity Market","asset_receivable","l10n_pt_apo.pt_taxo_18_s,l10n_pt_apo.pt_taxo_6_m","True","","Clientes TR - Empresas Subsidiárias - Mercado Extracomunitário"
"chart_2124","2124","Customers - Associated Companies","asset_receivable",,"True","","Clientes - empresas associadas","True"
"chart_21241","21241","Customers TR - Associated Companies - National Market","asset_receivable","l10n_pt_apo.pt_taxo_19_s,l10n_pt_apo.pt_taxo_6_m","True","","Clientes TR - Empresas Associadas - Mercado Nacional"
"chart_21242","21242","Customers TR - Associated Companies - Intracommunity Market","asset_receivable","l10n_pt_apo.pt_taxo_19_s,l10n_pt_apo.pt_taxo_6_m","True","","Clientes TR - Empresas Associadas - Mercado Intracomunitário"
"chart_21243","21243","Customers TR - Associated Companies - Extracommunity Market","asset_receivable","l10n_pt_apo.pt_taxo_19_s,l10n_pt_apo.pt_taxo_6_m","True","","Clientes TR - Empresas Associadas - Mercado Extracomunitário"
"chart_2125","2125","Customers - Joint enterprises","asset_receivable",,"True","","Clientes - empreendimentos conjuntos","True"
"chart_21251","21251","Customers TR - Joint enterprises - National Market","asset_receivable","l10n_pt_apo.pt_taxo_20_s,l10n_pt_apo.pt_taxo_6_m","True","","Clientes TR - Empreendimento Conjunto - Mercado Nacional"
"chart_21252","21252","Customers TR - Joint enterprises - Intracommunity Market","asset_receivable","l10n_pt_apo.pt_taxo_20_s,l10n_pt_apo.pt_taxo_6_m","True","","Clientes TR - Empreendimento Conjunto - Mercado Intracomunitário"
"chart_21253","21253","Customers TR - Joint enterprises - Extracommunity Market","asset_receivable","l10n_pt_apo.pt_taxo_20_s,l10n_pt_apo.pt_taxo_6_m","True","","Clientes TR - Empreendimento Conjunto - Mercado Extracomunitário"
"chart_2126","2126","Customers - Other Related Parties","asset_receivable",,"True","","Clientes - outras partes relacionadas","True"
"chart_21261","21261","Customers TR - Other Related Parties - National Market","asset_receivable","l10n_pt_apo.pt_taxo_21_s,l10n_pt_apo.pt_taxo_6_m","True","","Clientes TR - Outras Partes Relacionadas - Mercado Nacional"
"chart_21262","21262","Customers TR - Other Related Parties - Intracommunity Market","asset_receivable","l10n_pt_apo.pt_taxo_21_s,l10n_pt_apo.pt_taxo_6_m","True","","Clientes TR - Outras Partes Relacionadas - Mercado Intracomunitário"
"chart_21263","21263","Customers TR - Other Related Parties - Extracommunity Market","asset_receivable","l10n_pt_apo.pt_taxo_21_s,l10n_pt_apo.pt_taxo_6_m","True","","Clientes TR - Outras Partes Relacionadas - Mercado Extracomunitário"
"chart_218","218","Customer Advances","asset_receivable",,"True","","Adiantamentos de clientes","True"
"chart_2181","2181","Customers - Advances - National Market","asset_prepayments","l10n_pt_apo.pt_taxo_23_s,l10n_pt_apo.pt_taxo_8_m","False","","Clientes - Adiantamentos - Mercado Nacional"
"chart_2182","2182","Customers - Advances - Intracommunity Market","asset_prepayments","l10n_pt_apo.pt_taxo_23_s,l10n_pt_apo.pt_taxo_8_m","False","","Clientes - Adiantamentos - Mercado Intracomunitário"
"chart_2183","2183","Customers - Advances - Extracommunity Market","asset_prepayments","l10n_pt_apo.pt_taxo_23_s,l10n_pt_apo.pt_taxo_8_m","False","","Clientes - Adiantamentos - Mercado Extracomunitário"
"chart_21911","21911","General Customers","asset_receivable",,"True","","Clientes gerais","True"
"chart_219111","219111","PIA - Customers C/C - General Customers - National Market","asset_current","l10n_pt_apo.pt_taxo_24_s,l10n_pt_apo.pt_taxo_9_m","False","","PIA - Clientes C/C - Clientes Gerais - Mercado Nacional"
"chart_219112","219112","PIA - Customers C/C - General Customers - Intracommunity Market","asset_current","l10n_pt_apo.pt_taxo_24_s,l10n_pt_apo.pt_taxo_9_m","False","","PIA - Clientes C/C - Clientes Gerais - Mercado Intracomunitário"
"chart_219113","219113","PIA - Customers C/C - General Customers - Extracommunity Market","asset_current","l10n_pt_apo.pt_taxo_24_s,l10n_pt_apo.pt_taxo_9_m","False","","PIA - Clientes C/C - Clientes Gerais - Mercado Extracomunitário"
"chart_21912","21912","Customers - Mother Company","asset_receivable",,"True","","Clientes - empresa-mãe","True"
"chart_219121","219121","PIA - Customers C/C - Mother Company - National Market","asset_current","l10n_pt_apo.pt_taxo_24_s,l10n_pt_apo.pt_taxo_9_m","False","","PIA - Clientes C/C - Empresa Mãe - Mercado Nacional"
"chart_219122","219122","PIA - Customers C/C - Mother Company - Intracommunity Market","asset_current","l10n_pt_apo.pt_taxo_24_s,l10n_pt_apo.pt_taxo_9_m","False","","PIA - Clientes C/C - Empresa Mãe - Mercado Intracomunitário"
"chart_219123","219123","PIA - Customers C/C - Mother Company - Extracommunity Market","asset_current","l10n_pt_apo.pt_taxo_24_s,l10n_pt_apo.pt_taxo_9_m","False","","PIA - Clientes C/C - Empresa Mãe - Mercado Extracomunitário"
"chart_21913","21913","Customers - Subsidiary Companies","asset_receivable",,"True","","Clientes - empresas subsidiárias","True"
"chart_219131","219131","PIA - Customers C/C - Subsidiary Companies - National Market","asset_current","l10n_pt_apo.pt_taxo_24_s,l10n_pt_apo.pt_taxo_9_m","False","","PIA - Clientes C/C - Empresas Subsidiárias - Mercado Nacional"
"chart_219132","219132","PIA - Customers C/C - Subsidiary Companies - Intracommunity Market","asset_current","l10n_pt_apo.pt_taxo_24_s,l10n_pt_apo.pt_taxo_9_m","False","","PIA - Clientes C/C - Empresas Subsidiárias - Mercado Intracomunitário"
"chart_219133","219133","PIA - Customers C/C - Subsidiary Companies - Extracommunity Market","asset_current","l10n_pt_apo.pt_taxo_24_s,l10n_pt_apo.pt_taxo_9_m","False","","PIA - Clientes C/C - Empresas Subsidiárias - Mercado Extracomunitário"
"chart_21914","21914","Customers - Associated Companies","asset_receivable",,"True","","Clientes - empresas associadas","True"
"chart_219141","219141","PIA - Customers C/C - Associated Companies - National Market","asset_current","l10n_pt_apo.pt_taxo_24_s,l10n_pt_apo.pt_taxo_9_m","False","","PIA - Clientes C/C - Empresas Associadas - Mercado Nacional"
"chart_219142","219142","PIA - Customers C/C - Associated Companies - Intracommunity Market","asset_current","l10n_pt_apo.pt_taxo_24_s,l10n_pt_apo.pt_taxo_9_m","False","","PIA - Clientes C/C - Empresas Associadas - Mercado Intracomunitário"
"chart_219143","219143","PIA - Customers C/C - Associated Companies - Extracommunity Market","asset_current","l10n_pt_apo.pt_taxo_24_s,l10n_pt_apo.pt_taxo_9_m","False","","PIA - Clientes C/C - Empresas Associadas - Mercado Extracomunitário"
"chart_21915","21915","Customers - Joint Enterprises","asset_receivable",,"True","","Clientes - empreendimentos conjuntos","True"
"chart_219151","219151","PIA - Customers C/C - Joint Enterprises - National Market","asset_current","l10n_pt_apo.pt_taxo_24_s,l10n_pt_apo.pt_taxo_9_m","False","","PIA - Clientes C/C - Empreendimento Conjunto - Mercado Nacional"
"chart_219152","219152","PIA - Customers C/C - Joint Enterprises - Intracommunity Market","asset_current","l10n_pt_apo.pt_taxo_24_s,l10n_pt_apo.pt_taxo_9_m","False","","PIA - Clientes C/C - Empreendimento Conjunto - Mercado Intracomunitário"
"chart_219153","219153","PIA - Customers C/C - Joint Enterprises - Extracommunity Market","asset_current","l10n_pt_apo.pt_taxo_24_s,l10n_pt_apo.pt_taxo_9_m","False","","PIA - Clientes C/C - Empreendimento Conjunto - Mercado Extracomunitário"
"chart_21916","21916","Customers - Other Related Parties","asset_receivable",,"True","","Clientes - outras partes relacionadas","True"
"chart_219161","219161","PIA - Customers C/C - Other Related Parties - National Market","asset_current","l10n_pt_apo.pt_taxo_24_s,l10n_pt_apo.pt_taxo_9_m","False","","PIA - Clientes C/C - Outras Partes Relacionadas - Mercado Nacional"
"chart_219162","219162","PIA - Customers C/C - Other Related Parties - Intracommunity Market","asset_current","l10n_pt_apo.pt_taxo_24_s,l10n_pt_apo.pt_taxo_9_m","False","","PIA - Clientes C/C - Outras Partes Relacionadas - Mercado Intracomunitário"
"chart_219163","219163","PIA - Customers C/C - Other Related Parties - Extracommunity Market","asset_current","l10n_pt_apo.pt_taxo_24_s,l10n_pt_apo.pt_taxo_9_m","False","","PIA - Clientes C/C - Outras Partes Relacionadas - Mercado Extracomunitário"
"chart_21921","21921","General Customers","asset_receivable",,"True","","Clientes gerais","True"
"chart_219211","219211","PIA - Customers TR - General Customers - National Market","asset_current","l10n_pt_apo.pt_taxo_24_s,l10n_pt_apo.pt_taxo_9_m","False","","PIA - Clientes TR - Clientes Gerais - Mercado Nacional"
"chart_219212","219212","PIA - Customers TR - General Customers - Intracommunity Market","asset_current","l10n_pt_apo.pt_taxo_24_s,l10n_pt_apo.pt_taxo_9_m","False","","PIA - Clientes TR - Clientes Gerais - Mercado Intracomunitário"
"chart_219213","219213","PIA - Customers TR - General Customers - Extracommunity Market","asset_current","l10n_pt_apo.pt_taxo_24_s,l10n_pt_apo.pt_taxo_9_m","False","","PIA - Clientes TR - Clientes Gerais - Mercado Extracomunitário"
"chart_21922","21922","Customers - Mother Company","asset_receivable",,"True","","Clientes - empresa-mãe","True"
"chart_219221","219221","PIA - Customers TR - Mother Company - National Market","asset_current","l10n_pt_apo.pt_taxo_24_s,l10n_pt_apo.pt_taxo_9_m","False","","PIA - Clientes TR - Empresa Mãe - Mercado Nacional"
"chart_219222","219222","PIA - Customers TR - Mother Company - Intracommunity Market","asset_current","l10n_pt_apo.pt_taxo_24_s,l10n_pt_apo.pt_taxo_9_m","False","","PIA - Clientes TR - Empresa Mãe - Mercado Intracomunitário"
"chart_219223","219223","PIA - Customers TR - Mother Company - Extracommunity Market","asset_current","l10n_pt_apo.pt_taxo_24_s,l10n_pt_apo.pt_taxo_9_m","False","","PIA - Clientes TR - Empresa Mãe - Mercado Extracomunitário"
"chart_21923","21923","Customers - Subsidiary Companies","asset_receivable",,"True","","Clientes - empresas subsidiárias","True"
"chart_219231","219231","PIA - Customers TR - Subsidiary Companies - National Market","asset_current","l10n_pt_apo.pt_taxo_24_s,l10n_pt_apo.pt_taxo_9_m","False","","PIA - Clientes TR - Empresas Subsidiárias - Mercado Nacional"
"chart_219232","219232","PIA - Customers TR - Subsidiary Companies - Intracommunity Market","asset_current","l10n_pt_apo.pt_taxo_24_s,l10n_pt_apo.pt_taxo_9_m","False","","PIA - Clientes TR - Empresas Subsidiárias - Mercado Intracomunitário"
"chart_219233","219233","PIA - Customers TR - Subsidiary Companies - Extracommunity Market","asset_current","l10n_pt_apo.pt_taxo_24_s,l10n_pt_apo.pt_taxo_9_m","False","","PIA - Clientes TR - Empresas Subsidiárias - Mercado Extracomunitário"
"chart_21924","21924","Customers - Associated Companies","asset_receivable",,"True","","Clientes - empresas associadas","True"
"chart_219241","219241","PIA - Customers TR - Associated Companies - National Market","asset_current","l10n_pt_apo.pt_taxo_24_s,l10n_pt_apo.pt_taxo_9_m","False","","PIA - Clientes TR - Empresas Associadas - Mercado Nacional"
"chart_219242","219242","PIA - Customers TR - Associated Companies - Intracommunity Market","asset_current","l10n_pt_apo.pt_taxo_24_s,l10n_pt_apo.pt_taxo_9_m","False","","PIA - Clientes TR - Empresas Associadas - Mercado Intracomunitário"
"chart_219243","219243","PIA - Customers TR - Associated Companies - Extracommunity Market","asset_current","l10n_pt_apo.pt_taxo_24_s,l10n_pt_apo.pt_taxo_9_m","False","","PIA - Clientes TR - Empresas Associadas - Mercado Extracomunitário"
"chart_21925","21925","Customers - Joint Enterprises","asset_receivable",,"True","","Clientes - empreendimentos conjuntos","True"
"chart_219251","219251","PIA - Customers TR - Joint Enterprises - National Market","asset_current","l10n_pt_apo.pt_taxo_24_s,l10n_pt_apo.pt_taxo_9_m","False","","PIA - Clientes TR - Empreendimento Conjunto - Mercado Nacional"
"chart_219252","219252","PIA - Customers TR - Joint Enterprises - Intracommunity Market","asset_current","l10n_pt_apo.pt_taxo_24_s,l10n_pt_apo.pt_taxo_9_m","False","","PIA - Clientes TR - Empreendimento Conjunto - Mercado Intracomunitário"
"chart_219253","219253","PIA - Customers TR - Joint Enterprises - Extracommunity Market","asset_current","l10n_pt_apo.pt_taxo_24_s,l10n_pt_apo.pt_taxo_9_m","False","","PIA - Clientes TR - Empreendimento Conjunto - Mercado Extracomunitário"
"chart_21926","21926","Customers - Other Related Parties","asset_receivable",,"True","","Clientes - outras partes relacionadas","True"
"chart_219261","219261","PIA - Customers TR - Other Related Parties - National Market","asset_current","l10n_pt_apo.pt_taxo_24_s,l10n_pt_apo.pt_taxo_9_m","False","","PIA - Clientes TR - Outras Partes Relacionadas - Mercado Nacional"
"chart_219262","219262","PIA - Customers TR - Other Related Parties - Intracommunity Market","asset_current","l10n_pt_apo.pt_taxo_24_s,l10n_pt_apo.pt_taxo_9_m","False","","PIA - Clientes TR - Outras Partes Relacionadas - Mercado Intracomunitário"
"chart_219263","219263","PIA - Customers TR - Other Related Parties - Extracommunity Market","asset_current","l10n_pt_apo.pt_taxo_24_s,l10n_pt_apo.pt_taxo_9_m","False","","PIA - Clientes TR - Outras Partes Relacionadas - Mercado Extracomunitário"
"chart_2193","2193","Other Customers","asset_receivable",,"True","","Outros Clientes","True"
"chart_219311","21931","PIA - Other Customers - National Market","asset_current","l10n_pt_apo.pt_taxo_24_s,l10n_pt_apo.pt_taxo_9_m","False","","PIA - Outros Clientes - Mercado Nacional"
"chart_219322","21932","PIA - Other Customers - Intracommunity Market","asset_current","l10n_pt_apo.pt_taxo_24_s,l10n_pt_apo.pt_taxo_9_m","False","","PIA - Outros Clientes - Mercado Intracomunitário"
"chart_219333","21933","PIA - Other Customers - Extracommunity Market","asset_current","l10n_pt_apo.pt_taxo_24_s,l10n_pt_apo.pt_taxo_9_m","False","","PIA - Outros Clientes - Mercado Extracomunitário"
"chart_2211","2211","General Suppliers","liability_payable",,"True","","Fornecedores gerais","True"
"chart_22111","22111","Suppliers C/C - General Suppliers - National Market","liability_payable","l10n_pt_apo.pt_taxo_37_s,l10n_pt_apo.pt_taxo_12_m","True","","Fornecedores C/C - Fornecedores Gerais - Mercado Nacional"
"chart_22112","22112","Suppliers C/C - General Suppliers - Intracommunity Market","liability_payable","l10n_pt_apo.pt_taxo_37_s,l10n_pt_apo.pt_taxo_12_m","True","","Fornecedores C/C - Fornecedores Gerais - Mercado Intracomunitário"
"chart_22113","22113","Suppliers C/C - General Suppliers - Extracommunity Market","liability_payable","l10n_pt_apo.pt_taxo_37_s,l10n_pt_apo.pt_taxo_12_m","True","","Fornecedores C/C - Fornecedores Gerais - Mercado Extracomunitário"
"chart_2212","2212","Suppliers - Mother Company","liability_payable",,"True","","Fornecedores - empresa-mãe","True"
"chart_22121","22121","Suppliers C/C - Mother Company - National Market","liability_payable","l10n_pt_apo.pt_taxo_38_s,l10n_pt_apo.pt_taxo_12_m","True","","Fornecedores C/C - Empresa Mãe - Mercado Nacional"
"chart_22122","22122","Suppliers C/C - Mother Company - Intracommunity Market","liability_payable","l10n_pt_apo.pt_taxo_38_s,l10n_pt_apo.pt_taxo_12_m","True","","Fornecedores C/C - Empresa Mãe - Mercado Intracomunitário"
"chart_22123","22123","Suppliers C/C - Mother Company - Extracommunity Market","liability_payable","l10n_pt_apo.pt_taxo_38_s,l10n_pt_apo.pt_taxo_12_m","True","","Fornecedores C/C - Empresa Mãe - Mercado Extracomunitário"
"chart_2213","2213","Suppliers - Subsidiary Companies","liability_payable",,"True","","Fornecedores - empresas subsidiárias","True"
"chart_22131","22131","Suppliers C/C - Subsidiary Companies - National Market","liability_payable","l10n_pt_apo.pt_taxo_39_s,l10n_pt_apo.pt_taxo_12_m","True","","Fornecedores C/C - Empresas Subsidiárias - Mercado Nacional"
"chart_22132","22132","Suppliers C/C - Subsidiary Companies - Intracommunity Market","liability_payable","l10n_pt_apo.pt_taxo_39_s,l10n_pt_apo.pt_taxo_12_m","True","","Fornecedores C/C - Empresas Subsidiárias - Mercado Intracomunitário"
"chart_22133","22133","Suppliers C/C - Subsidiary Companies - Extracommunity Market","liability_payable","l10n_pt_apo.pt_taxo_39_s,l10n_pt_apo.pt_taxo_12_m","True","","Fornecedores C/C - Empresas Subsidiárias - Mercado Extracomunitário"
"chart_2214","2214","Suppliers - Associated Companies","liability_payable",,"True","","Fornecedores - empresas associadas","True"
"chart_22141","22141","Suppliers C/C - Associated Companies - National Market","liability_payable","l10n_pt_apo.pt_taxo_40_s,l10n_pt_apo.pt_taxo_12_m","True","","Fornecedores C/C - Empresas Associadas - Mercado Nacional"
"chart_22142","22142","Suppliers C/C - Associated Companies - Intracommunity Market","liability_payable","l10n_pt_apo.pt_taxo_40_s,l10n_pt_apo.pt_taxo_12_m","True","","Fornecedores C/C - Empresas Associadas - Mercado Intracomunitário"
"chart_22143","22143","Suppliers C/C - Associated Companies - Extracommunity Market","liability_payable","l10n_pt_apo.pt_taxo_40_s,l10n_pt_apo.pt_taxo_12_m","True","","Fornecedores C/C - Empresas Associadas - Mercado Extracomunitário"
"chart_2215","2215","Suppliers - Joint Enterprises","liability_payable",,"True","","Fornecedores - empreendimentos conjuntos","True"
"chart_22151","22151","Suppliers C/C - Joint Enterprises - National Market","liability_payable","l10n_pt_apo.pt_taxo_41_s,l10n_pt_apo.pt_taxo_12_m","True","","Fornecedores C/C - Empreendimento Conjunto - Mercado Nacional"
"chart_22152","22152","Suppliers C/C - Joint Enterprises - Intracommunity Market","liability_payable","l10n_pt_apo.pt_taxo_41_s,l10n_pt_apo.pt_taxo_12_m","True","","Fornecedores C/C - Empreendimento Conjunto - Mercado Intracomunitário"
"chart_22153","22153","Suppliers C/C - Joint Enterprises - Extracommunity Market","liability_payable","l10n_pt_apo.pt_taxo_41_s,l10n_pt_apo.pt_taxo_12_m","True","","Fornecedores C/C - Empreendimento Conjunto - Mercado Extracomunitário"
"chart_2216","2216","Suppliers - Other Related Parties","liability_payable",,"True","","Fornecedores - outras partes relacionadas","True"
"chart_22161","22161","Suppliers C/C - Other Related Parties - National Market","liability_payable","l10n_pt_apo.pt_taxo_42_s,l10n_pt_apo.pt_taxo_12_m","True","","Fornecedores C/C - Outras Partes Relacionadas - Mercado Nacional"
"chart_22162","22162","Suppliers C/C - Other Related Parties - Intracommunity Market","liability_payable","l10n_pt_apo.pt_taxo_42_s,l10n_pt_apo.pt_taxo_12_m","True","","Fornecedores C/C - Outras Partes Relacionadas - Mercado Intracomunitário"
"chart_22163","22163","Suppliers C/C - Other Related Parties - Extracommunity Market","liability_payable","l10n_pt_apo.pt_taxo_42_s,l10n_pt_apo.pt_taxo_12_m","True","","Fornecedores C/C - Outras Partes Relacionadas - Mercado Extracomunitário"
"chart_2221","2221","General Suppliers","liability_payable",,"True","","Fornecedores gerais","True"
"chart_22211","22211","Suppliers TP - General Suppliers - National Market","liability_current","l10n_pt_apo.pt_taxo_43_s,l10n_pt_apo.pt_taxo_13_m","True","","Fornecedores TP - Fornecedores Gerais - Mercado Nacional"
"chart_22212","22212","Suppliers TP - General Suppliers - Intracommunity Market","liability_current","l10n_pt_apo.pt_taxo_43_s,l10n_pt_apo.pt_taxo_13_m","True","","Fornecedores TP - Fornecedores Gerais - Mercado Intracomunitário"
"chart_22213","22213","Suppliers TP - General Suppliers - Extracommunity Market","liability_current","l10n_pt_apo.pt_taxo_43_s,l10n_pt_apo.pt_taxo_13_m","True","","Fornecedores TP - Fornecedores Gerais - Mercado Extracomunitário"
"chart_2222","2222","Suppliers - Mother Company","liability_payable",,"True","","Fornecedores - empresa-mãe","True"
"chart_22221","22221","Suppliers TP - Mother Company - National Market","liability_payable","l10n_pt_apo.pt_taxo_44_s,l10n_pt_apo.pt_taxo_13_m","True","","Fornecedores TP - Empresa Mãe - Mercado Nacional"
"chart_22222","22222","Suppliers TP - Mother Company - Intracommunity Market","liability_payable","l10n_pt_apo.pt_taxo_44_s,l10n_pt_apo.pt_taxo_13_m","True","","Fornecedores TP - Empresa Mãe - Mercado Intracomunitário"
"chart_22223","22223","Suppliers TP - Mother Company - Extracommunity Market","liability_payable","l10n_pt_apo.pt_taxo_44_s,l10n_pt_apo.pt_taxo_13_m","True","","Fornecedores TP - Empresa Mãe - Mercado Extracomunitário"
"chart_2223","2223","Suppliers - Subsidiary Companies","liability_payable",,"True","","Fornecedores - empresas subsidiárias","True"
"chart_22231","22231","Suppliers TP - Subsidiary Companies - National Market","liability_payable","l10n_pt_apo.pt_taxo_45_s,l10n_pt_apo.pt_taxo_13_m","True","","Fornecedores TP - Empresas Subsidiárias - Mercado Nacional"
"chart_22232","22232","Suppliers TP - Subsidiary Companies - Intracommunity Market","liability_payable","l10n_pt_apo.pt_taxo_45_s,l10n_pt_apo.pt_taxo_13_m","True","","Fornecedores TP - Empresas Subsidiárias - Mercado Intracomunitário"
"chart_22233","22233","Suppliers TP - Subsidiary Companies - Extracommunity Market","liability_payable","l10n_pt_apo.pt_taxo_45_s,l10n_pt_apo.pt_taxo_13_m","True","","Fornecedores TP - Empresas Subsidiárias - Mercado Extracomunitário"
"chart_2224","2224","Suppliers - Associated Companies","liability_payable",,"True","","Fornecedores - empresas associadas","True"
"chart_22241","22241","Suppliers TP - Associated Companies - National Market","liability_payable","l10n_pt_apo.pt_taxo_46_s,l10n_pt_apo.pt_taxo_13_m","True","","Fornecedores TP - Empresas Associadas - Mercado Nacional"
"chart_22242","22242","Suppliers TP - Associated Companies - Intracommunity Market","liability_payable","l10n_pt_apo.pt_taxo_46_s,l10n_pt_apo.pt_taxo_13_m","True","","Fornecedores TP - Empresas Associadas - Mercado Intracomunitário"
"chart_22243","22243","Suppliers TP - Associated Companies - Extracommunity Market","liability_payable","l10n_pt_apo.pt_taxo_46_s,l10n_pt_apo.pt_taxo_13_m","True","","Fornecedores TP - Empresas Associadas - Mercado Extracomunitário"
"chart_2225","2225","Suppliers - Joint Enterprises","liability_payable",,"True","","Fornecedores - empreendimentos conjuntos","True"
"chart_22251","22251","Suppliers TP - Joint Enterprises - National Market","liability_payable","l10n_pt_apo.pt_taxo_47_s,l10n_pt_apo.pt_taxo_13_m","True","","Fornecedores TP - Empreendimento Conjunto - Mercado Nacional"
"chart_22252","22252","Suppliers TP - Joint Enterprises - Intracommunity Market","liability_payable","l10n_pt_apo.pt_taxo_47_s,l10n_pt_apo.pt_taxo_13_m","True","","Fornecedores TP - Empreendimento Conjunto - Mercado Intracomunitário"
"chart_22253","22253","Suppliers TP - Joint Enterprises - Extracommunity Market","liability_payable","l10n_pt_apo.pt_taxo_47_s,l10n_pt_apo.pt_taxo_13_m","True","","Fornecedores TP - Empreendimento Conjunto - Mercado Extracomunitário"
"chart_2226","2226","Suppliers - Other Related Parties","liability_payable",,"True","","Fornecedores - outras partes relacionadas","True"
"chart_22261","22261","Suppliers TP - Other Related Parties - National Market","liability_payable","l10n_pt_apo.pt_taxo_48_s,l10n_pt_apo.pt_taxo_13_m","True","","Fornecedores TP - Outras Partes Relacionadas - Mercado Nacional"
"chart_22262","22262","Suppliers TP - Other Related Parties - Intracommunity Market","liability_payable","l10n_pt_apo.pt_taxo_48_s,l10n_pt_apo.pt_taxo_13_m","True","","Fornecedores TP - Outras Partes Relacionadas - Mercado Intracomunitário"
"chart_22263","22263","Suppliers TP - Other Related Parties - Extracommunity Market","liability_payable","l10n_pt_apo.pt_taxo_48_s,l10n_pt_apo.pt_taxo_13_m","True","","Fornecedores TP - Outras Partes Relacionadas - Mercado Extracomunitário"
"chart_225","225","Invoices Received and Checked","liability_payable",,"True","","Faturas em receção e conferência","True"
"chart_2251","2251","Fornecedores - Invoices Received and Checked - Mercado Nacional","liability_payable","l10n_pt_apo.pt_taxo_50_s,l10n_pt_apo.pt_taxo_15_m","True","","Fornecedores - Faturas em Receção e Conferência - Mercado Nacional"
"chart_2252","2252","Fornecedores - Invoices Received and Checked - Mercado Intracomunitário","liability_payable","l10n_pt_apo.pt_taxo_50_s,l10n_pt_apo.pt_taxo_15_m","True","","Fornecedores - Faturas em Receção e Conferência - Mercado Intracomunitário"
"chart_2253","2253","Fornecedores - Invoices Received and Checked - Mercado Extracomunitário","liability_payable","l10n_pt_apo.pt_taxo_50_s,l10n_pt_apo.pt_taxo_15_m","True","","Fornecedores - Faturas em Receção e Conferência - Mercado Extracomunitário"
"chart_228","228","Advances to suppliers","liability_payable",,"True","","Adiantamentos a fornecedores","True"
"chart_2281","2281","Fornecedores - Adiantamentos - Mercado Nacional","liability_payable","l10n_pt_apo.pt_taxo_51_s,l10n_pt_apo.pt_taxo_16_m","True","","Fornecedores - Adiantamentos - Mercado Nacional"
"chart_2282","2282","Fornecedores - Adiantamentos - Mercado Intracomunitário","liability_payable","l10n_pt_apo.pt_taxo_51_s,l10n_pt_apo.pt_taxo_16_m","True","","Fornecedores - Adiantamentos - Mercado Intracomunitário"
"chart_2283","2283","Fornecedores - Adiantamentos - Mercado Extracomunitário","liability_payable","l10n_pt_apo.pt_taxo_51_s,l10n_pt_apo.pt_taxo_16_m","True","","Fornecedores - Adiantamentos - Mercado Extracomunitário"
"chart_229","229","Accumulated impairment losses","liability_payable",,"True","","Perdas por imparidade acumuladas","True"
"chart_22911","22911","PIA - Fornecedores Gerais - Mercado Nacional","liability_payable","l10n_pt_apo.pt_taxo_52_s,l10n_pt_apo.pt_taxo_17_m","True","","PIA - Fornecedores Gerais - Mercado Nacional"
"chart_22912","22912","PIA - Fornecedores Gerais - Mercado Intracomunitário","liability_payable","l10n_pt_apo.pt_taxo_52_s,l10n_pt_apo.pt_taxo_17_m","True","","PIA - Fornecedores Gerais - Mercado Intracomunitário"
"chart_22913","22913","PIA - Fornecedores Gerais - Mercado Extracomunitário","liability_payable","l10n_pt_apo.pt_taxo_52_s,l10n_pt_apo.pt_taxo_17_m","True","","PIA - Fornecedores Gerais - Mercado Extracomunitário"
"chart_22921","22921","PIA - Fornecedores Empresa Mãe - Mercado Nacional","liability_payable","l10n_pt_apo.pt_taxo_52_s,l10n_pt_apo.pt_taxo_17_m","True","","PIA - Fornecedores Empresa Mãe - Mercado Nacional"
"chart_22922","22922","PIA - Fornecedores Empresa Mãe - Mercado Intracomunitário","liability_payable","l10n_pt_apo.pt_taxo_52_s,l10n_pt_apo.pt_taxo_17_m","True","","PIA - Fornecedores Empresa Mãe - Mercado Intracomunitário"
"chart_22923","22923","PIA - Fornecedores Empresa Mãe - Mercado Extracomunitário","liability_payable","l10n_pt_apo.pt_taxo_52_s,l10n_pt_apo.pt_taxo_17_m","True","","PIA - Fornecedores Empresa Mãe - Mercado Extracomunitário"
"chart_22931","22931","PIA - Fornecedores Empresas Subsidiárias - Mercado Nacional","liability_payable","l10n_pt_apo.pt_taxo_52_s,l10n_pt_apo.pt_taxo_17_m","True","","PIA - Fornecedores Empresas Subsidiárias - Mercado Nacional"
"chart_22932","22932","PIA - Fornecedores Empresas Subsidiárias - Mercado Intracomunitário","liability_payable","l10n_pt_apo.pt_taxo_52_s,l10n_pt_apo.pt_taxo_17_m","True","","PIA - Fornecedores Empresas Subsidiárias - Mercado Intracomunitário"
"chart_22933","22933","PIA - Fornecedores Empresas Subsidiárias - Mercado Extracomunitário","liability_payable","l10n_pt_apo.pt_taxo_52_s,l10n_pt_apo.pt_taxo_17_m","True","","PIA - Fornecedores Empresas Subsidiárias - Mercado Extracomunitário"
"chart_22941","22941","PIA - Fornecedores Empresas Associadas - Mercado Nacional","liability_payable","l10n_pt_apo.pt_taxo_52_s,l10n_pt_apo.pt_taxo_17_m","True","","PIA - Fornecedores Empresas Associadas - Mercado Nacional"
"chart_22942","22942","PIA - Fornecedores Empresas Associadas - Mercado Intracomunitário","liability_payable","l10n_pt_apo.pt_taxo_52_s,l10n_pt_apo.pt_taxo_17_m","True","","PIA - Fornecedores Empresas Associadas - Mercado Intracomunitário"
"chart_22943","22943","PIA - Fornecedores Empresas Associadas - Mercado Extracomunitário","liability_payable","l10n_pt_apo.pt_taxo_52_s,l10n_pt_apo.pt_taxo_17_m","True","","PIA - Fornecedores Empresas Associadas - Mercado Extracomunitário"
"chart_22951","22951","PIA - Fornecedores Empreendimento Conjunto - Mercado Nacional","liability_payable","l10n_pt_apo.pt_taxo_52_s,l10n_pt_apo.pt_taxo_17_m","True","","PIA - Fornecedores Empreendimento Conjunto - Mercado Nacional"
"chart_22952","22952","PIA - Fornecedores Empreendimento Conjunto - Mercado Intracomunitário","liability_payable","l10n_pt_apo.pt_taxo_52_s,l10n_pt_apo.pt_taxo_17_m","True","","PIA - Fornecedores Empreendimento Conjunto - Mercado Intracomunitário"
"chart_22953","22953","PIA - Fornecedores Empreendimento Conjunto - Mercado Extracomunitário","liability_payable","l10n_pt_apo.pt_taxo_52_s,l10n_pt_apo.pt_taxo_17_m","True","","PIA - Fornecedores Empreendimento Conjunto - Mercado Extracomunitário"
"chart_22961","22961","PIA - Fornecedores Outras Partes Relacionadas - Mercado Nacional","liability_payable","l10n_pt_apo.pt_taxo_52_s,l10n_pt_apo.pt_taxo_17_m","True","","PIA - Fornecedores Outras Partes Relacionadas - Mercado Nacional"
"chart_22962","22962","PIA - Fornecedores Outras Partes Relacionadas - Mercado Intracomunitário","liability_payable","l10n_pt_apo.pt_taxo_52_s,l10n_pt_apo.pt_taxo_17_m","True","","PIA - Fornecedores Outras Partes Relacionadas - Mercado Intracomunitário"
"chart_22963","22963","PIA - Fornecedores Outras Partes Relacionadas - Mercado Extracomunitário","liability_payable","l10n_pt_apo.pt_taxo_52_s,l10n_pt_apo.pt_taxo_17_m","True","","PIA - Fornecedores Outras Partes Relacionadas - Mercado Extracomunitário"
"chart_2311","2311","To corporate bodies","liability_current","l10n_pt_apo.pt_taxo_53_s,l10n_pt_apo.pt_taxo_18_m","False","","Aos órgãos sociais"
"chart_2312","2312","Staff","liability_current","l10n_pt_apo.pt_taxo_54_s,l10n_pt_apo.pt_taxo_19_m","False","","Ao pessoal"
"chart_2321","2321","To corporate bodies","liability_current","l10n_pt_apo.pt_taxo_55_s,l10n_pt_apo.pt_taxo_20_m","False","","Aos órgãos sociais"
"chart_2322","2322","Staff","liability_current","l10n_pt_apo.pt_taxo_56_s,l10n_pt_apo.pt_taxo_21_m","False","","Ao pessoal"
"chart_23711","23711","Of corporate bodies (current)","liability_current","l10n_pt_apo.pt_taxo_57_s","False","","Dos órgãos sociais (CORRENTE)"
"chart_23712","23712","Of corporate bodies (non-current)","liability_current","l10n_pt_apo.pt_taxo_57_s","False","","Dos órgãos sociais (NÃO CORRENTE)"
"chart_23721","23721","Of staff (current)","liability_current","l10n_pt_apo.pt_taxo_59_s","False","","Do pessoal (CORRENTE)"
"chart_23722","23722","Of staff (non-current)","liability_non_current","l10n_pt_apo.pt_taxo_59_s","False","","Do pessoal (NÃO CORRENTE)"
"chart_23811","23811","Outras Operações com os Órgãos Sociais - Corrente","liability_current","","False","","Outras Operações com os Órgãos Sociais - Corrente"
"chart_23812","23812","Outras Operações com os Órgãos Sociais - Não Corrente","liability_non_current","l10n_pt_apo.pt_taxo_23_m","False","","Outras Operações com os Órgãos Sociais - Não Corrente"
"chart_23821","23821","Outras Operações com o Pessoal - Corrente","liability_current","","False","","Outras Operações com o Pessoal - Corrente"
"chart_23822","23822","Outras Operações com o Pessoal - Não Corrente","liability_non_current","l10n_pt_apo.pt_taxo_25_m","False","","Outras Operações com o Pessoal - Não Corrente"
"chart_23911","23911","To corporate bodies","liability_current",,"False","","Aos órgãos sociais","True"
"chart_239111","239111","PIA Aceites Fiscalmente - Adiantamentos aos Órgãos Sociais","liability_current","l10n_pt_apo.pt_taxo_65_s,l10n_pt_apo.pt_taxo_26_m","False","","PIA Aceites Fiscalmente - Adiantamentos aos Órgãos Sociais"
"chart_239112","239112","PIA Aceites Fiscalmente - Adiantamentos ao Pessoal","liability_current","l10n_pt_apo.pt_taxo_65_s,l10n_pt_apo.pt_taxo_26_m","False","","PIA Aceites Fiscalmente - Adiantamentos ao Pessoal"
"chart_23912","23912","Staff","liability_current",,"False","","Ao pessoal","True"
"chart_2391211","2391211","PIA Aceites Fiscalmente - Outras Operações Aos Órgãos Sociais - Corrente","liability_current","l10n_pt_apo.pt_taxo_65_s,l10n_pt_apo.pt_taxo_26_m","False","","PIA Aceites Fiscalmente - Outras Operações Aos Órgãos Sociais - Corrente"
"chart_2391212","2391212","PIA Aceites Fiscalmente - Outras Operações Aos Órgãos Sociais - Não Corrente","liability_non_current","l10n_pt_apo.pt_taxo_65_s,l10n_pt_apo.pt_taxo_26_m","False","","PIA Aceites Fiscalmente - Outras Operações Aos Órgãos Sociais - Não Corrente"
"chart_2391221","2391221","PIA Aceites Fiscalmente - Outras Operações ao Pessoal - Corrente","liability_current","l10n_pt_apo.pt_taxo_65_s,l10n_pt_apo.pt_taxo_26_m","False","","PIA Aceites Fiscalmente - Outras Operações ao Pessoal - Corrente"
"chart_2391222","2391222","PIA Aceites Fiscalmente - Outras Operações ao Pessoal - Não Corrente","liability_non_current","l10n_pt_apo.pt_taxo_65_s,l10n_pt_apo.pt_taxo_26_m","False","","PIA Aceites Fiscalmente - Outras Operações ao Pessoal - Não Corrente"
"chart_239211","239211","To corporate bodies (current)","liability_current","l10n_pt_apo.pt_taxo_66_s,l10n_pt_apo.pt_taxo_27_m","False","","Aos órgãos sociais (CORRENTE)"
"chart_239212","239212","To corporate bodies (non-current)","liability_current","l10n_pt_apo.pt_taxo_66_s,l10n_pt_apo.pt_taxo_27_m","False","","Ao órgãos sociais (NÃO CORRENTE)"
"chart_239222","239222","To staff (non-current)","liability_non_current",,"False","","Ao pessoal (NÃO CORRENTE)","True"
"chart_239221","239221","To staff (current)","liability_current",,"False","","Ao pessoal (CORRENTE)","True"
"chart_2392211","2392211","PIA não Aceites Fiscalmente - Outras Operações Aos Órgãos Sociais - Corrente","liability_current","l10n_pt_apo.pt_taxo_66_s,l10n_pt_apo.pt_taxo_27_m","False","","PIA não Aceites Fiscalmente - Outras Operações Aos Órgãos Sociais - Corrente"
"chart_2392212","2392212","PIA não Aceites Fiscalmente - Outras Operações Aos Órgãos Sociais - Não Corrente","liability_current","l10n_pt_apo.pt_taxo_66_s,l10n_pt_apo.pt_taxo_27_m","False","","PIA não Aceites Fiscalmente - Outras Operações Aos Órgãos Sociais - Não Corrente"
"chart_2392221","2392221","PIA não Aceites Fiscalmente -  Outras Operações ao Pessoal - Corrente","liability_current","l10n_pt_apo.pt_taxo_66_s,l10n_pt_apo.pt_taxo_27_m","False","","PIA não Aceites Fiscalmente -  Outras Operações ao Pessoal - Corrente"
"chart_2392222","2392222","PIA não Aceites Fiscalmente -  Outras Operações ao Pessoal - Não Corrente","liability_current","l10n_pt_apo.pt_taxo_66_s,l10n_pt_apo.pt_taxo_27_m","False","","PIA não Aceites Fiscalmente -  Outras Operações ao Pessoal - Não Corrente"
"chart_241","241","Income tax","liability_current",,"False","","Imposto sobre o rendimento","True"
"chart_2411","2411","Pagamentos por conta","liability_current","l10n_pt_apo.pt_taxo_71_s,l10n_pt_apo.pt_taxo_32_m","False","","Pagamentos por conta"
"chart_2413","2413","Pagamentos Adicionais por Conta","liability_current","l10n_pt_apo.pt_taxo_71_s,l10n_pt_apo.pt_taxo_32_m","False","","Pagamentos Adicionais por Conta"
"chart_2414","2414","Retenções Efetuadas por Terceiros","liability_current","l10n_pt_apo.pt_taxo_71_s,l10n_pt_apo.pt_taxo_32_m","False","","Retenções Efetuadas por Terceiros"
"chart_2415","2415","IRC Estimado","liability_current","l10n_pt_apo.pt_taxo_71_s,l10n_pt_apo.pt_taxo_32_m","False","","IRC Estimado"
"chart_2416","2416","IRC a Pagar","liability_current","l10n_pt_apo.pt_taxo_71_s,l10n_pt_apo.pt_taxo_32_m","False","","IRC a Pagar"
"chart_2417","2417","IRC a Recuperar","liability_current","l10n_pt_apo.pt_taxo_71_s,l10n_pt_apo.pt_taxo_32_m","False","","IRC a Recuperar"
"chart_242","242","Retention retention on income","asset_current",,"False","","Retenção de impostos sobre rendimentos","True"
"chart_24211","24211","Trabalho Dependente - Retenção IRS","liability_current","l10n_pt_apo.pt_taxo_72_s,l10n_pt_apo.pt_taxo_33_m","False","","Trabalho Dependente - Retenção IRS"
"chart_24212","24212","Trabalho Dependente - Sobretaxa","liability_current","l10n_pt_apo.pt_taxo_72_s,l10n_pt_apo.pt_taxo_33_m","False","","Trabalho Dependente - Sobretaxa"
"chart_2422","2422","Retenção Trab. Independentes - Categoria B","liability_payable","l10n_pt_apo.pt_taxo_72_s,l10n_pt_apo.pt_taxo_33_m","True",True,Retenção Trab. Independentes - Categoria B,
"chart_24231","24231","Capitais - Retenção IRS","liability_current","l10n_pt_apo.pt_taxo_72_s,l10n_pt_apo.pt_taxo_33_m","False","","Capitais - Retenção IRS"
"chart_24232","24232","Capitais - Retenção IRC","liability_current","l10n_pt_apo.pt_taxo_72_s,l10n_pt_apo.pt_taxo_33_m","False","","Capitais - Retenção IRC"
"chart_24241","24241","Prediais - Retenção IRS","liability_current","l10n_pt_apo.pt_taxo_72_s,l10n_pt_apo.pt_taxo_33_m","False","","Prediais - Retenção IRS"
"chart_24242","24242","Prediais - Retenção IRC","liability_current","l10n_pt_apo.pt_taxo_72_s,l10n_pt_apo.pt_taxo_33_m","False","","Prediais - Retenção IRC"
"chart_2425","2425","Retenção Rendimentos Incrementos Patrimoniais - Categoria G","liability_current","l10n_pt_apo.pt_taxo_72_s,l10n_pt_apo.pt_taxo_33_m","False","","Retenção Rendimentos Incrementos Patrimoniais - Categoria G"
"chart_2426","2426","Retenção Rendimentos Pensões - Categoria H","liability_current","l10n_pt_apo.pt_taxo_72_s,l10n_pt_apo.pt_taxo_33_m","False","","Retenção Rendimentos Pensões - Categoria H"
"chart_2431","2431","VAT - Supported","asset_current",,"False","","IVA - Suportado","True"
"chart_24311","24311","IVA Suportado - Inventários","liability_current","l10n_pt_apo.pt_taxo_73_s,l10n_pt_apo.pt_taxo_34_m","False","","IVA Suportado - Inventários"
"chart_24312","24312","IVA Suportado - Investimentos","liability_current","l10n_pt_apo.pt_taxo_73_s,l10n_pt_apo.pt_taxo_34_m","False","","IVA Suportado - Investimentos"
"chart_24313","24313","IVA Suportado - Outros bens e serviços","liability_current","l10n_pt_apo.pt_taxo_73_s,l10n_pt_apo.pt_taxo_34_m","False","","IVA Suportado - Outros bens e serviços"
"chart_2432","2432","VAT - Deductible","liability_current",,"False","","IVA - Dedutível","True"
"chart_24321","24321","IVA Dedutível - Inventários","liability_current","l10n_pt_apo.pt_taxo_74_s,l10n_pt_apo.pt_taxo_35_m","False","","IVA Dedutível - Inventários"
"chart_24322","24322","IVA Dedutível - Investimentos","liability_current","l10n_pt_apo.pt_taxo_74_s,l10n_pt_apo.pt_taxo_35_m","False","","IVA Dedutível - Investimentos"
"chart_24323","24323","IVA Dedutível - Outros bens e serviços","liability_current","l10n_pt_apo.pt_taxo_74_s,l10n_pt_apo.pt_taxo_35_m","False","","IVA Dedutível - Outros bens e serviços"
"chart_2433","2433","VAT - Liquidated","liability_current",,"False","","IVA - Liquidado","True"
"chart_24331","24331","IVA Liquidado - Inventários","liability_current","l10n_pt_apo.pt_taxo_75_s,l10n_pt_apo.pt_taxo_36_m","False","","IVA Liquidado - Inventários"
"chart_24332","24332","IVA Liquidado - Investimentos","liability_current","l10n_pt_apo.pt_taxo_75_s,l10n_pt_apo.pt_taxo_36_m","False","","IVA Liquidado - Investimentos"
"chart_24333","24333","IVA Liquidado - Outros bens e serviços","liability_current","l10n_pt_apo.pt_taxo_75_s,l10n_pt_apo.pt_taxo_36_m","False","","IVA Liquidado - Outros bens e serviços"
"chart_2434","2434","VAT - Regularization","asset_current",,"False","","IVA - Regularizações","True"
"chart_24341","24341","IVA Regularizações - a favor do sujeito passivo","asset_current","l10n_pt_apo.pt_taxo_76_s,l10n_pt_apo.pt_taxo_37_m","False","","IVA Regularizações - a favor do sujeito passivo"
"chart_24342","24342","IVA Regularizações - a favor do estado","liability_current","l10n_pt_apo.pt_taxo_76_s,l10n_pt_apo.pt_taxo_37_m","False","","IVA Regularizações - a favor do estado"
"chart_2435","2435","VAT - Clearance","liability_current","l10n_pt_apo.pt_taxo_77_s,l10n_pt_apo.pt_taxo_38_m","False","","IVA - Apuramento"
"chart_2436","2436","VAT - Payable","liability_payable","l10n_pt_apo.pt_taxo_78_s,l10n_pt_apo.pt_taxo_39_m",True,True,"IVA - A pagar"
"chart_2437","2437","VAT - Recovering","asset_receivable","l10n_pt_apo.pt_taxo_79_s,l10n_pt_apo.pt_taxo_40_m","True","True","IVA - A recuperar"
"chart_2438","2438","VAT - Refaults orders","asset_current","l10n_pt_apo.pt_taxo_80_s,l10n_pt_apo.pt_taxo_41_m","False","","IVA - Reembolsos pedidos"
"chart_2439","2439","VAT - Official settlements","asset_current","l10n_pt_apo.pt_taxo_81_s,l10n_pt_apo.pt_taxo_42_m","False","","IVA - Liquidações oficiosas"
"chart_244","244","Other taxes","asset_current","l10n_pt_apo.pt_taxo_82_s,l10n_pt_apo.pt_taxo_43_m","False","","Outros impostos"
"chart_245","245","Contributions to Social Security","liability_current",,"False","","Contribuições para a Segurança Social","True"
"chart_2451","2451","Contribuições para a Segurança Social - Orgãos sociais","liability_current","l10n_pt_apo.pt_taxo_83_s,l10n_pt_apo.pt_taxo_44_m","False","","Contribuições para a Segurança Social - Orgãos sociais"
"chart_2452","2452","Contribuições para a Segurança Social - Pessoal","liability_current","l10n_pt_apo.pt_taxo_83_s,l10n_pt_apo.pt_taxo_44_m","False","","Contribuições para a Segurança Social - Pessoal"
"chart_246","246","Taxes of local authorities","liability_current","l10n_pt_apo.pt_taxo_84_s,l10n_pt_apo.pt_taxo_45_m","False","","Tributos das autarquias locais"
"chart_2471","2471","Fundo Compensação (FCT)","liability_current","l10n_pt_apo.pt_taxo_85_s,l10n_pt_apo.pt_taxo_46_m","False","","Fundo Compensação (FCT)"
"chart_2472","2472","Fundo Garantia Salarial (FGCT)","liability_current","l10n_pt_apo.pt_taxo_85_s,l10n_pt_apo.pt_taxo_46_m","False","","Fundo Garantia Salarial (FGCT)"
"chart_248","248","Other taxes","liability_current","","False","","Outros impostos"
"chart_25111","25111","Bank loans (current)","liability_current","l10n_pt_apo.pt_taxo_86_s,l10n_pt_apo.pt_taxo_47_m","False","","Empréstimos bancários (CORRENTE)"
"chart_25112","25112","Bank loans (non-current)","liability_non_current","l10n_pt_apo.pt_taxo_86_s,l10n_pt_apo.pt_taxo_47_m","False","","Empréstimos bancários (NÃO CORRENTE)"
"chart_25121","25121","Bank discoveries (current)","liability_current","l10n_pt_apo.pt_taxo_88_s,l10n_pt_apo.pt_taxo_49_m","False","","Descobertos bancários (CORRENTE)"
"chart_25122","25122","Bank discoveries (non-current)","liability_non_current","l10n_pt_apo.pt_taxo_88_s,l10n_pt_apo.pt_taxo_49_m","False","","Descobertos bancários (NÃO CORRENTE)"
"chart_25131","25131","Financial Locations (current)","liability_current","l10n_pt_apo.pt_taxo_90_s,l10n_pt_apo.pt_taxo_51_m","False","","Locações financeiras(CORRENTE)"
"chart_25132","25132","Financial locations (non-current)","liability_non_current","l10n_pt_apo.pt_taxo_90_s,l10n_pt_apo.pt_taxo_51_m","False","","Locações financeiras(NÃO CORRENTE)"
"chart_25211","25211","Loans by obligations (current)","liability_current","l10n_pt_apo.pt_taxo_94_s","False","","Empréstimos por obrigações (CORRENTE)"
"chart_25212","25212","Loans by obligations (non-current)","liability_non_current","l10n_pt_apo.pt_taxo_94_s","False","","Empréstimos por obrigações (NÃO CORRENTE)"
"chart_25311","25311","Mother company - Supplies and other mutual (current)","liability_current","l10n_pt_apo.pt_taxo_98_s","False","","Empresa-mãe - Suprimentos e outros mútuos (CORRENTE)"
"chart_25312","25312","Mother company - Supplies and other mutual (non-current)","liability_non_current","l10n_pt_apo.pt_taxo_98_s","False","","Empresa-mãe - Suprimentos e outros mútuos (NÃO CORRENTE)"
"chart_25321","25321","Other participants - Supplies and other mutual (current)","liability_current","l10n_pt_apo.pt_taxo_100_s","False","","Outros participantes - Suprimentos e outros mútuos (CORRENTE)"
"chart_25322","25322","Other participants - Supplies and other mutual (non-current)","liability_non_current","l10n_pt_apo.pt_taxo_100_s","False","","Outros participantes - Suprimentos e outros mútuos (NÃO CORRENTE)"
"chart_2541","2541","Subsidiaries, associates and joint enterprises (current)","liability_current","l10n_pt_apo.pt_taxo_102_s","False","","Subsidiárias, associadas e empr. Conjuntos (CORRENTE)"
"chart_2542","2542","Subsidiaries, associates and joint enterprises (non-current)","liability_non_current","l10n_pt_apo.pt_taxo_102_s","False","","Subsidiárias, associadas e empr. Conjuntos (NÃO CORRENTE)"
"chart_2581","2581","Other financiers (current)","liability_current","l10n_pt_apo.pt_taxo_55_m","False","","Outros financiadores (CORRENTE)"
"chart_2582","2582","Other financiers (non-current)","liability_non_current","l10n_pt_apo.pt_taxo_55_m","False","","Outros financiadores (NÃO CORRENTE)"
"chart_261","261","Shareholders with subscription","liability_current","l10n_pt_apo.pt_taxo_106_s,l10n_pt_apo.pt_taxo_57_m","False","","Acionistas c/ subscrição"
"chart_262","2621","Unreleased quotas","liability_current","l10n_pt_apo.pt_taxo_107_s,l10n_pt_apo.pt_taxo_57_m","False","","Quotas não liberadas"
"chart_263","263","Advances due to profits","asset_prepayments","l10n_pt_apo.pt_taxo_108_s,l10n_pt_apo.pt_taxo_58_m","False","","Adiantamentos por conta de lucros"
"chart_264","264","Attributed results","liability_current","l10n_pt_apo.pt_taxo_109_s,l10n_pt_apo.pt_taxo_59_m","False","","Resultados atribuídos"
"chart_265","265","Available profits","liability_current","l10n_pt_apo.pt_taxo_110_s,l10n_pt_apo.pt_taxo_60_m","False","","Lucros disponíveis"
"chart_2661","2661","Loans granted - Mother company (current)","liability_current","l10n_pt_apo.pt_taxo_111_s,l10n_pt_apo.pt_taxo_60_m","False","","Empréstimos concedidos - empresa-mãe (CORRENTE)"
"chart_2662","2662","Loans granted - Mother company (non-current)","liability_non_current","l10n_pt_apo.pt_taxo_111_s,l10n_pt_apo.pt_taxo_60_m","False","","Empréstimos concedidos - empresa-mãe (NÃO CORRENTE)"
"chart_2681","2681","Other operations (current)","liability_current","","False","","Outras operações (CORRENTE)"
"chart_2682","2682","Other operations (non-current)","liability_non_current","","False","","Outras operações (NÃO CORRENTE)"
"chart_2691","2691","Shareholders with subscription","asset_current",,"False","","Acionistas c/ subscrição","True"
"chart_26911","26911","PIA - Aceite Fiscalmente - Acionistas c/ Subscrição","liability_current","l10n_pt_apo.pt_taxo_115_s,l10n_pt_apo.pt_taxo_63_m","False","","PIA - Aceite Fiscalmente - Acionistas c/ Subscrição"
"chart_26912","26912","PIA - Aceite Fiscalmente - Quotas não Liberadas","liability_current","l10n_pt_apo.pt_taxo_115_s,l10n_pt_apo.pt_taxo_63_m","False","","PIA - Aceite Fiscalmente - Quotas não Liberadas"
"chart_26913","26913","PIA - Aceite Fiscalmente - Adiantamentos por Conta de Lucros","liability_current","l10n_pt_apo.pt_taxo_115_s,l10n_pt_apo.pt_taxo_63_m","False","","PIA - Aceite Fiscalmente - Adiantamentos por Conta de Lucros"
"chart_26914","26914","PIA - Aceite Fiscalmente - Resultados Atribuídos","liability_current","l10n_pt_apo.pt_taxo_115_s,l10n_pt_apo.pt_taxo_63_m","False","","PIA - Aceite Fiscalmente - Resultados Atribuídos"
"chart_26915","26915","PIA - Aceite Fiscalmente - Lucros Disponíveis","liability_current","l10n_pt_apo.pt_taxo_115_s,l10n_pt_apo.pt_taxo_63_m","False","","PIA - Aceite Fiscalmente - Lucros Disponíveis"
"chart_269161","269161","PIA - Aceite Fiscalmente - Empréstimos Concedidos - Empresa-Mãe - Corrente","liability_current","l10n_pt_apo.pt_taxo_115_s,l10n_pt_apo.pt_taxo_63_m","False","","PIA - Aceite Fiscalmente - Empréstimos Concedidos - Empresa-Mãe - Corrente"
"chart_269162","269162","PIA - Aceite Fiscalmente - Empréstimos Concedidos - Empresa-Mãe - Não Corrente","liability_non_current","l10n_pt_apo.pt_taxo_115_s,l10n_pt_apo.pt_taxo_63_m","False","","PIA - Aceite Fiscalmente - Empréstimos Concedidos - Empresa-Mãe - Não Corrente"
"chart_269171","269171","PIA - Aceite Fiscalmente - Outras Operações - Corrente","liability_current","l10n_pt_apo.pt_taxo_115_s,l10n_pt_apo.pt_taxo_63_m","False","","PIA - Aceite Fiscalmente - Outras Operações - Corrente"
"chart_269172","269172","PIA - Aceite Fiscalmente - Outras Operações - Não Corrente","liability_non_current","l10n_pt_apo.pt_taxo_115_s,l10n_pt_apo.pt_taxo_63_m","False","","PIA - Aceite Fiscalmente - Outras Operações - Não Corrente"
"chart_2692","2692","Unplorer Quotas","asset_current",,"False","","Quotas não liberadas","True"
"chart_26921","26921","PIA - Não Aceite Fiscalmente - Acionistas c/ Subscrição","liability_current","l10n_pt_apo.pt_taxo_116_s,l10n_pt_apo.pt_taxo_64_m","False","","PIA - Não Aceite Fiscalmente - Acionistas c/ Subscrição"
"chart_26922","26922","PIA - Não Aceite Fiscalmente - Quotas não Liberadas","liability_current","l10n_pt_apo.pt_taxo_116_s,l10n_pt_apo.pt_taxo_64_m","False","","PIA - Não Aceite Fiscalmente - Quotas não Liberadas"
"chart_26923","26923","PIA - Não Aceite Fiscalmente - Adiantamentos por Conta de Lucros","liability_current","l10n_pt_apo.pt_taxo_116_s,l10n_pt_apo.pt_taxo_64_m","False","","PIA - Não Aceite Fiscalmente - Adiantamentos por Conta de Lucros"
"chart_26924","26924","PIA - Não Aceite Fiscalmente - Resultados Atribuídos","liability_current","l10n_pt_apo.pt_taxo_116_s,l10n_pt_apo.pt_taxo_64_m","False","","PIA - Não Aceite Fiscalmente - Resultados Atribuídos"
"chart_26925","26925","PIA - Não Aceite Fiscalmente - Lucros Disponíveis","liability_current","l10n_pt_apo.pt_taxo_116_s,l10n_pt_apo.pt_taxo_64_m","False","","PIA - Não Aceite Fiscalmente - Lucros Disponíveis"
"chart_269261","269261","PIA - Não Aceite Fiscalmente - Empréstimos Concedidos - Empresa-Mãe - Corrente","liability_current","l10n_pt_apo.pt_taxo_116_s,l10n_pt_apo.pt_taxo_64_m","False","","PIA - Não Aceite Fiscalmente - Empréstimos Concedidos - Empresa-Mãe - Corrente"
"chart_269262","269262","PIA - Não Aceite Fiscalmente - Empréstimos Concedidos - Empresa-Mãe - Não Corrente","liability_non_current","l10n_pt_apo.pt_taxo_116_s,l10n_pt_apo.pt_taxo_64_m","False","","PIA - Não Aceite Fiscalmente - Empréstimos Concedidos - Empresa-Mãe - Não Corrente"
"chart_269271","269271","PIA - Não Aceite Fiscalmente - Outras Operações - Corrente","liability_current","l10n_pt_apo.pt_taxo_116_s,l10n_pt_apo.pt_taxo_64_m","False","","PIA - Não Aceite Fiscalmente - Outras Operações - Corrente"
"chart_269272","269272","PIA - Não Aceite Fiscalmente - Outras Operações - Não Corrente","liability_non_current","l10n_pt_apo.pt_taxo_116_s,l10n_pt_apo.pt_taxo_64_m","False","","PIA - Não Aceite Fiscalmente - Outras Operações - Não Corrente"
"chart_27111","27111","Investment suppliers - General accounts (current)","liability_current","l10n_pt_apo.pt_taxo_124_s,l10n_pt_apo.pt_taxo_69_m","False","","Fornecedores de investimentos - contas gerais (CORRENTE)"
"chart_27112","27112","Investment suppliers - General accounts (non-current)","liability_non_current","l10n_pt_apo.pt_taxo_124_s,l10n_pt_apo.pt_taxo_69_m","False","","Fornecedores de investimentos - contas gerais (NÃO CORRENTE)"
"chart_27121","27121","Invoices received and checked (current)","liability_current","l10n_pt_apo.pt_taxo_126_s,l10n_pt_apo.pt_taxo_71_m","False","","Faturas em receção e conferência (CORRENTE)"
"chart_27122","27122","Invoices received and checked (non-current)","liability_non_current","l10n_pt_apo.pt_taxo_126_s,l10n_pt_apo.pt_taxo_71_m","False","","Faturas em receção e conferência (NÃO CORRENTE)"
"chart_27131","27131","Advances to investment suppliers (current)","asset_prepayments","l10n_pt_apo.pt_taxo_128_s,l10n_pt_apo.pt_taxo_73_m","False","","Adiantamentos a fornecedores de investimentos (CORRENTE)"
"chart_27132","27132","Advances to investment suppliers (non-current)","asset_prepayments","l10n_pt_apo.pt_taxo_128_s,l10n_pt_apo.pt_taxo_73_m","False","","Adiantamentos a fornecedores de investimentos (NÃO CORRENTE)"
"chart_2721","2721","Debtors for income additions","asset_current","l10n_pt_apo.pt_taxo_130_s,l10n_pt_apo.pt_taxo_75_m","False","","Devedores por acréscimos de rendimentos"
"chart_2722","2722","Creditors by expenditure","liability_current","l10n_pt_apo.pt_taxo_131_s,l10n_pt_apo.pt_taxo_76_m","False","","Credores por acréscimos de gastos"
"chart_273","273","Post-employment benefits","asset_current","l10n_pt_apo.pt_taxo_132_s,l10n_pt_apo.pt_taxo_76_m","False","","Benefícios pós-emprego"
"chart_2741","2741","Deferred taxes","asset_current","l10n_pt_apo.pt_taxo_133_s,l10n_pt_apo.pt_taxo_76_m","False","","Ativos por impostos diferidos"
"chart_2742","2742","Passive by deferred taxes","liability_current","l10n_pt_apo.pt_taxo_134_s,l10n_pt_apo.pt_taxo_76_m","False","","Passivos por impostos diferidos"
"chart_2751","2751","Creditors for unreleased subscriptions (current)","liability_current","l10n_pt_apo.pt_taxo_135_s,l10n_pt_apo.pt_taxo_76_m","False","","Credores por subscrições não liberadas (CORRENTE)"
"chart_2752","2752","Creditors for unreleased subscriptions (non-current)","liability_non_current","l10n_pt_apo.pt_taxo_135_s,l10n_pt_apo.pt_taxo_76_m","False","","Credores por subscrições não liberadas (NÃO CORRENTE)"
"chart_276","276","Advances due to sales","asset_prepayments","l10n_pt_apo.pt_taxo_137_s,l10n_pt_apo.pt_taxo_77_m","False","","Adiantamentos por conta de vendas"
"chart_2781","2781","Other debtors and creditors (current)","liability_current","l10n_pt_apo.pt_taxo_78_m","False","","Outros devedores e credores (CORRENTE)"
"chart_2782","2782","Other debtors and creditors (non-current)","liability_non_current","l10n_pt_apo.pt_taxo_78_m","False","","Outros devedores e credores (NÃO CORRENTE)"
"chart_27911","27911","Advances to investment suppliers (current)","asset_current",,"False","","Adiantamentos a fornecedores de investimentos (CORRENTE)","True"
"chart_279111","279111","PIA - Aceite Fiscalmente - Fornecedores de Investimento - Corrente","liability_current","l10n_pt_apo.pt_taxo_140_s,l10n_pt_apo.pt_taxo_80_m","False","","PIA - Aceite Fiscalmente - Fornecedores de Investimento - Corrente"
"chart_279112","279112","PIA - Aceite Fiscalmente - Fornecedores de Investimento - Não Corrente","liability_non_current","l10n_pt_apo.pt_taxo_140_s,l10n_pt_apo.pt_taxo_80_m","False","","PIA - Aceite Fiscalmente - Fornecedores de Investimento - Não Corrente"
"chart_27912","27912","Advances to investment suppliers (non-current)","liability_current","l10n_pt_apo.pt_taxo_140_s,l10n_pt_apo.pt_taxo_80_m","False","","Adiantamentos a fornecedores de investimentos (NÃO CORRENTE)"
"chart_27913","27913","Impostos Diferidos","liability_current","l10n_pt_apo.pt_taxo_140_s,l10n_pt_apo.pt_taxo_80_m","False","","Impostos Diferidos"
"chart_279141","279141","PIA - Aceite Fiscalmente - Outros Devedores e Credores - Corrente","liability_current","l10n_pt_apo.pt_taxo_140_s,l10n_pt_apo.pt_taxo_80_m","False","","PIA - Aceite Fiscalmente - Outros Devedores e Credores - Corrente"
"chart_279142","279142","PIA - Aceite Fiscalmente - Outros Devedores e Credores - Não Corrente","liability_non_current","l10n_pt_apo.pt_taxo_140_s,l10n_pt_apo.pt_taxo_80_m","False","","PIA - Aceite Fiscalmente - Outros Devedores e Credores - Não Corrente"
"chart_2792","2792","Debtors and creditors for additions (economic periodization) - Debtors due to income accruals","asset_current",,"False","","Devedores e credores por acréscimos (periodização económica) - Dev por acréscimos de rendimentos","True"
"chart_279211","279211","PIA - Não Aceite Fiscalmente - Fornecedores de Investimento - Corrente","liability_current","l10n_pt_apo.pt_taxo_140_s,l10n_pt_apo.pt_taxo_82_m","False","","PIA - Não Aceite Fiscalmente - Fornecedores de Investimento - Corrente"
"chart_279212","279212","PIA - Não Aceite Fiscalmente - Fornecedores de Investimento - Não Corrente","liability_non_current","l10n_pt_apo.pt_taxo_140_s,l10n_pt_apo.pt_taxo_82_m","False","","PIA - Não Aceite Fiscalmente - Fornecedores de Investimento - Não Corrente"
"chart_27922","27922","Devedores e Credores por Acréscimos","liability_current","l10n_pt_apo.pt_taxo_140_s,l10n_pt_apo.pt_taxo_82_m","False","","Devedores e Credores por Acréscimos"
"chart_27923","27923","Impostos Diferidos","liability_current","l10n_pt_apo.pt_taxo_140_s,l10n_pt_apo.pt_taxo_82_m","False","","Impostos Diferidos"
"chart_279241","279241","PIA - Não Aceite Fiscalmente - Outros Devedores e Credores - Corrente","liability_current","l10n_pt_apo.pt_taxo_140_s,l10n_pt_apo.pt_taxo_82_m","False","","PIA - Não Aceite Fiscalmente - Outros Devedores e Credores - Corrente"
"chart_279242","279242","PIA - Não Aceite Fiscalmente - Outros Devedores e Credores - Não Corrente","liability_non_current","l10n_pt_apo.pt_taxo_140_s,l10n_pt_apo.pt_taxo_82_m","False","","PIA - Não Aceite Fiscalmente - Outros Devedores e Credores - Não Corrente"
"chart_281","281","Spending to recognize","asset_current","l10n_pt_apo.pt_taxo_146_s,l10n_pt_apo.pt_taxo_85_m","False","","Gastos a reconhecer"
"chart_282","282","Income to recognize","liability_current","l10n_pt_apo.pt_taxo_147_s,l10n_pt_apo.pt_taxo_86_m","False","","Rendimentos a reconhecer"
"chart_291","291","Taxes","liability_current","l10n_pt_apo.pt_taxo_148_s,l10n_pt_apo.pt_taxo_87_m","False","","Impostos"
"chart_292","292","Guarantees to customers","liability_current","l10n_pt_apo.pt_taxo_149_s,l10n_pt_apo.pt_taxo_88_m","False","","Garantias a clientes"
"chart_293","293","Ongoing judicial proceedings","liability_current","l10n_pt_apo.pt_taxo_150_s,l10n_pt_apo.pt_taxo_89_m","False","","Processos judiciais em curso"
"chart_294","294","Occupational accidents and professional diseases","liability_current","l10n_pt_apo.pt_taxo_151_s,l10n_pt_apo.pt_taxo_90_m","False","","Acidentes de trabalho e doenças profissionais"
"chart_295","295","Environmental materials","liability_current","l10n_pt_apo.pt_taxo_152_s,l10n_pt_apo.pt_taxo_90_m","False","","Matérias ambientais"
"chart_296","296","Costly","liability_current","l10n_pt_apo.pt_taxo_153_s,l10n_pt_apo.pt_taxo_90_m","False","","Contratos onerosos"
"chart_297","297","Restructuring","liability_current","l10n_pt_apo.pt_taxo_154_s,l10n_pt_apo.pt_taxo_90_m","False","","Reestruturação"
"chart_298","298","Other provisions","liability_current","l10n_pt_apo.pt_taxo_155_s,l10n_pt_apo.pt_taxo_91_m","False","","Outras provisões"
"chart_311","311","Goods","asset_current",,"False","","Mercadorias","True"
"chart_3111","3111","Compras - Mercadorias - Mercado Nacional","asset_current","l10n_pt_apo.pt_taxo_156_s,l10n_pt_apo.pt_taxo_92_m","False","","Compras - Mercadorias - Mercado Nacional"
"chart_3112","3112","Compras - Mercadorias - Mercado Intracomunitário","asset_current","l10n_pt_apo.pt_taxo_156_s,l10n_pt_apo.pt_taxo_92_m","False","","Compras - Mercadorias - Mercado Intracomunitário"
"chart_3113","3113","Compras - Mercadorias - Mercado Extracomunitário","asset_current","l10n_pt_apo.pt_taxo_156_s,l10n_pt_apo.pt_taxo_92_m","False","","Compras - Mercadorias - Mercado Extracomunitário"
"chart_312","312","Raw materials, subsidiaries and consumption","asset_current",,"False","","Matérias-primas, subsidiárias e de consumo","True"
"chart_3121","3121","Compras - Matérias-primas, Subsidiárias e de Consumo - Mercado Nacional","asset_current","l10n_pt_apo.pt_taxo_157_s,l10n_pt_apo.pt_taxo_93_m","False","","Compras - Matérias-primas, Subsidiárias e de Consumo - Mercado Nacional"
"chart_3122","3122","Compras - Matérias-primas, Subsidiárias e de Consumo - Mercado Intracomunitário","asset_current","l10n_pt_apo.pt_taxo_157_s,l10n_pt_apo.pt_taxo_93_m","False","","Compras - Matérias-primas, Subsidiárias e de Consumo - Mercado Intracomunitário"
"chart_3123","3123","Compras - Matérias-primas, Subsidiárias e de Consumo - Mercado Extracomunitário","asset_current","l10n_pt_apo.pt_taxo_157_s,l10n_pt_apo.pt_taxo_93_m","False","","Compras - Matérias-primas, Subsidiárias e de Consumo - Mercado Extracomunitário"
"chart_313","313","Biological assets","asset_current",,"False","","Ativos biológicos","True"
"chart_3131","3131","Compras - Ativos Biológicos - Mercado Nacional","asset_current","l10n_pt_apo.pt_taxo_158_s,l10n_pt_apo.pt_taxo_93_m","False","","Compras - Ativos Biológicos - Mercado Nacional"
"chart_3132","3132","Compras - Ativos Biológicos - Mercado Intracomunitário","asset_current","l10n_pt_apo.pt_taxo_158_s,l10n_pt_apo.pt_taxo_93_m","False","","Compras - Ativos Biológicos - Mercado Intracomunitário"
"chart_3133","3133","Compras - Ativos Biológicos - Mercado Extracomunitário","asset_current","l10n_pt_apo.pt_taxo_158_s,l10n_pt_apo.pt_taxo_93_m","False","","Compras - Ativos Biológicos - Mercado Extracomunitário"
"chart_3171","3171","Goods","asset_current",,"False","","Mercadorias","True"
"chart_31711","31711","Devoluções de Compras - Mercadorias - Mercado Nacional","asset_current","l10n_pt_apo.pt_taxo_159_s,l10n_pt_apo.pt_taxo_94_m","False","","Devoluções de Compras - Mercadorias - Mercado Nacional"
"chart_31712","31712","Devoluções de Compras - Mercadorias - Mercado Intracomunitário","asset_current","l10n_pt_apo.pt_taxo_159_s,l10n_pt_apo.pt_taxo_94_m","False","","Devoluções de Compras - Mercadorias - Mercado Intracomunitário"
"chart_31713","31713","Devoluções de Compras - Mercadorias - Mercado Extracomunitário","asset_current","l10n_pt_apo.pt_taxo_159_s,l10n_pt_apo.pt_taxo_94_m","False","","Devoluções de Compras - Mercadorias - Mercado Extracomunitário"
"chart_3172","3172","Raw materials, subsidiaries and consumption","asset_current",,"False","","Matérias-primas, subsidiárias e de consumo","True"
"chart_31721","31721","Devoluções de Compras - Matérias-primas, Subsidiárias e de Consumo - Mercado Nacional","asset_current","l10n_pt_apo.pt_taxo_160_s,l10n_pt_apo.pt_taxo_95_m","False","","Devoluções de Compras - Matérias-primas, Subsidiárias e de Consumo - Mercado Nacional"
"chart_31722","31722","Devoluções de Compras - Matérias-primas, Subsidiárias e de Consumo - Mercado Intracomunitário","asset_current","l10n_pt_apo.pt_taxo_160_s,l10n_pt_apo.pt_taxo_95_m","False","","Devoluções de Compras - Matérias-primas, Subsidiárias e de Consumo - Mercado Intracomunitário"
"chart_31723","31723","Devoluções de Compras - Matérias-primas, Subsidiárias e de Consumo - Mercado Extracomunitário","asset_current","l10n_pt_apo.pt_taxo_160_s,l10n_pt_apo.pt_taxo_95_m","False","","Devoluções de Compras - Matérias-primas, Subsidiárias e de Consumo - Mercado Extracomunitário"
"chart_3173","3173","Biological assets","asset_current",,"False","","Ativos biológicos","True"
"chart_31731","31731","Devoluções de Compras - Ativos Biológicos - Mercado Nacional","asset_current","l10n_pt_apo.pt_taxo_161_s,l10n_pt_apo.pt_taxo_95_m","False","","Devoluções de Compras - Ativos Biológicos - Mercado Nacional"
"chart_31732","31732","Devoluções de Compras - Ativos Biológicos - Mercado Intracomunitário","asset_current","l10n_pt_apo.pt_taxo_161_s,l10n_pt_apo.pt_taxo_95_m","False","","Devoluções de Compras - Ativos Biológicos - Mercado Intracomunitário"
"chart_31733","31733","Devoluções de Compras - Ativos Biológicos - Mercado Extracomunitário","asset_current","l10n_pt_apo.pt_taxo_161_s,l10n_pt_apo.pt_taxo_95_m","False","","Devoluções de Compras - Ativos Biológicos - Mercado Extracomunitário"
"chart_3181","3181","Goods","asset_current",,"False","","Mercadorias","True"
"chart_31811","31811","Descontos e Abatimentos em Compras - Mercadorias - Mercado Nacional","asset_current","l10n_pt_apo.pt_taxo_162_s,l10n_pt_apo.pt_taxo_96_m","False","","Descontos e Abatimentos em Compras - Mercadorias - Mercado Nacional"
"chart_31812","31812","Descontos e Abatimentos em Compras - Mercadorias - Mercado Intracomunitário","asset_current","l10n_pt_apo.pt_taxo_162_s,l10n_pt_apo.pt_taxo_96_m","False","","Descontos e Abatimentos em Compras - Mercadorias - Mercado Intracomunitário"
"chart_31813","31813","Descontos e Abatimentos em Compras - Mercadorias - Mercado Extracomunitário","asset_current","l10n_pt_apo.pt_taxo_162_s,l10n_pt_apo.pt_taxo_96_m","False","","Descontos e Abatimentos em Compras - Mercadorias - Mercado Extracomunitário"
"chart_3182","3182","Raw materials, subsidiaries and consumption","asset_current",,"False","","Matérias-primas, subsidiárias e de consumo","True"
"chart_31821","31821","Descontos e Abatimentos em Compras - Matérias-primas, Subsidiárias e de Consumo - Mercado Nacional","asset_current","l10n_pt_apo.pt_taxo_163_s,l10n_pt_apo.pt_taxo_97_m","False","","Descontos e Abatimentos em Compras - Matérias-primas, Subsidiárias e de Consumo - Mercado Nacional"
"chart_31822","31822","Descontos e Abatimentos em Compras - Matérias-primas, Subsidiárias e de Consumo - Mercado Intracomunitário","asset_current","l10n_pt_apo.pt_taxo_163_s,l10n_pt_apo.pt_taxo_97_m","False","","Descontos e Abatimentos em Compras - Matérias-primas, Subsidiárias e de Consumo - Mercado Intracomunitário"
"chart_31823","31823","Descontos e Abatimentos em Compras - Matérias-primas, Subsidiárias e de Consumo - Mercado Extracomunitário","asset_current","l10n_pt_apo.pt_taxo_163_s,l10n_pt_apo.pt_taxo_97_m","False","","Descontos e Abatimentos em Compras - Matérias-primas, Subsidiárias e de Consumo - Mercado Extracomunitário"
"chart_3183","3183","Biological assets","asset_current",,"False","","Ativos biológicos","True"
"chart_31831","31831","Descontos e Abatimentos em Compras - Ativos Biológicos - Mercado Nacional","asset_current","l10n_pt_apo.pt_taxo_164_s,l10n_pt_apo.pt_taxo_97_m","False","","Descontos e Abatimentos em Compras - Ativos Biológicos - Mercado Nacional"
"chart_31832","31832","Descontos e Abatimentos em Compras - Ativos Biológicos - Mercado Intracomunitário","asset_current","l10n_pt_apo.pt_taxo_164_s,l10n_pt_apo.pt_taxo_97_m","False","","Descontos e Abatimentos em Compras - Ativos Biológicos - Mercado Intracomunitário"
"chart_31833","31833","Descontos e Abatimentos em Compras - Ativos Biológicos - Mercado Extracomunitário","asset_current","l10n_pt_apo.pt_taxo_164_s,l10n_pt_apo.pt_taxo_97_m","False","","Descontos e Abatimentos em Compras - Ativos Biológicos - Mercado Extracomunitário"
"chart_321","321","Goods","asset_current","l10n_pt_apo.pt_taxo_165_s,l10n_pt_apo.pt_taxo_98_m","False","","Mercadorias"
"chart_325","3251","Transit goods","asset_current","l10n_pt_apo.pt_taxo_166_s,l10n_pt_apo.pt_taxo_99_m","False","","Mercadorias em trânsito"
"chart_326","3261","Third party goods","asset_current","l10n_pt_apo.pt_taxo_167_s,l10n_pt_apo.pt_taxo_100_m","False","","Mercadorias em poder de terceiros"
"chart_3291","3291","Goods","asset_current",,"False","","Mercadorias","True"
"chart_32911","32911","PIA - Aceite Fiscalmente - Mercadorias","asset_current","l10n_pt_apo.pt_taxo_168_s,l10n_pt_apo.pt_taxo_101_m","False","","PIA - Aceite Fiscalmente - Mercadorias"
"chart_32912","321912","PIA - Aceite Fiscalmente - Mercadorias em Trânsito","asset_current","l10n_pt_apo.pt_taxo_165_s,l10n_pt_apo.pt_taxo_98_m","False","","PIA - Aceite Fiscalmente - Mercadorias em Trânsito"
"chart_32913","32913","PIA - Aceite Fiscalmente - Mercadorias em Poder de Terceiros","asset_current","l10n_pt_apo.pt_taxo_168_s,l10n_pt_apo.pt_taxo_101_m","False","","PIA - Aceite Fiscalmente - Mercadorias em Poder de Terceiros"
"chart_3292","3292","Transit goods","asset_current",,"False","","Mercadorias em trânsito","True"
"chart_32921","32921","PIA - Não Aceite Fiscalmente - Mercadorias","asset_current","l10n_pt_apo.pt_taxo_169_s,l10n_pt_apo.pt_taxo_102_m","False","","PIA - Não Aceite Fiscalmente - Mercadorias"
"chart_32922","321922","PIA - Não Aceite Fiscalmente - Mercadorias em Trânsito","asset_current","l10n_pt_apo.pt_taxo_165_s,l10n_pt_apo.pt_taxo_98_m","False","","PIA - Não Aceite Fiscalmente - Mercadorias em Trânsito"
"chart_32923","32923","PIA - Não Aceite Fiscalmente - Mercadorias em Poder de Terceiros","asset_current","l10n_pt_apo.pt_taxo_169_s,l10n_pt_apo.pt_taxo_102_m","False","","PIA - Não Aceite Fiscalmente - Mercadorias em Poder de Terceiros"
"chart_331","331","Raw material","asset_current","l10n_pt_apo.pt_taxo_171_s,l10n_pt_apo.pt_taxo_104_m","False","","Matérias-primas"
"chart_332","332","Subsidiary","asset_current","l10n_pt_apo.pt_taxo_172_s,l10n_pt_apo.pt_taxo_105_m","False","","Matérias subsidiárias"
"chart_333","333","Packaging","asset_current","l10n_pt_apo.pt_taxo_173_s,l10n_pt_apo.pt_taxo_106_m","False","","Embalagens"
"chart_334","334","Miscellaneous materials","asset_current","l10n_pt_apo.pt_taxo_174_s,l10n_pt_apo.pt_taxo_107_m","False","","Materiais diversos"
"chart_335","335","Materials in transit","asset_current","l10n_pt_apo.pt_taxo_175_s,l10n_pt_apo.pt_taxo_108_m","False","","Matérias em trânsito"
"chart_3391","3391","Raw material","asset_current",,"False","","Matérias-primas","True"
"chart_33911","33911","PIA - Aceite Fiscalmente - Matérias-primas","asset_current","l10n_pt_apo.pt_taxo_177_s,l10n_pt_apo.pt_taxo_110_m","False","","PIA - Aceite Fiscalmente - Matérias-primas"
"chart_33912","33912","PIA - Aceite Fiscalmente - Matérias Subsidiárias","asset_current","l10n_pt_apo.pt_taxo_177_s,l10n_pt_apo.pt_taxo_110_m","False","","PIA - Aceite Fiscalmente - Matérias Subsidiárias"
"chart_33913","33913","PIA - Aceite Fiscalmente - Embalagens","asset_current","l10n_pt_apo.pt_taxo_177_s,l10n_pt_apo.pt_taxo_110_m","False","","PIA - Aceite Fiscalmente - Embalagens"
"chart_33914","33914","PIA - Aceite Fiscalmente - Materiais Diversos","asset_current","l10n_pt_apo.pt_taxo_177_s,l10n_pt_apo.pt_taxo_110_m","False","","PIA - Aceite Fiscalmente - Materiais Diversos"
"chart_33915","33915","PIA - Aceite Fiscalmente - Matérias em Trânsito","asset_current","l10n_pt_apo.pt_taxo_177_s,l10n_pt_apo.pt_taxo_110_m","False","","PIA - Aceite Fiscalmente - Matérias em Trânsito"
"chart_33916","33916","PIA - Aceite Fiscalmente - Outras Matérias-primas, Subsidiárias e de Consumo","asset_current","l10n_pt_apo.pt_taxo_177_s,l10n_pt_apo.pt_taxo_110_m","False","","PIA - Aceite Fiscalmente - Outras Matérias-primas, Subsidiárias e de Consumo"
"chart_3392","3392","Subsidiary","asset_current",,"False","","Matérias subsidiárias","True"
"chart_33921","33921","PIA - Não Aceite Fiscalmente - Matérias-primas","asset_current","l10n_pt_apo.pt_taxo_178_s,l10n_pt_apo.pt_taxo_111_m","False","","PIA - Não Aceite Fiscalmente - Matérias-primas"
"chart_33922","33922","PIA - Não Aceite Fiscalmente - Matérias Subsidiárias","asset_current","l10n_pt_apo.pt_taxo_178_s,l10n_pt_apo.pt_taxo_111_m","False","","PIA - Não Aceite Fiscalmente - Matérias Subsidiárias"
"chart_33923","33923","PIA - Não Aceite Fiscalmente - Embalagens","asset_current","l10n_pt_apo.pt_taxo_178_s,l10n_pt_apo.pt_taxo_111_m","False","","PIA - Não Aceite Fiscalmente - Embalagens"
"chart_33924","33924","PIA - Não Aceite Fiscalmente - Materiais Diversos","asset_current","l10n_pt_apo.pt_taxo_178_s,l10n_pt_apo.pt_taxo_111_m","False","","PIA - Não Aceite Fiscalmente - Materiais Diversos"
"chart_33925","33925","PIA - Não Aceite Fiscalmente - Matérias em Trânsito","asset_current","l10n_pt_apo.pt_taxo_178_s,l10n_pt_apo.pt_taxo_111_m","False","","PIA - Não Aceite Fiscalmente - Matérias em Trânsito"
"chart_33926","33926","PIA - Não Aceite Fiscalmente - Outras Matérias-primas, Subsidiárias e de Consumo","asset_current","l10n_pt_apo.pt_taxo_178_s,l10n_pt_apo.pt_taxo_111_m","False","","PIA - Não Aceite Fiscalmente - Outras Matérias-primas, Subsidiárias e de Consumo"
"chart_341","341","Finished and intermediate products","asset_current","l10n_pt_apo.pt_taxo_183_s,l10n_pt_apo.pt_taxo_116_m","False","","Produtos acabados e intermédios"
"chart_345","345","Produtos em Trânsito","asset_current","","False","","Produtos em Trânsito"
"chart_346","346","Products in the possession of third parties","asset_current","l10n_pt_apo.pt_taxo_184_s,l10n_pt_apo.pt_taxo_117_m","False","","Produtos em poder de terceiros"
"chart_3491","3491","Finished and intermediate products","asset_current",,"False","","Produtos acabados e intermédios","True"
"chart_34911","34911","PIA - Aceite Fiscalmente - Produtos Acabados e Intermédios","asset_current","l10n_pt_apo.pt_taxo_185_s,l10n_pt_apo.pt_taxo_118_m","False","","PIA - Aceite Fiscalmente - Produtos Acabados e Intermédios"
"chart_34912","34912","PIA - Aceite Fiscalmente - Produtos em Poder de Terceiros","asset_current","l10n_pt_apo.pt_taxo_185_s,l10n_pt_apo.pt_taxo_118_m","False","","PIA - Aceite Fiscalmente - Produtos em Poder de Terceiros"
"chart_3492","3492","Products in the possession of third parties","asset_current",,"False","","Produtos em poder de terceiros","True"
"chart_34921","34921","PIA - Não Aceite Fiscalmente - Produtos Acabados e Intermédios","asset_current","l10n_pt_apo.pt_taxo_186_s,l10n_pt_apo.pt_taxo_119_m","False","","PIA - Não Aceite Fiscalmente - Produtos Acabados e Intermédios"
"chart_34922","34922","PIA - Não Aceite Fiscalmente - Produtos em Poder de Terceiros","asset_current","l10n_pt_apo.pt_taxo_186_s,l10n_pt_apo.pt_taxo_119_m","False","","PIA - Não Aceite Fiscalmente - Produtos em Poder de Terceiros"
"chart_351","351","Byproducts","asset_current","l10n_pt_apo.pt_taxo_187_s,l10n_pt_apo.pt_taxo_120_m","False","","Subprodutos"
"chart_352","352","Waste, residues and refuses","asset_current","l10n_pt_apo.pt_taxo_188_s,l10n_pt_apo.pt_taxo_121_m","False","","Desperdícios, resíduos e refugos"
"chart_3591","3591","Byproducts","asset_current",,"False","","Subprodutos","True"
"chart_35911","35911","PIA - Aceite Fiscalmente - Subprodutos","asset_current","l10n_pt_apo.pt_taxo_190_s,l10n_pt_apo.pt_taxo_123_m","False","","PIA - Aceite Fiscalmente - Subprodutos"
"chart_35912","35912","PIA - Aceite Fiscalmente - Desperdícios, Resíduos e Refugos","asset_current","l10n_pt_apo.pt_taxo_190_s,l10n_pt_apo.pt_taxo_123_m","False","","PIA - Aceite Fiscalmente - Desperdícios, Resíduos e Refugos"
"chart_35913","35913","PIA - Aceite Fiscalmente - Outros Subprodutos, Desperdícios, Resíduos e Refugos","asset_current","l10n_pt_apo.pt_taxo_190_s,l10n_pt_apo.pt_taxo_123_m","False","","PIA - Aceite Fiscalmente - Outros Subprodutos, Desperdícios, Resíduos e Refugos"
"chart_3592","3592","Waste, residues and refuses","asset_current",,"False","","Desperdícios, resíduos e refugos","True"
"chart_35921","35921","PIA - Não Aceite Fiscalmente - Subprodutos","asset_current","l10n_pt_apo.pt_taxo_191_s,l10n_pt_apo.pt_taxo_124_m","False","","PIA - Não Aceite Fiscalmente - Subprodutos"
"chart_35922","35922","PIA - Não Aceite Fiscalmente - Desperdícios, Resíduos e Refugos","asset_current","l10n_pt_apo.pt_taxo_191_s,l10n_pt_apo.pt_taxo_124_m","False","","PIA - Não Aceite Fiscalmente - Desperdícios, Resíduos e Refugos"
"chart_35923","35923","PIA - Não Aceite Fiscalmente - Outros Subprodutos, Desperdícios, Resíduos e Refugos","asset_current","l10n_pt_apo.pt_taxo_191_s,l10n_pt_apo.pt_taxo_124_m","False","","PIA - Não Aceite Fiscalmente - Outros Subprodutos, Desperdícios, Resíduos e Refugos"
"chart_361","361","Products and work in progress","asset_current","l10n_pt_apo.pt_taxo_193_s,l10n_pt_apo.pt_taxo_126_m","False","","Produtos e trabalhos em curso"
"chart_369","369","Accumulated impairment losses","asset_current","l10n_pt_apo.pt_taxo_194_s,l10n_pt_apo.pt_taxo_127_m","False","","Perdas por imparidade acumuladas"
"chart_3711","3711","Animals","asset_current","l10n_pt_apo.pt_taxo_195_s,l10n_pt_apo.pt_taxo_127_m","False","","Animais"
"chart_3712","3712","Plant","asset_current","l10n_pt_apo.pt_taxo_196_s,l10n_pt_apo.pt_taxo_127_m","False","","Plantas"
"chart_3721","3721","Animals","asset_current","l10n_pt_apo.pt_taxo_197_s,l10n_pt_apo.pt_taxo_127_m","False","","Animais"
"chart_3722","3722","Plant","asset_current","l10n_pt_apo.pt_taxo_198_s,l10n_pt_apo.pt_taxo_127_m","False","","Plantas"
"chart_3781","3781","Consumables","asset_current","l10n_pt_apo.pt_taxo_199_s,l10n_pt_apo.pt_taxo_127_m","False","","Consumíveis"
"chart_3782","3782","Of production","asset_current","l10n_pt_apo.pt_taxo_200_s,l10n_pt_apo.pt_taxo_127_m","False","","De produção"
"chart_3791","3791","Consumables","asset_current","l10n_pt_apo.pt_taxo_201_s,l10n_pt_apo.pt_taxo_127_m","False","","Consumíveis"
"chart_3792","3792","Of production","asset_current","l10n_pt_apo.pt_taxo_202_s,l10n_pt_apo.pt_taxo_127_m","False","","De produção"
"chart_382","382","Goods","asset_current","l10n_pt_apo.pt_taxo_203_s,l10n_pt_apo.pt_taxo_128_m","False","","Mercadorias"
"chart_383","383","Raw materials, subsidiaries and consumption","asset_current","l10n_pt_apo.pt_taxo_204_s,l10n_pt_apo.pt_taxo_129_m","False","","Matérias-primas, subsidiárias e de consumo"
"chart_384","384","Finished and intermediate products","asset_current","l10n_pt_apo.pt_taxo_205_s,l10n_pt_apo.pt_taxo_130_m","False","","Produtos acabados e intermédios"
"chart_385","385","Byproducts, waste, residues and refuses","asset_current","l10n_pt_apo.pt_taxo_206_s,l10n_pt_apo.pt_taxo_131_m","False","","Subprodutos, desperdícios, resíduos e refugos"
"chart_386","386","Products and work in progress","asset_current","l10n_pt_apo.pt_taxo_207_s,l10n_pt_apo.pt_taxo_132_m","False","","Produtos e trabalhos em curso"
"chart_387","387","Biological assets","asset_current","l10n_pt_apo.pt_taxo_208_s,l10n_pt_apo.pt_taxo_132_m","False","","Ativos biológicos"
"chart_391","391","Goods","asset_current","l10n_pt_apo.pt_taxo_215_s,l10n_pt_apo.pt_taxo_133_m","False","","Mercadorias"
"chart_392","392","Raw materials, subsidiaries and consumption","asset_current","l10n_pt_apo.pt_taxo_215_s,l10n_pt_apo.pt_taxo_134_m","False","","Matérias-primas, subsidiárias e de consumo"
"chart_393","393","Finished and intermediate products","asset_current","l10n_pt_apo.pt_taxo_215_s,l10n_pt_apo.pt_taxo_135_m","False","","Produtos acabados e intermédios"
"chart_394","394","Byproducts, waste, residues and refuses","asset_current","l10n_pt_apo.pt_taxo_215_s,l10n_pt_apo.pt_taxo_136_m","False","","Subprodutos, desperdícios, resíduos e refugos"
"chart_395","395","Products and work in progress","asset_current","l10n_pt_apo.pt_taxo_215_s,l10n_pt_apo.pt_taxo_137_m","False","","Produtos e trabalhos em curso"
"chart_396","396","Consumable biological assets","asset_current",,"False","","Ativos biológicos consumíveis","True"
"chart_3961","3961","Adiantamentos por Conta de Compras - Ativos Biológicos Consumíveis","asset_current","l10n_pt_apo.pt_taxo_215_s,l10n_pt_apo.pt_taxo_137_m","False","","Adiantamentos por Conta de Compras - Ativos Biológicos Consumíveis"
"chart_3962","3962","Adiantamentos por Conta de Compras - Ativos Biológicos de Produção","asset_current","l10n_pt_apo.pt_taxo_215_s,l10n_pt_apo.pt_taxo_137_m","False","","Adiantamentos por Conta de Compras - Ativos Biológicos de Produção"
"chart_41111","41111","Capital participation","asset_non_current","l10n_pt_apo.pt_taxo_216_s,l10n_pt_apo.pt_taxo_138_m","False","","Participação de capital"
"chart_41112","41112","Goodwill","asset_non_current","l10n_pt_apo.pt_taxo_217_s,l10n_pt_apo.pt_taxo_138_m","False","","Goodwill"
"chart_4112","4112","Capital Participations - Other methods","asset_non_current","l10n_pt_apo.pt_taxo_218_s,l10n_pt_apo.pt_taxo_138_m","False","","Participações de capital- outros métodos"
"chart_4113","4113","Loans granted","asset_non_current","l10n_pt_apo.pt_taxo_219_s,l10n_pt_apo.pt_taxo_138_m","False","","Empréstimos concedidos"
"chart_41211","41211","Capital participation","asset_non_current","l10n_pt_apo.pt_taxo_221_s,l10n_pt_apo.pt_taxo_138_m","False","","Participação de capital"
"chart_41212","41212","Goodwill","asset_non_current","l10n_pt_apo.pt_taxo_222_s,l10n_pt_apo.pt_taxo_138_m","False","","Goodwill"
"chart_4122","4122","Capital Participations - Other methods","asset_non_current","l10n_pt_apo.pt_taxo_223_s,l10n_pt_apo.pt_taxo_138_m","False","","Participações de capital- outros métodos"
"chart_4123","4123","Loans granted","asset_non_current","l10n_pt_apo.pt_taxo_224_s,l10n_pt_apo.pt_taxo_138_m","False","","Empréstimos concedidos"
"chart_41311","41311","Capital participation","asset_non_current","l10n_pt_apo.pt_taxo_226_s,l10n_pt_apo.pt_taxo_138_m","False","","Participação de capital"
"chart_41312","41312","Goodwill","asset_non_current","l10n_pt_apo.pt_taxo_227_s,l10n_pt_apo.pt_taxo_138_m","False","","Goodwill"
"chart_4132","4132","Capital Participations - Other methods","asset_non_current","l10n_pt_apo.pt_taxo_228_s,l10n_pt_apo.pt_taxo_138_m","False","","Participações de capital- outros métodos"
"chart_4133","4133","Loans granted","asset_non_current","l10n_pt_apo.pt_taxo_229_s,l10n_pt_apo.pt_taxo_138_m","False","","Empréstimos concedidos"
"chart_4141","4141","Capital Participations","asset_non_current","l10n_pt_apo.pt_taxo_231_s,l10n_pt_apo.pt_taxo_138_m","False","","Participações de capital"
"chart_4142","4142","Loans granted","asset_non_current",,"False","","Empréstimos concedidos","True"
"chart_41421","41421","Investimentos Noutras Empresas - Empréstimos concedidos","asset_non_current","l10n_pt_apo.pt_taxo_232_s,l10n_pt_apo.pt_taxo_139_m","False","","Investimentos Noutras Empresas - Empréstimos concedidos"
"chart_4151","4151","Detained to maturity","asset_non_current","l10n_pt_apo.pt_taxo_234_s","False","","Detidos até à maturidade"
"chart_4158","4158","Others","asset_non_current","","False","","Outros"
"chart_41811","41811","Amortizações Acumuladas - Investimentos em Subsidiárias - Participação de capital","asset_non_current","l10n_pt_apo.pt_taxo_236_s","False","","Amortizações Acumuladas - Investimentos em Subsidiárias - Participação de capital"
"chart_41812","41812","Amortizações Acumuladas - Investimentos em Subsidiárias - Goodwill","asset_non_current","l10n_pt_apo.pt_taxo_236_s","False","","Amortizações Acumuladas - Investimentos em Subsidiárias - Goodwill"
"chart_41821","41821","Amortizações Acumuladas - Investimentos em Associadas - Participação de capital","asset_non_current","l10n_pt_apo.pt_taxo_237_s","False","","Amortizações Acumuladas - Investimentos em Associadas - Participação de capital"
"chart_41822","41822","Amortizações Acumuladas - Investimentos em Associadas - Goodwill","asset_non_current","l10n_pt_apo.pt_taxo_237_s","False","","Amortizações Acumuladas - Investimentos em Associadas - Goodwill"
"chart_41831","41831","Amortizações Acumuladas - Investimentos em Entidades Conjuntamente Controladas - Participação de capital","asset_non_current","l10n_pt_apo.pt_taxo_238_s","False","","Amortizações Acumuladas - Investimentos em Entidades Conjuntamente Controladas - Participação de capital"
"chart_41832","41832","Amortizações Acumuladas - Investimentos em Entidades Conjuntamente Controladas - Goodwill","asset_non_current","l10n_pt_apo.pt_taxo_238_s","False","","Amortizações Acumuladas - Investimentos em Entidades Conjuntamente Controladas - Goodwill"
"chart_419111","419111","Capital participation","asset_non_current","l10n_pt_apo.pt_taxo_248_s,l10n_pt_apo.pt_taxo_141_m","False","","Participação de capital"
"chart_419112","419112","Goodwill","asset_non_current","l10n_pt_apo.pt_taxo_248_s,l10n_pt_apo.pt_taxo_141_m","False","","Goodwill"
"chart_419113","419113","PIA - Aceites Fiscalmente - Investimentos em Subsidiárias - Participação de capital - Outros","asset_non_current","l10n_pt_apo.pt_taxo_248_s,l10n_pt_apo.pt_taxo_141_m","False","","PIA - Aceites Fiscalmente - Investimentos em Subsidiárias - Participação de capital - Outros"
"chart_419114","419114","PIA - Aceites Fiscalmente - Investimentos em Subsidiárias - Empréstimos concedidos","asset_non_current","l10n_pt_apo.pt_taxo_248_s,l10n_pt_apo.pt_taxo_141_m","False","","PIA - Aceites Fiscalmente - Investimentos em Subsidiárias - Empréstimos concedidos"
"chart_419115","419115","PIA - Aceites Fiscalmente - Investimentos em Subsidiárias - Outros investimentos financeiros","asset_non_current","l10n_pt_apo.pt_taxo_248_s,l10n_pt_apo.pt_taxo_141_m","False","","PIA - Aceites Fiscalmente - Investimentos em Subsidiárias - Outros investimentos financeiros"
"chart_41912","41912","Capital Participations - Other methods","asset_non_current",,"False","","Participações de capital- outros métodos","True"
"chart_419121","419121","PIA - Aceites Fiscalmente - Investimentos em Associadas - Participação de capital - MEP","asset_non_current","l10n_pt_apo.pt_taxo_249_s,l10n_pt_apo.pt_taxo_141_m","False","","PIA - Aceites Fiscalmente - Investimentos em Associadas - Participação de capital - MEP"
"chart_419122","419122","PIA - Aceites Fiscalmente - Investimentos em Associadas - Goodwill","asset_non_current","l10n_pt_apo.pt_taxo_249_s,l10n_pt_apo.pt_taxo_141_m","False","","PIA - Aceites Fiscalmente - Investimentos em Associadas - Goodwill"
"chart_419123","419123","PIA - Aceites Fiscalmente - Investimentos em Associadas - Participação de capital - Outros","asset_non_current","l10n_pt_apo.pt_taxo_249_s,l10n_pt_apo.pt_taxo_141_m","False","","PIA - Aceites Fiscalmente - Investimentos em Associadas - Participação de capital - Outros"
"chart_419124","419124","PIA - Aceites Fiscalmente - Investimentos em Associadas - Empréstimos concedidos","asset_non_current","l10n_pt_apo.pt_taxo_249_s,l10n_pt_apo.pt_taxo_141_m","False","","PIA - Aceites Fiscalmente - Investimentos em Associadas - Empréstimos concedidos"
"chart_419125","419125","PIA - Aceites Fiscalmente - Investimentos em Associadas - Outros investimentos financeiros","asset_non_current","l10n_pt_apo.pt_taxo_249_s,l10n_pt_apo.pt_taxo_141_m","False","","PIA - Aceites Fiscalmente - Investimentos em Associadas - Outros investimentos financeiros"
"chart_41913","41913","Loans granted","asset_non_current",,"False","","Empréstimos concedidos","True"
"chart_419131","419131","PIA - Aceites Fiscalmente - Investimentos em Entidades Conjuntamente Controladas - Participação de capital - MEP","asset_non_current","l10n_pt_apo.pt_taxo_250_s,l10n_pt_apo.pt_taxo_141_m","False","","PIA - Aceites Fiscalmente - Investimentos em Entidades Conjuntamente Controladas - Participação de capital - MEP"
"chart_419132","419132","PIA - Aceites Fiscalmente - Investimentos em Entidades Conjuntamente Controladas - Goodwill","asset_non_current","l10n_pt_apo.pt_taxo_250_s,l10n_pt_apo.pt_taxo_141_m","False","","PIA - Aceites Fiscalmente - Investimentos em Entidades Conjuntamente Controladas - Goodwill"
"chart_419133","419133","PIA - Aceites Fiscalmente - Investimentos em Entidades Conjuntamente Controladas - Participação de capital - Outros","asset_non_current","l10n_pt_apo.pt_taxo_250_s,l10n_pt_apo.pt_taxo_141_m","False","","PIA - Aceites Fiscalmente - Investimentos em Entidades Conjuntamente Controladas - Participação de capital - Outros"
"chart_419134","419134","PIA - Aceites Fiscalmente - Investimentos em Entidades Conjuntamente Controladas - Empréstimos concedidos","asset_non_current","l10n_pt_apo.pt_taxo_250_s,l10n_pt_apo.pt_taxo_141_m","False","","PIA - Aceites Fiscalmente - Investimentos em Entidades Conjuntamente Controladas - Empréstimos concedidos"
"chart_419135","419135","PIA - Aceites Fiscalmente - Investimentos em Entidades Conjuntamente Controladas - Outros investimentos financeiros","asset_non_current","l10n_pt_apo.pt_taxo_250_s,l10n_pt_apo.pt_taxo_141_m","False","","PIA - Aceites Fiscalmente - Investimentos em Entidades Conjuntamente Controladas - Outros investimentos financeiros"
"chart_41914","41914","Other financial investments","asset_non_current",,"False","","Outros investimentos financeiros","True"
"chart_419141","419141","PIA - Aceites Fiscalmente - Investimentos Noutras Empresas - Participações de capital","asset_non_current","l10n_pt_apo.pt_taxo_251_s,l10n_pt_apo.pt_taxo_141_m","False","","PIA - Aceites Fiscalmente - Investimentos Noutras Empresas - Participações de capital"
"chart_419142","419142","PIA - Aceites Fiscalmente - Investimentos Noutras Empresas - Empréstimos concedidos","asset_non_current","l10n_pt_apo.pt_taxo_251_s,l10n_pt_apo.pt_taxo_141_m","False","","PIA - Aceites Fiscalmente - Investimentos Noutras Empresas - Empréstimos concedidos"
"chart_419143","419143","PIA - Aceites Fiscalmente - Investimentos Noutras Empresas - Outros investimentos","asset_non_current","l10n_pt_apo.pt_taxo_251_s,l10n_pt_apo.pt_taxo_141_m","False","","PIA - Aceites Fiscalmente - Investimentos Noutras Empresas - Outros investimentos"
"chart_419151","419151","PIA - Aceites Fiscalmente - Outros Investimentos Financeiros - Detidos até à maturidade","asset_non_current","l10n_pt_apo.pt_taxo_252_s,l10n_pt_apo.pt_taxo_141_m","False","","PIA - Aceites Fiscalmente - Outros Investimentos Financeiros - Detidos até à maturidade"
"chart_419152","419152","PIA - Aceites Fiscalmente - Outros Investimentos Financeiros - Outros","asset_non_current","l10n_pt_apo.pt_taxo_252_s,l10n_pt_apo.pt_taxo_141_m","False","","PIA - Aceites Fiscalmente - Outros Investimentos Financeiros - Outros"
"chart_419211","419211","Capital participation","asset_non_current","l10n_pt_apo.pt_taxo_258_s,l10n_pt_apo.pt_taxo_142_m","False","","Participação de capital"
"chart_419212","419212","Goodwill","asset_non_current","l10n_pt_apo.pt_taxo_258_s,l10n_pt_apo.pt_taxo_142_m","False","","Goodwill"
"chart_419213","419213","PIA - Não Aceite Fiscalmente - Investimentos em Subsidiárias - Participação de capital - Outros","asset_non_current","l10n_pt_apo.pt_taxo_258_s,l10n_pt_apo.pt_taxo_142_m","False","","PIA - Não Aceite Fiscalmente - Investimentos em Subsidiárias - Participação de capital - Outros"
"chart_419214","419214","PIA - Não Aceite Fiscalmente - Investimentos em Subsidiárias - Empréstimos concedidos","asset_non_current","l10n_pt_apo.pt_taxo_258_s,l10n_pt_apo.pt_taxo_142_m","False","","PIA - Não Aceite Fiscalmente - Investimentos em Subsidiárias - Empréstimos concedidos"
"chart_419215","419215","PIA - Não Aceite Fiscalmente - Investimentos em Subsidiárias - Outros investimentos financeiros","asset_non_current","l10n_pt_apo.pt_taxo_258_s,l10n_pt_apo.pt_taxo_142_m","False","","PIA - Não Aceite Fiscalmente - Investimentos em Subsidiárias - Outros investimentos financeiros"
"chart_41922","41922","Capital Participations - Other methods","asset_non_current",,"False","","Participações de capital- outros métodos","True"
"chart_419221","419221","PIA - Não Aceites Fiscalmente - Investimentos em Associadas - Participação de capital - MEP","asset_non_current","l10n_pt_apo.pt_taxo_258_s,l10n_pt_apo.pt_taxo_142_m","False","","PIA - Não Aceites Fiscalmente - Investimentos em Associadas - Participação de capital - MEP"
"chart_419222","419222","PIA - Não Aceites Fiscalmente - Investimentos em Associadas - Goodwill","asset_non_current","l10n_pt_apo.pt_taxo_258_s,l10n_pt_apo.pt_taxo_142_m","False","","PIA - Não Aceites Fiscalmente - Investimentos em Associadas - Goodwill"
"chart_419223","419223","PIA - Não Aceites Fiscalmente - Investimentos em Associadas - Participação de capital - Outros","asset_non_current","l10n_pt_apo.pt_taxo_258_s,l10n_pt_apo.pt_taxo_142_m","False","","PIA - Não Aceites Fiscalmente - Investimentos em Associadas - Participação de capital - Outros"
"chart_419224","419224","PIA - Não Aceites Fiscalmente - Investimentos em Associadas - Empréstimos concedidos","asset_non_current","l10n_pt_apo.pt_taxo_258_s,l10n_pt_apo.pt_taxo_142_m","False","","PIA - Não Aceites Fiscalmente - Investimentos em Associadas - Empréstimos concedidos"
"chart_419225","419225","PIA - Não Aceites Fiscalmente - Investimentos em Associadas - Outros investimentos financeiros","asset_non_current","l10n_pt_apo.pt_taxo_258_s,l10n_pt_apo.pt_taxo_142_m","False","","PIA - Não Aceites Fiscalmente - Investimentos em Associadas - Outros investimentos financeiros"
"chart_41923","41923","Loans granted","asset_non_current",,"False","","Empréstimos concedidos","True"
"chart_419231","419231","PIA - Não Aceites Fiscalmente - Investimentos em Entidades Conjuntamente Controladas - Participação de capital - MEP","asset_non_current","l10n_pt_apo.pt_taxo_258_s,l10n_pt_apo.pt_taxo_142_m","False","","PIA - Não Aceites Fiscalmente - Investimentos em Entidades Conjuntamente Controladas - Participação de capital - MEP"
"chart_419232","419232","PIA - Não Aceites Fiscalmente - Investimentos em Entidades Conjuntamente Controladas - Goodwill","asset_non_current","l10n_pt_apo.pt_taxo_258_s,l10n_pt_apo.pt_taxo_142_m","False","","PIA - Não Aceites Fiscalmente - Investimentos em Entidades Conjuntamente Controladas - Goodwill"
"chart_419233","419233","PIA - Não Aceites Fiscalmente - Investimentos em Entidades Conjuntamente Controladas - Participação de capital - Outros","asset_non_current","l10n_pt_apo.pt_taxo_258_s,l10n_pt_apo.pt_taxo_142_m","False","","PIA - Não Aceites Fiscalmente - Investimentos em Entidades Conjuntamente Controladas - Participação de capital - Outros"
"chart_419234","419234","PIA - Não Aceites Fiscalmente - Investimentos em Entidades Conjuntamente Controladas - Empréstimos concedidos","asset_non_current","l10n_pt_apo.pt_taxo_258_s,l10n_pt_apo.pt_taxo_142_m","False","","PIA - Não Aceites Fiscalmente - Investimentos em Entidades Conjuntamente Controladas - Empréstimos concedidos"
"chart_419235","419235","PIA - Não Aceites Fiscalmente - Investimentos em Entidades Conjuntamente Controladas - Outros investimentos financeiros","asset_non_current","l10n_pt_apo.pt_taxo_258_s,l10n_pt_apo.pt_taxo_142_m","False","","PIA - Não Aceites Fiscalmente - Investimentos em Entidades Conjuntamente Controladas - Outros investimentos financeiros"
"chart_41924","41924","Other financial investments","asset_non_current",,"False","","Outros investimentos financeiros","True"
"chart_419241","419241","PIA - Não Aceites Fiscalmente - Investimentos Noutras Empresas - Participações de capital","asset_non_current","l10n_pt_apo.pt_taxo_258_s,l10n_pt_apo.pt_taxo_142_m","False","","PIA - Não Aceites Fiscalmente - Investimentos Noutras Empresas - Participações de capital"
"chart_419242","419242","PIA - Não Aceites Fiscalmente - Investimentos Noutras Empresas - Empréstimos concedidos","asset_non_current","l10n_pt_apo.pt_taxo_258_s,l10n_pt_apo.pt_taxo_142_m","False","","PIA - Não Aceites Fiscalmente - Investimentos Noutras Empresas - Empréstimos concedidos"
"chart_419243","419243","PIA - Não Aceites Fiscalmente - Investimentos Noutras Empresas - Outros investimentos","asset_non_current","l10n_pt_apo.pt_taxo_258_s,l10n_pt_apo.pt_taxo_142_m","False","","PIA - Não Aceites Fiscalmente - Investimentos Noutras Empresas - Outros investimentos"
"chart_419251","419251","PIA - Não Aceites Fiscalmente - Outros Investimentos Financeiros - Detidos até à maturidade","asset_non_current","l10n_pt_apo.pt_taxo_258_s,l10n_pt_apo.pt_taxo_142_m","False","","PIA - Não Aceites Fiscalmente - Outros Investimentos Financeiros - Detidos até à maturidade"
"chart_419252","419252","PIA - Não Aceites Fiscalmente - Outros Investimentos Financeiros - Outros ","asset_non_current","l10n_pt_apo.pt_taxo_258_s,l10n_pt_apo.pt_taxo_142_m","False","","PIA - Não Aceites Fiscalmente - Outros Investimentos Financeiros - Outros "
"chart_421","421","Land and natural resources","asset_non_current",,"False","","Terrenos e recursos naturais","True"
"chart_4211","4211","Propriedades de Investimento - Terrenos e Recursos Naturais - Mercado Nacional","asset_non_current","l10n_pt_apo.pt_taxo_259_s,l10n_pt_apo.pt_taxo_143_m","False","","Propriedades de Investimento - Terrenos e Recursos Naturais - Mercado Nacional"
"chart_4212","4212","Propriedades de Investimento - Terrenos e Recursos Naturais - Mercado Intracomunitário","asset_non_current","l10n_pt_apo.pt_taxo_259_s,l10n_pt_apo.pt_taxo_143_m","False","","Propriedades de Investimento - Terrenos e Recursos Naturais - Mercado Intracomunitário"
"chart_4213","4213","Propriedades de Investimento - Terrenos e Recursos Naturais - Mercado Extracomunitário","asset_non_current","l10n_pt_apo.pt_taxo_259_s,l10n_pt_apo.pt_taxo_143_m","False","","Propriedades de Investimento - Terrenos e Recursos Naturais - Mercado Extracomunitário"
"chart_422","422","Buildings and other constructions","asset_non_current",,"False","","Edifícios e outras construções","True"
"chart_4221","4221","Propriedades de Investimento - Edifícios e Outras Construções - Mercado Nacional","asset_non_current","l10n_pt_apo.pt_taxo_260_s,l10n_pt_apo.pt_taxo_143_m","False","","Propriedades de Investimento - Edifícios e Outras Construções - Mercado Nacional"
"chart_4222","4222","Propriedades de Investimento - Edifícios e Outras Construções - Mercado Intracomunitário","asset_non_current","l10n_pt_apo.pt_taxo_260_s,l10n_pt_apo.pt_taxo_143_m","False","","Propriedades de Investimento - Edifícios e Outras Construções - Mercado Intracomunitário"
"chart_4223","4223","Propriedades de Investimento - Edifícios e Outras Construções - Mercado Extracomunitário","asset_non_current","l10n_pt_apo.pt_taxo_260_s,l10n_pt_apo.pt_taxo_143_m","False","","Propriedades de Investimento - Edifícios e Outras Construções - Mercado Extracomunitário"
"chart_426","426","Other investment properties","asset_non_current",,"False","","Outras propriedades de investimento","True"
"chart_4261","4261","Propriedades de Investimento - Outras - Mercado Nacional","asset_non_current","l10n_pt_apo.pt_taxo_143_m","False","","Propriedades de Investimento - Outras - Mercado Nacional"
"chart_4262","4262","Propriedades de Investimento - Outras - Mercado Intracomunitário","asset_non_current","l10n_pt_apo.pt_taxo_143_m","False","","Propriedades de Investimento - Outras - Mercado Intracomunitário"
"chart_4263","4263","Propriedades de Investimento - Outras - Mercado Extracomunitário","asset_non_current","l10n_pt_apo.pt_taxo_143_m","False","","Propriedades de Investimento - Outras - Mercado Extracomunitário"
"chart_4281","4281","Land and natural resources","asset_non_current","l10n_pt_apo.pt_taxo_262_s,l10n_pt_apo.pt_taxo_143_m","False","","Terrenos e recursos naturais"
"chart_4282","4282","Buildings and other constructions","asset_non_current","l10n_pt_apo.pt_taxo_263_s,l10n_pt_apo.pt_taxo_143_m","False","","Edifícios e outras construções"
"chart_4286","4286","Propriedades de Investimento - Depreciações Acumuladas - Outras ","asset_non_current","l10n_pt_apo.pt_taxo_264_s,l10n_pt_apo.pt_taxo_143_m","False","","Propriedades de Investimento - Depreciações Acumuladas - Outras "
"chart_4291","4291","Land and natural resources","asset_non_current",,"False","","Terrenos e recursos naturais","True"
"chart_42911","42911","PIA - Propriedades de Investimento - Aceite Fiscalmente - Terrenos e Recursos Naturais","asset_non_current","l10n_pt_apo.pt_taxo_265_s,l10n_pt_apo.pt_taxo_143_m","False","","PIA - Propriedades de Investimento - Aceite Fiscalmente - Terrenos e Recursos Naturais"
"chart_42912","42912","PIA - Propriedades de Investimento - Aceite Fiscalmente - Edifícios e Outras Construções","asset_non_current","l10n_pt_apo.pt_taxo_265_s,l10n_pt_apo.pt_taxo_143_m","False","","PIA - Propriedades de Investimento - Aceite Fiscalmente - Edifícios e Outras Construções"
"chart_42913","42913","PIA - Propriedades de Investimento - Aceite Fiscalmente - Outras ","asset_non_current","l10n_pt_apo.pt_taxo_265_s,l10n_pt_apo.pt_taxo_143_m","False","","PIA - Propriedades de Investimento - Aceite Fiscalmente - Outras "
"chart_4292","4292","Buildings and other constructions","asset_non_current",,"False","","Edifícios e outras construções","True"
"chart_42921","42921","PIA - Propriedades de Investimento - Não Aceite Fiscalmente - Terrenos e Recursos Naturais","asset_non_current","l10n_pt_apo.pt_taxo_266_s,l10n_pt_apo.pt_taxo_143_m","False","","PIA - Propriedades de Investimento - Não Aceite Fiscalmente - Terrenos e Recursos Naturais"
"chart_42922","42922","PIA - Propriedades de Investimento - Não Aceite Fiscalmente - Edifícios e Outras Construções","asset_non_current","l10n_pt_apo.pt_taxo_266_s,l10n_pt_apo.pt_taxo_143_m","False","","PIA - Propriedades de Investimento - Não Aceite Fiscalmente - Edifícios e Outras Construções"
"chart_42923","42923","PIA - Propriedades de Investimento - Não Aceite Fiscalmente - Outras","asset_non_current","l10n_pt_apo.pt_taxo_266_s,l10n_pt_apo.pt_taxo_143_m","False","","PIA - Propriedades de Investimento - Não Aceite Fiscalmente - Outras"
"chart_431","431","Land and natural resources","asset_non_current",,"False","","Terrenos e recursos naturais","True"
"chart_4311","4311","Ativos Fixos Tangíveis - Terrenos e Recursos Naturais - Mercado Nacional","asset_non_current","l10n_pt_apo.pt_taxo_268_s,l10n_pt_apo.pt_taxo_144_m","False","","Ativos Fixos Tangíveis - Terrenos e Recursos Naturais - Mercado Nacional"
"chart_4312","4312","Ativos Fixos Tangíveis - Terrenos e Recursos Naturais - Mercado Intracomunitário","asset_non_current","l10n_pt_apo.pt_taxo_268_s,l10n_pt_apo.pt_taxo_144_m","False","","Ativos Fixos Tangíveis - Terrenos e Recursos Naturais - Mercado Intracomunitário"
"chart_4313","4313","Ativos Fixos Tangíveis - Terrenos e Recursos Naturais - Mercado Extracomunitário","asset_non_current","l10n_pt_apo.pt_taxo_268_s,l10n_pt_apo.pt_taxo_144_m","False","","Ativos Fixos Tangíveis - Terrenos e Recursos Naturais - Mercado Extracomunitário"
"chart_432","432","Buildings and other constructions","asset_non_current",,"False","","Edifícios e outras construções","True"
"chart_4321","4321","Ativos Fixos Tangíveis - Edifícios e Outras Construções - Mercado Nacional","asset_non_current","l10n_pt_apo.pt_taxo_269_s,l10n_pt_apo.pt_taxo_145_m","False","","Ativos Fixos Tangíveis - Edifícios e Outras Construções - Mercado Nacional"
"chart_4322","4322","Ativos Fixos Tangíveis - Edifícios e Outras Construções - Mercado Intracomunitário","asset_non_current","l10n_pt_apo.pt_taxo_269_s,l10n_pt_apo.pt_taxo_145_m","False","","Ativos Fixos Tangíveis - Edifícios e Outras Construções - Mercado Intracomunitário"
"chart_4323","4323","Ativos Fixos Tangíveis - Edifícios e Outras Construções - Mercado Extracomunitário","asset_non_current","l10n_pt_apo.pt_taxo_269_s,l10n_pt_apo.pt_taxo_145_m","False","","Ativos Fixos Tangíveis - Edifícios e Outras Construções - Mercado Extracomunitário"
"chart_433","433","Basic equipment","asset_non_current",,"False","","Equipamento básico","True"
"chart_4331","4331","Ativos Fixos Tangíveis - Equipamento Básico - Mercado Nacional","asset_non_current","l10n_pt_apo.pt_taxo_270_s,l10n_pt_apo.pt_taxo_146_m","False","","Ativos Fixos Tangíveis - Equipamento Básico - Mercado Nacional"
"chart_4332","4332","Ativos Fixos Tangíveis - Equipamento Básico - Mercado Intracomunitário","asset_non_current","l10n_pt_apo.pt_taxo_270_s,l10n_pt_apo.pt_taxo_146_m","False","","Ativos Fixos Tangíveis - Equipamento Básico - Mercado Intracomunitário"
"chart_4333","4333","Ativos Fixos Tangíveis - Equipamento Básico - Mercado Extracomunitário","asset_non_current","l10n_pt_apo.pt_taxo_270_s,l10n_pt_apo.pt_taxo_146_m","False","","Ativos Fixos Tangíveis - Equipamento Básico - Mercado Extracomunitário"
"chart_434","434","Transport equipment","asset_non_current",,"False","","Equipamento de transporte","True"
"chart_4341","4341","Ativos Fixos Tangíveis - Equipamento de Transporte - Mercado Nacional","asset_non_current","l10n_pt_apo.pt_taxo_271_s,l10n_pt_apo.pt_taxo_147_m","False","","Ativos Fixos Tangíveis - Equipamento de Transporte - Mercado Nacional"
"chart_4342","4342","Ativos Fixos Tangíveis - Equipamento de Transporte - Mercado Intracomunitário","asset_non_current","l10n_pt_apo.pt_taxo_271_s,l10n_pt_apo.pt_taxo_147_m","False","","Ativos Fixos Tangíveis - Equipamento de Transporte - Mercado Intracomunitário"
"chart_4343","4343","Ativos Fixos Tangíveis - Equipamento de Transporte - Mercado Extracomunitário","asset_non_current","l10n_pt_apo.pt_taxo_271_s,l10n_pt_apo.pt_taxo_147_m","False","","Ativos Fixos Tangíveis - Equipamento de Transporte - Mercado Extracomunitário"
"chart_435","435","Office equipment","asset_non_current",,"False","","Equipamento administrativo","True"
"chart_4351","4351","Ativos Fixos Tangíveis - Equipamento Administrativo - Mercado Nacional","asset_non_current","l10n_pt_apo.pt_taxo_272_s,l10n_pt_apo.pt_taxo_148_m","False","","Ativos Fixos Tangíveis - Equipamento Administrativo - Mercado Nacional"
"chart_4352","4352","Ativos Fixos Tangíveis - Equipamento Administrativo - Mercado Intracomunitário","asset_non_current","l10n_pt_apo.pt_taxo_272_s,l10n_pt_apo.pt_taxo_148_m","False","","Ativos Fixos Tangíveis - Equipamento Administrativo - Mercado Intracomunitário"
"chart_4353","4353","Ativos Fixos Tangíveis - Equipamento Administrativo - Mercado Extracomunitário","asset_non_current","l10n_pt_apo.pt_taxo_272_s,l10n_pt_apo.pt_taxo_148_m","False","","Ativos Fixos Tangíveis - Equipamento Administrativo - Mercado Extracomunitário"
"chart_436","436","Biological equipment","asset_non_current",,"False","","Equipamentos biológicos","True"
"chart_4361","4361","Ativos Fixos Tangíveis - Equipamentos Biológicos - Mercado Nacional","asset_non_current","l10n_pt_apo.pt_taxo_273_s,l10n_pt_apo.pt_taxo_149_m","False","","Ativos Fixos Tangíveis - Equipamentos Biológicos - Mercado Nacional"
"chart_4362","4362","Ativos Fixos Tangíveis - Equipamentos Biológicos - Mercado Intracomunitário","asset_non_current","l10n_pt_apo.pt_taxo_273_s,l10n_pt_apo.pt_taxo_149_m","False","","Ativos Fixos Tangíveis - Equipamentos Biológicos - Mercado Intracomunitário"
"chart_4363","4363","Ativos Fixos Tangíveis - Equipamentos Biológicos - Mercado Extracomunitário","asset_non_current","l10n_pt_apo.pt_taxo_273_s,l10n_pt_apo.pt_taxo_149_m","False","","Ativos Fixos Tangíveis - Equipamentos Biológicos - Mercado Extracomunitário"
"chart_437","437","Other tangible fixed assets","asset_non_current",,"False","","Outros ativos fixos tangíveis","True"
"chart_4371","4371","Ativos Fixos Tangíveis - Outros - Mercado Nacional","asset_non_current","l10n_pt_apo.pt_taxo_274_s,l10n_pt_apo.pt_taxo_150_m","False","","Ativos Fixos Tangíveis - Outros - Mercado Nacional"
"chart_4372","4372","Ativos Fixos Tangíveis - Outros - Mercado Intracomunitário","asset_non_current","l10n_pt_apo.pt_taxo_274_s,l10n_pt_apo.pt_taxo_150_m","False","","Ativos Fixos Tangíveis - Outros - Mercado Intracomunitário"
"chart_4373","4373","Ativos Fixos Tangíveis - Outros - Mercado Extracomunitário","asset_non_current","l10n_pt_apo.pt_taxo_274_s,l10n_pt_apo.pt_taxo_150_m","False","","Ativos Fixos Tangíveis - Outros - Mercado Extracomunitário"
"chart_4381","4381","Land and natural resources","asset_non_current","l10n_pt_apo.pt_taxo_275_s,l10n_pt_apo.pt_taxo_151_m","False","","Terrenos e recursos naturais"
"chart_4382","4382","Buildings and other constructions","asset_non_current","l10n_pt_apo.pt_taxo_276_s,l10n_pt_apo.pt_taxo_152_m","False","","Edifícios e outras construções"
"chart_4383","4383","Basic equipment","asset_non_current","l10n_pt_apo.pt_taxo_277_s,l10n_pt_apo.pt_taxo_153_m","False","","Equipamento básico"
"chart_4384","4384","Transport equipment","asset_non_current","l10n_pt_apo.pt_taxo_278_s,l10n_pt_apo.pt_taxo_154_m","False","","Equipamento de transporte"
"chart_4385","4385","Office equipment","asset_non_current","l10n_pt_apo.pt_taxo_279_s,l10n_pt_apo.pt_taxo_155_m","False","","Equipamento administrativo"
"chart_4386","4386","Biological equipment","asset_non_current","l10n_pt_apo.pt_taxo_280_s,l10n_pt_apo.pt_taxo_156_m","False","","Equipamentos biológicos"
"chart_4387","4387","Other tangible fixed assets","asset_non_current","l10n_pt_apo.pt_taxo_281_s,l10n_pt_apo.pt_taxo_157_m","False","","Outros ativos fixos tangíveis"
"chart_4391","4391","Land and natural resources","asset_non_current",,"False","","Terrenos e recursos naturais","True"
"chart_43911","43911","Ativos Fixos Tangíveis - PIA - Aceite Fiscalmente - Terrenos e Recursos Naturais","asset_non_current","l10n_pt_apo.pt_taxo_282_s,l10n_pt_apo.pt_taxo_157_m","False","","Ativos Fixos Tangíveis - PIA - Aceite Fiscalmente - Terrenos e Recursos Naturais"
"chart_43912","43912","Ativos Fixos Tangíveis - PIA - Aceite Fiscalmente - Edifícios e Outras Construções","asset_non_current","l10n_pt_apo.pt_taxo_282_s,l10n_pt_apo.pt_taxo_157_m","False","","Ativos Fixos Tangíveis - PIA - Aceite Fiscalmente - Edifícios e Outras Construções"
"chart_43913","43913","Ativos Fixos Tangíveis - PIA - Aceite Fiscalmente - Equipamento Básico","asset_non_current","l10n_pt_apo.pt_taxo_282_s,l10n_pt_apo.pt_taxo_157_m","False","","Ativos Fixos Tangíveis - PIA - Aceite Fiscalmente - Equipamento Básico"
"chart_43914","43914","Ativos Fixos Tangíveis - PIA - Aceite Fiscalmente - Equipamento de Transporte","asset_non_current","l10n_pt_apo.pt_taxo_282_s,l10n_pt_apo.pt_taxo_157_m","False","","Ativos Fixos Tangíveis - PIA - Aceite Fiscalmente - Equipamento de Transporte"
"chart_43915","43915","Ativos Fixos Tangíveis - PIA - Aceite Fiscalmente - Equipamento Administrativo","asset_non_current","l10n_pt_apo.pt_taxo_282_s,l10n_pt_apo.pt_taxo_157_m","False","","Ativos Fixos Tangíveis - PIA - Aceite Fiscalmente - Equipamento Administrativo"
"chart_43916","43916","Ativos Fixos Tangíveis - PIA - Aceite Fiscalmente - Equipamentos Biológicos","asset_non_current","l10n_pt_apo.pt_taxo_282_s,l10n_pt_apo.pt_taxo_157_m","False","","Ativos Fixos Tangíveis - PIA - Aceite Fiscalmente - Equipamentos Biológicos"
"chart_43917","43917","Ativos Fixos Tangíveis - PIA - Aceite Fiscalmente - Outros","asset_non_current","l10n_pt_apo.pt_taxo_282_s,l10n_pt_apo.pt_taxo_157_m","False","","Ativos Fixos Tangíveis - PIA - Aceite Fiscalmente - Outros"
"chart_4392","4392","Buildings and other constructions","asset_non_current",,"False","","Edifícios e outras construções","True"
"chart_43921","43921","Ativos Fixos Tangíveis - PIA - Não Aceite Fiscalmente - Terrenos e Recursos Naturais","asset_non_current","l10n_pt_apo.pt_taxo_283_s,l10n_pt_apo.pt_taxo_157_m","False","","Ativos Fixos Tangíveis - PIA - Não Aceite Fiscalmente - Terrenos e Recursos Naturais"
"chart_43922","43922","Ativos Fixos Tangíveis - PIA - Não Aceite Fiscalmente - Edifícios e Outras Construções","asset_non_current","l10n_pt_apo.pt_taxo_283_s,l10n_pt_apo.pt_taxo_157_m","False","","Ativos Fixos Tangíveis - PIA - Não Aceite Fiscalmente - Edifícios e Outras Construções"
"chart_43923","43923","Ativos Fixos Tangíveis - PIA - Não Aceite Fiscalmente - Equipamento Básico","asset_non_current","l10n_pt_apo.pt_taxo_283_s,l10n_pt_apo.pt_taxo_157_m","False","","Ativos Fixos Tangíveis - PIA - Não Aceite Fiscalmente - Equipamento Básico"
"chart_43924","43924","Ativos Fixos Tangíveis - PIA - Não Aceite Fiscalmente - Equipamento de Transporte","asset_non_current","l10n_pt_apo.pt_taxo_283_s,l10n_pt_apo.pt_taxo_157_m","False","","Ativos Fixos Tangíveis - PIA - Não Aceite Fiscalmente - Equipamento de Transporte"
"chart_43925","43925","Ativos Fixos Tangíveis - PIA - Não Aceite Fiscalmente - Equipamento Administrativo","asset_non_current","l10n_pt_apo.pt_taxo_283_s,l10n_pt_apo.pt_taxo_157_m","False","","Ativos Fixos Tangíveis - PIA - Não Aceite Fiscalmente - Equipamento Administrativo"
"chart_43926","43926","Ativos Fixos Tangíveis - PIA - Não Aceite Fiscalmente - Equipamentos Biológicos","asset_non_current","l10n_pt_apo.pt_taxo_283_s,l10n_pt_apo.pt_taxo_157_m","False","","Ativos Fixos Tangíveis - PIA - Não Aceite Fiscalmente - Equipamentos Biológicos"
"chart_43927","43927","Ativos Fixos Tangíveis - PIA - Não Aceite Fiscalmente - Outros","asset_non_current","l10n_pt_apo.pt_taxo_283_s,l10n_pt_apo.pt_taxo_157_m","False","","Ativos Fixos Tangíveis - PIA - Não Aceite Fiscalmente - Outros"
"chart_441","441","Goodwill","asset_non_current",,"False","","Goodwill","True"
"chart_4411","4411","Ativos Intangíveis - Goodwill - Mercado Nacional","asset_non_current","l10n_pt_apo.pt_taxo_289_s,l10n_pt_apo.pt_taxo_158_m","False","","Ativos Intangíveis - Goodwill - Mercado Nacional"
"chart_4412","4412","Ativos Intangíveis - Goodwill - Mercado Intracomunitário","asset_non_current","l10n_pt_apo.pt_taxo_289_s,l10n_pt_apo.pt_taxo_158_m","False","","Ativos Intangíveis - Goodwill - Mercado Intracomunitário"
"chart_4413","4413","Ativos Intangíveis - Goodwill - Mercado Extracomunitário","asset_non_current","l10n_pt_apo.pt_taxo_289_s,l10n_pt_apo.pt_taxo_158_m","False","","Ativos Intangíveis - Goodwill - Mercado Extracomunitário"
"chart_442","442","Development projects","asset_non_current",,"False","","Projetos de desenvolvimento","True"
"chart_4421","4421","Ativos Intangíveis - Projetos de Desenvolvimento - Mercado Nacional","asset_non_current","l10n_pt_apo.pt_taxo_290_s,l10n_pt_apo.pt_taxo_159_m","False","","Ativos Intangíveis - Projetos de Desenvolvimento - Mercado Nacional"
"chart_4422","4422","Ativos Intangíveis - Projetos de Desenvolvimento - Mercado Intracomunitário","asset_non_current","l10n_pt_apo.pt_taxo_290_s,l10n_pt_apo.pt_taxo_159_m","False","","Ativos Intangíveis - Projetos de Desenvolvimento - Mercado Intracomunitário"
"chart_4423","4423","Ativos Intangíveis - Projetos de Desenvolvimento - Mercado Extracomunitário","asset_non_current","l10n_pt_apo.pt_taxo_290_s,l10n_pt_apo.pt_taxo_159_m","False","","Ativos Intangíveis - Projetos de Desenvolvimento - Mercado Extracomunitário"
"chart_443","443","Computer programs","asset_non_current",,"False","","Programas de computador","True"
"chart_4431","4431","Ativos Intangíveis - Programas de Computador - Mercado Nacional","asset_non_current","l10n_pt_apo.pt_taxo_291_s,l10n_pt_apo.pt_taxo_160_m","False","","Ativos Intangíveis - Programas de Computador - Mercado Nacional"
"chart_4432","4432","Ativos Intangíveis - Programas de Computador - Mercado Intracomunitário","asset_non_current","l10n_pt_apo.pt_taxo_291_s,l10n_pt_apo.pt_taxo_160_m","False","","Ativos Intangíveis - Programas de Computador - Mercado Intracomunitário"
"chart_4433","4433","Ativos Intangíveis - Programas de Computador - Mercado Extracomunitário","asset_non_current","l10n_pt_apo.pt_taxo_291_s,l10n_pt_apo.pt_taxo_160_m","False","","Ativos Intangíveis - Programas de Computador - Mercado Extracomunitário"
"chart_444","444","Industrial property","asset_non_current",,"False","","Propriedade industrial","True"
"chart_4441","4441","Ativos Intangíveis - Propriedade Industrial - Mercado Nacional","asset_non_current","l10n_pt_apo.pt_taxo_292_s,l10n_pt_apo.pt_taxo_161_m","False","","Ativos Intangíveis - Propriedade Industrial - Mercado Nacional"
"chart_4442","4442","Ativos Intangíveis - Propriedade Industrial - Mercado Intracomunitário","asset_non_current","l10n_pt_apo.pt_taxo_292_s,l10n_pt_apo.pt_taxo_161_m","False","","Ativos Intangíveis - Propriedade Industrial - Mercado Intracomunitário"
"chart_4443","4443","Ativos Intangíveis - Propriedade Industrial - Mercado Extracomunitário","asset_non_current","l10n_pt_apo.pt_taxo_292_s,l10n_pt_apo.pt_taxo_161_m","False","","Ativos Intangíveis - Propriedade Industrial - Mercado Extracomunitário"
"chart_446","446","Other intangible assets","asset_non_current",,"False","","Outros ativos intangíveis","True"
"chart_4461","4461","Ativos Intangíveis - Outros - Mercado Nacional","asset_non_current","","False","","Ativos Intangíveis - Outros - Mercado Nacional"
"chart_4462","4462","Ativos Intangíveis - Outros - Mercado Intracomunitário","asset_non_current","","False","","Ativos Intangíveis - Outros - Mercado Intracomunitário"
"chart_4463","4463","Ativos Intangíveis - Outros - Mercado Extracomunitário","asset_non_current","","False","","Ativos Intangíveis - Outros - Mercado Extracomunitário"
"chart_4481","4481","Goodwill","asset_non_current","l10n_pt_apo.pt_taxo_294_s,l10n_pt_apo.pt_taxo_163_m","False","","Goodwill"
"chart_4482","4482","Development projects","asset_non_current","l10n_pt_apo.pt_taxo_295_s,l10n_pt_apo.pt_taxo_164_m","False","","Projetos de desenvolvimento"
"chart_4483","4483","Computer programs","asset_non_current","l10n_pt_apo.pt_taxo_296_s,l10n_pt_apo.pt_taxo_165_m","False","","Programas de computador"
"chart_4484","4484","Industrial property","asset_non_current","l10n_pt_apo.pt_taxo_297_s,l10n_pt_apo.pt_taxo_166_m","False","","Propriedade industrial"
"chart_4486","4486","Ativos Intangíveis - Depreciações Acumuladas - Outros","asset_non_current","l10n_pt_apo.pt_taxo_298_s,l10n_pt_apo.pt_taxo_167_m","False","","Ativos Intangíveis - Depreciações Acumuladas - Outros"
"chart_4491","4491","Goodwill","asset_non_current",,"False","","Goodwill","True"
"chart_44911","44911","Ativos Intangíveis - PIA - Aceite Fiscalmente - Goodwill","asset_non_current","l10n_pt_apo.pt_taxo_299_s,l10n_pt_apo.pt_taxo_167_m","False","","Ativos Intangíveis - PIA - Aceite Fiscalmente - Goodwill"
"chart_44912","44912","Ativos Intangíveis - PIA - Aceite Fiscalmente - Projetos de Desenvolvimento","asset_non_current","l10n_pt_apo.pt_taxo_299_s,l10n_pt_apo.pt_taxo_167_m","False","","Ativos Intangíveis - PIA - Aceite Fiscalmente - Projetos de Desenvolvimento"
"chart_44913","44913","Ativos Intangíveis - PIA - Aceite Fiscalmente - Programas de Computador","asset_non_current","l10n_pt_apo.pt_taxo_299_s,l10n_pt_apo.pt_taxo_167_m","False","","Ativos Intangíveis - PIA - Aceite Fiscalmente - Programas de Computador"
"chart_44914","44914","Ativos Intangíveis - PIA - Aceite Fiscalmente - Propriedade Industrial","asset_non_current","l10n_pt_apo.pt_taxo_299_s,l10n_pt_apo.pt_taxo_167_m","False","","Ativos Intangíveis - PIA - Aceite Fiscalmente - Propriedade Industrial"
"chart_44915","44915","Ativos Intangíveis - PIA - Aceite Fiscalmente - Outros","asset_non_current","l10n_pt_apo.pt_taxo_299_s,l10n_pt_apo.pt_taxo_167_m","False","","Ativos Intangíveis - PIA - Aceite Fiscalmente - Outros"
"chart_4492","4492","Development projects","asset_non_current",,"False","","Projetos de desenvolvimento","True"
"chart_44921","44921","Ativos Intangíveis - PIA - Não Aceite Fiscalmente - Goodwill","asset_non_current","l10n_pt_apo.pt_taxo_300_s,l10n_pt_apo.pt_taxo_167_m","False","","Ativos Intangíveis - PIA - Não Aceite Fiscalmente - Goodwill"
"chart_44922","44922","Ativos Intangíveis - PIA - Não Aceite Fiscalmente - Projetos de Desenvolvimento","asset_non_current","l10n_pt_apo.pt_taxo_300_s,l10n_pt_apo.pt_taxo_167_m","False","","Ativos Intangíveis - PIA - Não Aceite Fiscalmente - Projetos de Desenvolvimento"
"chart_44923","44923","Ativos Intangíveis - PIA - Não Aceite Fiscalmente - Programas de Computador","asset_non_current","l10n_pt_apo.pt_taxo_300_s,l10n_pt_apo.pt_taxo_167_m","False","","Ativos Intangíveis - PIA - Não Aceite Fiscalmente - Programas de Computador"
"chart_44924","44924","Ativos Intangíveis - PIA - Não Aceite Fiscalmente - Propriedade Industrial","asset_non_current","l10n_pt_apo.pt_taxo_300_s,l10n_pt_apo.pt_taxo_167_m","False","","Ativos Intangíveis - PIA - Não Aceite Fiscalmente - Propriedade Industrial"
"chart_44925","44925","Ativos Intangíveis - PIA - Não Aceite Fiscalmente - Outros","asset_non_current","l10n_pt_apo.pt_taxo_300_s,l10n_pt_apo.pt_taxo_167_m","False","","Ativos Intangíveis - PIA - Não Aceite Fiscalmente - Outros"
"chart_451","451","Financial investments ongoing","asset_non_current","l10n_pt_apo.pt_taxo_304_s,l10n_pt_apo.pt_taxo_168_m","False","","Investimentos financeiros em curso"
"chart_452","452","Investment properties in progress","asset_non_current","l10n_pt_apo.pt_taxo_305_s,l10n_pt_apo.pt_taxo_168_m","False","","Propriedades de investimento em curso"
"chart_453","453","Tangible fixed assets ongoing","asset_non_current","l10n_pt_apo.pt_taxo_306_s,l10n_pt_apo.pt_taxo_169_m","False","","Ativos fixos tangíveis em curso"
"chart_454","454","Intangible assets ongoing","asset_non_current","l10n_pt_apo.pt_taxo_307_s,l10n_pt_apo.pt_taxo_170_m","False","","Ativos intangíveis em curso"
"chart_4551","4551","Financial investments ongoing","asset_non_current","l10n_pt_apo.pt_taxo_308_s,l10n_pt_apo.pt_taxo_171_m","False","","Investimentos financeiros em curso"
"chart_4552","4552","Investment properties in progress","asset_non_current","l10n_pt_apo.pt_taxo_309_s,l10n_pt_apo.pt_taxo_172_m","False","","Propriedades de investimento em curso"
"chart_4553","4553","Tangible fixed assets ongoing","asset_non_current","l10n_pt_apo.pt_taxo_310_s,l10n_pt_apo.pt_taxo_173_m","False","","Ativos fixos tangíveis em curso"
"chart_4554","4554","Intangible assets ongoing","asset_non_current","l10n_pt_apo.pt_taxo_311_s,l10n_pt_apo.pt_taxo_173_m","False","","Ativos intangíveis em curso"
"chart_4591","4591","Financial investments ongoing","asset_non_current",,"False","","Investimentos financeiros em curso","True"
"chart_45911","45911","PIA - Aceite Fiscalmente - Investimentos Financeiros em Curso","asset_non_current","l10n_pt_apo.pt_taxo_312_s,l10n_pt_apo.pt_taxo_173_m","False","","PIA - Aceite Fiscalmente - Investimentos Financeiros em Curso"
"chart_45912","45912","PIA - Aceite Fiscalmente - Propriedades de Investimento em Curso","asset_non_current","l10n_pt_apo.pt_taxo_312_s,l10n_pt_apo.pt_taxo_173_m","False","","PIA - Aceite Fiscalmente - Propriedades de Investimento em Curso"
"chart_45913","45913","PIA - Aceite Fiscalmente - Ativos Fixos Tangíveis em Curso","asset_non_current","l10n_pt_apo.pt_taxo_312_s,l10n_pt_apo.pt_taxo_173_m","False","","PIA - Aceite Fiscalmente - Ativos Fixos Tangíveis em Curso"
"chart_45914","45914","PIA - Aceite Fiscalmente - Ativos Intangíveis em Curso","asset_non_current","l10n_pt_apo.pt_taxo_312_s,l10n_pt_apo.pt_taxo_173_m","False","","PIA - Aceite Fiscalmente - Ativos Intangíveis em Curso"
"chart_45915","45915","PIA - Aceite Fiscalmente - Adiantamentos em Investimentos Financeiros","asset_non_current","l10n_pt_apo.pt_taxo_312_s,l10n_pt_apo.pt_taxo_173_m","False","","PIA - Aceite Fiscalmente - Adiantamentos em Investimentos Financeiros"
"chart_45916","45916","PIA - Aceite Fiscalmente - Adiantamentos em Propriedades de Investimento","asset_non_current","l10n_pt_apo.pt_taxo_312_s,l10n_pt_apo.pt_taxo_173_m","False","","PIA - Aceite Fiscalmente - Adiantamentos em Propriedades de Investimento"
"chart_45917","45917","PIA - Aceite Fiscalmente - Adiantamentos em Ativos Fixos Tangíveis","asset_non_current","l10n_pt_apo.pt_taxo_312_s,l10n_pt_apo.pt_taxo_173_m","False","","PIA - Aceite Fiscalmente - Adiantamentos em Ativos Fixos Tangíveis"
"chart_45918","45918","PIA - Aceite Fiscalmente - Adiantamentos em Ativos Intangíveis","asset_non_current","l10n_pt_apo.pt_taxo_312_s,l10n_pt_apo.pt_taxo_173_m","False","","PIA - Aceite Fiscalmente - Adiantamentos em Ativos Intangíveis"
"chart_4592","4592","Investment properties in progress","asset_non_current",,"False","","Propriedades de investimento em curso","True"
"chart_45921","45921","PIA - Não Aceite Fiscalmente - Investimentos Financeiros em Curso","asset_non_current","l10n_pt_apo.pt_taxo_313_s,l10n_pt_apo.pt_taxo_173_m","False","","PIA - Não Aceite Fiscalmente - Investimentos Financeiros em Curso"
"chart_45922","45922","PIA - Não Aceite Fiscalmente - Propriedades de Investimento em Curso","asset_non_current","l10n_pt_apo.pt_taxo_313_s,l10n_pt_apo.pt_taxo_173_m","False","","PIA - Não Aceite Fiscalmente - Propriedades de Investimento em Curso"
"chart_45923","45923","PIA - Não Aceite Fiscalmente - Ativos Fixos Tangíveis em Curso","asset_non_current","l10n_pt_apo.pt_taxo_313_s,l10n_pt_apo.pt_taxo_173_m","False","","PIA - Não Aceite Fiscalmente - Ativos Fixos Tangíveis em Curso"
"chart_45924","45924","PIA - Não Aceite Fiscalmente - Ativos Intangíveis em Curso","asset_non_current","l10n_pt_apo.pt_taxo_313_s,l10n_pt_apo.pt_taxo_173_m","False","","PIA - Não Aceite Fiscalmente - Ativos Intangíveis em Curso"
"chart_45925","45925","PIA - Não Aceite Fiscalmente - Adiantamentos em Investimentos Financeiros","asset_non_current","l10n_pt_apo.pt_taxo_313_s,l10n_pt_apo.pt_taxo_173_m","False","","PIA - Não Aceite Fiscalmente - Adiantamentos em Investimentos Financeiros"
"chart_45926","45926","PIA - Não Aceite Fiscalmente - Adiantamentos em Propriedades de Investimento","asset_non_current","l10n_pt_apo.pt_taxo_313_s,l10n_pt_apo.pt_taxo_173_m","False","","PIA - Não Aceite Fiscalmente - Adiantamentos em Propriedades de Investimento"
"chart_45927","45927","PIA - Não Aceite Fiscalmente - Adiantamentos em Ativos Fixos Tangíveis","asset_non_current","l10n_pt_apo.pt_taxo_313_s,l10n_pt_apo.pt_taxo_173_m","False","","PIA - Não Aceite Fiscalmente - Adiantamentos em Ativos Fixos Tangíveis"
"chart_45928","45928","PIA - Não Aceite Fiscalmente - Adiantamentos em Ativos Intangíveis","asset_non_current","l10n_pt_apo.pt_taxo_313_s,l10n_pt_apo.pt_taxo_173_m","False","","PIA - Não Aceite Fiscalmente - Adiantamentos em Ativos Intangíveis"
"chart_461","461","Financial investments","asset_non_current","l10n_pt_apo.pt_taxo_320_s,l10n_pt_apo.pt_taxo_173_m","False","","Investimentos Financeiros"
"chart_462","462","Investment properties","asset_non_current","l10n_pt_apo.pt_taxo_321_s,l10n_pt_apo.pt_taxo_173_m","False","","Propriedades de investimento"
"chart_463","463","Tangible fixed assets","asset_non_current","l10n_pt_apo.pt_taxo_322_s,l10n_pt_apo.pt_taxo_173_m","False","","Ativos fixos tangíveis"
"chart_464","464","Intangible assets","asset_non_current","l10n_pt_apo.pt_taxo_323_s,l10n_pt_apo.pt_taxo_173_m","False","","Ativos intangíveis"
"chart_465","465","Others","asset_non_current","l10n_pt_apo.pt_taxo_324_s,l10n_pt_apo.pt_taxo_173_m","False","","Outros"
"chart_466","466","Non-current passive held for sale","asset_non_current","l10n_pt_apo.pt_taxo_325_s,l10n_pt_apo.pt_taxo_173_m","False","","Passivos não correntes detidos para venda"
"chart_4691","4691","Financial investments","asset_current",,"False","","Investimentos Financeiros","True"
"chart_46911","46911","ANCDV - PIA - Aceite Fiscalmente - Investimentos Financeiros","asset_non_current","l10n_pt_apo.pt_taxo_326_s,l10n_pt_apo.pt_taxo_173_m","False","","ANCDV - PIA - Aceite Fiscalmente - Investimentos Financeiros"
"chart_46912","46912","ANCDV - PIA - Aceite Fiscalmente - Propriedades de Investimento","asset_non_current","l10n_pt_apo.pt_taxo_326_s,l10n_pt_apo.pt_taxo_173_m","False","","ANCDV - PIA - Aceite Fiscalmente - Propriedades de Investimento"
"chart_46913","46913","ANCDV - PIA - Aceite Fiscalmente - Ativos Fixos Tangíveis","asset_non_current","l10n_pt_apo.pt_taxo_326_s,l10n_pt_apo.pt_taxo_173_m","False","","ANCDV - PIA - Aceite Fiscalmente - Ativos Fixos Tangíveis"
"chart_46914","46914","ANCDV - PIA - Aceite Fiscalmente - Ativos Intangíveis","asset_non_current","l10n_pt_apo.pt_taxo_326_s,l10n_pt_apo.pt_taxo_173_m","False","","ANCDV - PIA - Aceite Fiscalmente - Ativos Intangíveis"
"chart_46915","46915","ANCDV - PIA - Aceite Fiscalmente - Outros","asset_non_current","l10n_pt_apo.pt_taxo_326_s,l10n_pt_apo.pt_taxo_173_m","False","","ANCDV - PIA - Aceite Fiscalmente - Outros"
"chart_4692","4692","Investment properties","asset_current",,"False","","Propriedades de investimento","True"
"chart_46921","46921","ANCDV - PIA - Não Aceite Fiscalmente - Investimentos Financeiros","asset_non_current","l10n_pt_apo.pt_taxo_327_s,l10n_pt_apo.pt_taxo_173_m","False","","ANCDV - PIA - Não Aceite Fiscalmente - Investimentos Financeiros"
"chart_46922","46922","ANCDV - PIA - Não Aceite Fiscalmente - Propriedades de Investimento","asset_non_current","l10n_pt_apo.pt_taxo_327_s,l10n_pt_apo.pt_taxo_173_m","False","","ANCDV - PIA - Não Aceite Fiscalmente - Propriedades de Investimento"
"chart_46923","46923","ANCDV - PIA - Não Aceite Fiscalmente - Ativos Fixos Tangíveis","asset_non_current","l10n_pt_apo.pt_taxo_327_s,l10n_pt_apo.pt_taxo_173_m","False","","ANCDV - PIA - Não Aceite Fiscalmente - Ativos Fixos Tangíveis"
"chart_46924","46924","ANCDV - PIA - Não Aceite Fiscalmente - Ativos Intangíveis","asset_non_current","l10n_pt_apo.pt_taxo_327_s,l10n_pt_apo.pt_taxo_173_m","False","","ANCDV - PIA - Não Aceite Fiscalmente - Ativos Intangíveis"
"chart_46925","46925","ANCDV - PIA - Não Aceite Fiscalmente - Outros","asset_non_current","l10n_pt_apo.pt_taxo_327_s,l10n_pt_apo.pt_taxo_173_m","False","","ANCDV - PIA - Não Aceite Fiscalmente - Outros"
"chart_511","511","Capital Social","equity","l10n_pt_apo.pt_taxo_331_s,l10n_pt_apo.pt_taxo_174_m","False","","Capital Social"
"chart_521","521","Nominal value","equity","l10n_pt_apo.pt_taxo_332_s,l10n_pt_apo.pt_taxo_175_m","False","","Valor nominal"
"chart_522","522","Discounts and bonuses","equity","l10n_pt_apo.pt_taxo_333_s,l10n_pt_apo.pt_taxo_176_m","False","","Descontos e prémios"
"chart_53","53","Other instruments of equity","equity","l10n_pt_apo.pt_taxo_334_s,l10n_pt_apo.pt_taxo_177_m","False","","Outros instrumentos de capital próprio"
"chart_54","54","Emission awards","equity","l10n_pt_apo.pt_taxo_335_s,l10n_pt_apo.pt_taxo_178_m","False","","Prémios de emissão"
"chart_551","551","Legal reserves","equity","l10n_pt_apo.pt_taxo_336_s,l10n_pt_apo.pt_taxo_179_m","False","","Reservas legais"
"chart_552","552","Other reserves","equity","l10n_pt_apo.pt_taxo_337_s,l10n_pt_apo.pt_taxo_180_m","False","","Outras reservas"
"chart_561","561","Resultados Transitados","equity","l10n_pt_apo.pt_taxo_338_s,l10n_pt_apo.pt_taxo_181_m","False","","Resultados Transitados"
"chart_5711","5711","Transition adjustments","equity","l10n_pt_apo.pt_taxo_339_s,l10n_pt_apo.pt_taxo_181_m","False","","Ajustamentos de transição"
"chart_5712","5712","Unlavoded profits","equity","l10n_pt_apo.pt_taxo_340_s,l10n_pt_apo.pt_taxo_181_m","False","","Lucros não atribuídos"
"chart_5713","5713","Arising from other variations in the capitals of the participated","equity","l10n_pt_apo.pt_taxo_341_s,l10n_pt_apo.pt_taxo_181_m","False","","Decorrentes de outras variações nos capitais próprios das participadas"
"chart_579","579","Others","equity","l10n_pt_apo.pt_taxo_181_m","False","","Outros"
"chart_5811","5811","Before income tax","equity","l10n_pt_apo.pt_taxo_343_s,l10n_pt_apo.pt_taxo_182_m","False","","Antes de imposto sobre o rendimento"
"chart_5812","5812","Deferred taxes","equity","l10n_pt_apo.pt_taxo_344_s,l10n_pt_apo.pt_taxo_182_m","False","","Ativos por impostos diferidos"
"chart_5891","5891","Before income tax","equity","l10n_pt_apo.pt_taxo_183_m","False","","Antes de imposto sobre o rendimento"
"chart_5892","5892","Deferred taxes","equity","l10n_pt_apo.pt_taxo_183_m","False","","Ativos por impostos diferidos"
"chart_591","591","Differences in conversion of financial statements","equity","l10n_pt_apo.pt_taxo_347_s,l10n_pt_apo.pt_taxo_184_m","False","","Diferenças de conversão de demonstrações financeiras"
"chart_592","592","Deferred tax adjustments","equity","l10n_pt_apo.pt_taxo_348_s,l10n_pt_apo.pt_taxo_184_m","False","","Ajustamentos por impostos diferidos"
"chart_5931","5931","Assigned subsidies","equity","l10n_pt_apo.pt_taxo_349_s,l10n_pt_apo.pt_taxo_184_m","False","","Subsídios atribuídos"
"chart_5932","5932","Subsidies adjustments","equity","l10n_pt_apo.pt_taxo_350_s,l10n_pt_apo.pt_taxo_185_m","False","","Ajustamentos em subsídios"
"chart_594","594","Donations","equity","l10n_pt_apo.pt_taxo_351_s,l10n_pt_apo.pt_taxo_186_m","False","","Doações"
"chart_599","599","Others","equity","","False","","Outros"
"chart_611","611","Goods","expense_direct_cost","l10n_pt_apo.pt_taxo_353_s,l10n_pt_apo.pt_taxo_188_m","False","","Mercadorias"
"chart_612","612","Raw materials, subsidiaries and consumption","expense_direct_cost","l10n_pt_apo.pt_taxo_354_s,l10n_pt_apo.pt_taxo_189_m","False","","Matérias-primas, subsidiárias e de consumo"
"chart_613","613","Biological assets (Purchases)","expense_direct_cost","l10n_pt_apo.pt_taxo_355_s,l10n_pt_apo.pt_taxo_189_m","False","","Ativos biológicos (compras)"
"chart_621","621","Subcontracts","expense",,"False","","Subcontratos","True"
"chart_6211","6211","Subcontratos - Mercado Nacional","expense","l10n_pt_apo.pt_taxo_356_s,l10n_pt_apo.pt_taxo_190_m","False","","Subcontratos - Mercado Nacional"
"chart_6212","6212","Subcontratos - Mercado Intracomunitário","expense","l10n_pt_apo.pt_taxo_356_s,l10n_pt_apo.pt_taxo_190_m","False","","Subcontratos - Mercado Intracomunitário"
"chart_6213","6213","Subcontratos - Mercado Extracomunitário","expense","l10n_pt_apo.pt_taxo_356_s,l10n_pt_apo.pt_taxo_190_m","False","","Subcontratos - Mercado Extracomunitário"
"chart_6221","6221","Specialized jobs","expense",,"False","","Trabalhos especializados","True"
"chart_62211","62211","Trabalhos Especializados - Mercado Nacional","expense","l10n_pt_apo.pt_taxo_357_s,l10n_pt_apo.pt_taxo_191_m","False","","Trabalhos Especializados - Mercado Nacional"
"chart_62212","62212","Trabalhos Especializados - Mercado Intracomunitário","expense","l10n_pt_apo.pt_taxo_357_s,l10n_pt_apo.pt_taxo_191_m","False","","Trabalhos Especializados - Mercado Intracomunitário"
"chart_62213","62213","Trabalhos Especializados - Mercado Extracomunitário","expense","l10n_pt_apo.pt_taxo_357_s,l10n_pt_apo.pt_taxo_191_m","False","","Trabalhos Especializados - Mercado Extracomunitário"
"chart_6222","6222","Advertising and marketing","expense",,"False","","Publicidade e propaganda","True"
"chart_62221","62221","Publicidade e Propaganda - Mercado Nacional","expense","l10n_pt_apo.pt_taxo_358_s,l10n_pt_apo.pt_taxo_191_m","False","","Publicidade e Propaganda - Mercado Nacional"
"chart_62222","62222","Publicidade e Propaganda - Mercado Intracomunitário","expense","l10n_pt_apo.pt_taxo_358_s,l10n_pt_apo.pt_taxo_191_m","False","","Publicidade e Propaganda - Mercado Intracomunitário"
"chart_62223","62223","Publicidade e Propaganda - Mercado Extracomunitário","expense","l10n_pt_apo.pt_taxo_358_s,l10n_pt_apo.pt_taxo_191_m","False","","Publicidade e Propaganda - Mercado Extracomunitário"
"chart_6223","6223","Surveillance and security","expense",,"False","","Vigilância e segurança","True"
"chart_62231","62231","Vigilância e Segurança - Mercado Nacional","expense","l10n_pt_apo.pt_taxo_359_s,l10n_pt_apo.pt_taxo_191_m","False","","Vigilância e Segurança - Mercado Nacional"
"chart_62232","62232","Vigilância e Segurança - Mercado Intracomunitário","expense","l10n_pt_apo.pt_taxo_359_s,l10n_pt_apo.pt_taxo_191_m","False","","Vigilância e Segurança - Mercado Intracomunitário"
"chart_62233","62233","Vigilância e Segurança - Mercado Extracomunitário","expense","l10n_pt_apo.pt_taxo_359_s,l10n_pt_apo.pt_taxo_191_m","False","","Vigilância e Segurança - Mercado Extracomunitário"
"chart_6224","6224","Fees","expense",,"False","","Honorários","True"
"chart_62241","62241","Honorários - Mercado Nacional","expense","l10n_pt_apo.pt_taxo_360_s,l10n_pt_apo.pt_taxo_191_m","False","","Honorários - Mercado Nacional"
"chart_62242","62242","Honorários - Mercado Intracomunitário","expense","l10n_pt_apo.pt_taxo_360_s,l10n_pt_apo.pt_taxo_191_m","False","","Honorários - Mercado Intracomunitário"
"chart_62243","62243","Honorários - Mercado Extracomunitário","expense","l10n_pt_apo.pt_taxo_360_s,l10n_pt_apo.pt_taxo_191_m","False","","Honorários - Mercado Extracomunitário"
"chart_6225","6225","Commissions","expense",,"False","","Comissões","True"
"chart_62251","62251","Comissões - Mercado Nacional","expense","l10n_pt_apo.pt_taxo_361_s,l10n_pt_apo.pt_taxo_191_m","False","","Comissões - Mercado Nacional"
"chart_62252","62252","Comissões - Mercado Intracomunitário","expense","l10n_pt_apo.pt_taxo_361_s,l10n_pt_apo.pt_taxo_191_m","False","","Comissões - Mercado Intracomunitário"
"chart_62253","62253","Comissões - Mercado Extracomunitário","expense","l10n_pt_apo.pt_taxo_361_s,l10n_pt_apo.pt_taxo_191_m","False","","Comissões - Mercado Extracomunitário"
"chart_6226","6226","Conservation and repair","expense",,"False","","Conservação e reparação","True"
"chart_62261111","62261111","Conservação e Reparação - Mercado Nacional - VLPM  - Sujeito a TA (8%) - Base Tributável","expense","l10n_pt_apo.pt_taxo_362_s,l10n_pt_apo.pt_taxo_191_m","False","","Conservação e Reparação - Mercado Nacional - VLPM  - Sujeito a TA (8%) - Base Tributável"
"chart_62261112","62261112","Conservação e Reparação - Mercado Nacional - VLPM  - Sujeito a TA (8%) - IVA não dedutível","expense","l10n_pt_apo.pt_taxo_362_s,l10n_pt_apo.pt_taxo_191_m","False","","Conservação e Reparação - Mercado Nacional - VLPM  - Sujeito a TA (8%) - IVA não dedutível"
"chart_62261121","62261121","Conservação e Reparação - Mercado Nacional - VLPM  - Sujeito a TA (25%) - Base Tributável","expense","l10n_pt_apo.pt_taxo_362_s,l10n_pt_apo.pt_taxo_191_m","False","","Conservação e Reparação - Mercado Nacional - VLPM  - Sujeito a TA (25%) - Base Tributável"
"chart_62261122","62261122","Conservação e Reparação - Mercado Nacional - VLPM  - Sujeito a TA (25%) - IVA não dedutível","expense","l10n_pt_apo.pt_taxo_362_s,l10n_pt_apo.pt_taxo_191_m","False","","Conservação e Reparação - Mercado Nacional - VLPM  - Sujeito a TA (25%) - IVA não dedutível"
"chart_62261131","62261131","Conservação e Reparação - Mercado Nacional - VLPM  - Sujeito a TA (32%) - Base Tributável","expense","l10n_pt_apo.pt_taxo_362_s,l10n_pt_apo.pt_taxo_191_m","False","","Conservação e Reparação - Mercado Nacional - VLPM  - Sujeito a TA (32%) - Base Tributável"
"chart_62261132","62261132","Conservação e Reparação - Mercado Nacional - VLPM  - Sujeito a TA (32%) - IVA não dedutível","expense","l10n_pt_apo.pt_taxo_362_s,l10n_pt_apo.pt_taxo_191_m","False","","Conservação e Reparação - Mercado Nacional - VLPM  - Sujeito a TA (32%) - IVA não dedutível"
"chart_62261141","62261141","Conservação e Reparação - Mercado Nacional - VLPM  - Sujeito a TA (0%) - Base Tributável","expense","l10n_pt_apo.pt_taxo_362_s,l10n_pt_apo.pt_taxo_191_m","False","","Conservação e Reparação - Mercado Nacional - VLPM  - Sujeito a TA (0%) - Base Tributável"
"chart_62261142","62261142","Conservação e Reparação - Mercado Nacional - VLPM  - Sujeito a TA (0%) - IVA não dedutível","expense","l10n_pt_apo.pt_taxo_362_s,l10n_pt_apo.pt_taxo_191_m","False","","Conservação e Reparação - Mercado Nacional - VLPM  - Sujeito a TA (0%) - IVA não dedutível"
"chart_62261211","62261211","Conservação e Reparação - Mercado Nacional - VLPHP  - Sujeito a TA (2,5%) - Base Tributável","expense","l10n_pt_apo.pt_taxo_362_s,l10n_pt_apo.pt_taxo_191_m","False","","Conservação e Reparação - Mercado Nacional - VLPHP  - Sujeito a TA (2,5%) - Base Tributável"
"chart_62261212","62261212","Conservação e Reparação - Mercado Nacional - VLPHP  - Sujeito a TA (2,5%) - IVA não dedutível","expense","l10n_pt_apo.pt_taxo_362_s,l10n_pt_apo.pt_taxo_191_m","False","","Conservação e Reparação - Mercado Nacional - VLPHP  - Sujeito a TA (2,5%) - IVA não dedutível"
"chart_62261221","62261221","Conservação e Reparação - Mercado Nacional - VLPHP  - Sujeito a TA (7,5%) - Base Tributável","expense","l10n_pt_apo.pt_taxo_362_s,l10n_pt_apo.pt_taxo_191_m","False","","Conservação e Reparação - Mercado Nacional - VLPHP  - Sujeito a TA (7,5%) - Base Tributável"
"chart_62261222","62261222","Conservação e Reparação - Mercado Nacional - VLPHP  - Sujeito a TA (7,5%) - IVA não dedutível","expense","l10n_pt_apo.pt_taxo_362_s,l10n_pt_apo.pt_taxo_191_m","False","","Conservação e Reparação - Mercado Nacional - VLPHP  - Sujeito a TA (7,5%) - IVA não dedutível"
"chart_62261231","62261231","Conservação e Reparação - Mercado Nacional - VLPHP  - Sujeito a TA (15%) - Base Tributável","expense","l10n_pt_apo.pt_taxo_362_s,l10n_pt_apo.pt_taxo_191_m","False","","Conservação e Reparação - Mercado Nacional - VLPHP  - Sujeito a TA (15%) - Base Tributável"
"chart_62261232","62261232","Conservação e Reparação - Mercado Nacional - VLPHP  - Sujeito a TA (15%) - IVA não dedutível","expense","l10n_pt_apo.pt_taxo_362_s,l10n_pt_apo.pt_taxo_191_m","False","","Conservação e Reparação - Mercado Nacional - VLPHP  - Sujeito a TA (15%) - IVA não dedutível"
"chart_62261241","62261241","Conservação e Reparação - Mercado Nacional - VLPHP  - Sujeito a TA (0%) - Base Tributável","expense","l10n_pt_apo.pt_taxo_362_s,l10n_pt_apo.pt_taxo_191_m","False","","Conservação e Reparação - Mercado Nacional - VLPHP  - Sujeito a TA (0%) - Base Tributável"
"chart_62261242","62261242","Conservação e Reparação - Mercado Nacional - VLPHP  - Sujeito a TA (0%) - IVA não dedutível","expense","l10n_pt_apo.pt_taxo_362_s,l10n_pt_apo.pt_taxo_191_m","False","","Conservação e Reparação - Mercado Nacional - VLPHP  - Sujeito a TA (0%) - IVA não dedutível"
"chart_62261311","62261311","Conservação e Reparação - Mercado Nacional - GPL ou GNV  - Sujeito a TA (2,5%) - Base Tributável","expense","l10n_pt_apo.pt_taxo_362_s,l10n_pt_apo.pt_taxo_191_m","False","","Conservação e Reparação - Mercado Nacional - GPL ou GNV  - Sujeito a TA (2,5%) - Base Tributável"
"chart_62261312","62261312","Conservação e Reparação - Mercado Nacional - GPL ou GNV  - Sujeito a TA (2,5%) - IVA não dedutível","expense","l10n_pt_apo.pt_taxo_362_s,l10n_pt_apo.pt_taxo_191_m","False","","Conservação e Reparação - Mercado Nacional - GPL ou GNV  - Sujeito a TA (2,5%) - IVA não dedutível"
"chart_62261321","62261321","Conservação e Reparação - Mercado Nacional - GPL ou GNV  - Sujeito a TA (7,5%) - Base Tributável","expense","l10n_pt_apo.pt_taxo_362_s,l10n_pt_apo.pt_taxo_191_m","False","","Conservação e Reparação - Mercado Nacional - GPL ou GNV  - Sujeito a TA (7,5%) - Base Tributável"
"chart_62261322","62261322","Conservação e Reparação - Mercado Nacional - GPL ou GNV  - Sujeito a TA (7,5%) - IVA não dedutível","expense","l10n_pt_apo.pt_taxo_362_s,l10n_pt_apo.pt_taxo_191_m","False","","Conservação e Reparação - Mercado Nacional - GPL ou GNV  - Sujeito a TA (7,5%) - IVA não dedutível"
"chart_62261331","62261331","Conservação e Reparação - Mercado Nacional - GPL ou GNV  - Sujeito a TA (15%) - Base Tributável","expense","l10n_pt_apo.pt_taxo_362_s,l10n_pt_apo.pt_taxo_191_m","False","","Conservação e Reparação - Mercado Nacional - GPL ou GNV  - Sujeito a TA (15%) - Base Tributável"
"chart_62261332","62261332","Conservação e Reparação - Mercado Nacional - GPL ou GNV  - Sujeito a TA (15%) - IVA não dedutível","expense","l10n_pt_apo.pt_taxo_362_s,l10n_pt_apo.pt_taxo_191_m","False","","Conservação e Reparação - Mercado Nacional - GPL ou GNV  - Sujeito a TA (15%) - IVA não dedutível"
"chart_62261341","62261341","Conservação e Reparação - Mercado Nacional - GPL ou GNV  - Sujeito a TA (0%) - Base Tributável","expense","l10n_pt_apo.pt_taxo_362_s,l10n_pt_apo.pt_taxo_191_m","False","","Conservação e Reparação - Mercado Nacional - GPL ou GNV  - Sujeito a TA (0%) - Base Tributável"
"chart_62261342","62261342","Conservação e Reparação - Mercado Nacional - GPL ou GNV  - Sujeito a TA (0%) - IVA não dedutível","expense","l10n_pt_apo.pt_taxo_362_s,l10n_pt_apo.pt_taxo_191_m","False","","Conservação e Reparação - Mercado Nacional - GPL ou GNV  - Sujeito a TA (0%) - IVA não dedutível"
"chart_62261411","62261411","Conservação e Reparação - Mercado Nacional - Energia Elétrica - Sujeito a TA (10%) - Base Tributável","expense","l10n_pt_apo.pt_taxo_362_s,l10n_pt_apo.pt_taxo_191_m","False","","Conservação e Reparação - Mercado Nacional - Energia Elétrica - Sujeito a TA (10%) - Base Tributável"
"chart_62261412","62261412","Conservação e Reparação - Mercado Nacional - Energia Elétrica - Sujeito a TA (10%) - IVA não dedutível","expense","l10n_pt_apo.pt_taxo_362_s,l10n_pt_apo.pt_taxo_191_m","False","","Conservação e Reparação - Mercado Nacional - Energia Elétrica - Sujeito a TA (10%) - IVA não dedutível"
"chart_62261421","62261421","Conservação e Reparação - Mercado Nacional - Energia Elétrica - Sujeito a TA (0%) - Base Tributável","expense","l10n_pt_apo.pt_taxo_362_s,l10n_pt_apo.pt_taxo_191_m","False","","Conservação e Reparação - Mercado Nacional - Energia Elétrica - Sujeito a TA (0%) - Base Tributável"
"chart_62261422","62261422","Conservação e Reparação - Mercado Nacional - Energia Elétrica - Sujeito a TA (0%) - IVA não dedutível","expense","l10n_pt_apo.pt_taxo_362_s,l10n_pt_apo.pt_taxo_191_m","False","","Conservação e Reparação - Mercado Nacional - Energia Elétrica - Sujeito a TA (0%) - IVA não dedutível"
"chart_62262111","62262111","Conservação e Reparação - Mercado Intracomunitário - VLPM  - Sujeito a TA (8%) - Base Tributável","expense","l10n_pt_apo.pt_taxo_362_s,l10n_pt_apo.pt_taxo_191_m","False","","Conservação e Reparação - Mercado Intracomunitário - VLPM  - Sujeito a TA (8%) - Base Tributável"
"chart_62262112","62262112","Conservação e Reparação - Mercado Intracomunitário - VLPM  - Sujeito a TA (8%) - IVA não dedutível","expense","l10n_pt_apo.pt_taxo_362_s,l10n_pt_apo.pt_taxo_191_m","False","","Conservação e Reparação - Mercado Intracomunitário - VLPM  - Sujeito a TA (8%) - IVA não dedutível"
"chart_62262121","62262121","Conservação e Reparação - Mercado Intracomunitário - VLPM  - Sujeito a TA (25%) - Base Tributável","expense","l10n_pt_apo.pt_taxo_362_s,l10n_pt_apo.pt_taxo_191_m","False","","Conservação e Reparação - Mercado Intracomunitário - VLPM  - Sujeito a TA (25%) - Base Tributável"
"chart_62262122","62262122","Conservação e Reparação - Mercado Intracomunitário - VLPM  - Sujeito a TA (25%) - IVA não dedutível","expense","l10n_pt_apo.pt_taxo_362_s,l10n_pt_apo.pt_taxo_191_m","False","","Conservação e Reparação - Mercado Intracomunitário - VLPM  - Sujeito a TA (25%) - IVA não dedutível"
"chart_62262131","62262131","Conservação e Reparação - Mercado Intracomunitário - VLPM  - Sujeito a TA (32%) - Base Tributável","expense","l10n_pt_apo.pt_taxo_362_s,l10n_pt_apo.pt_taxo_191_m","False","","Conservação e Reparação - Mercado Intracomunitário - VLPM  - Sujeito a TA (32%) - Base Tributável"
"chart_62262132","62262132","Conservação e Reparação - Mercado Intracomunitário - VLPM  - Sujeito a TA (32%) - IVA não dedutível","expense","l10n_pt_apo.pt_taxo_362_s,l10n_pt_apo.pt_taxo_191_m","False","","Conservação e Reparação - Mercado Intracomunitário - VLPM  - Sujeito a TA (32%) - IVA não dedutível"
"chart_62262141","62262141","Conservação e Reparação - Mercado Intracomunitário - VLPM  - Sujeito a TA (0%) - Base Tributável","expense","l10n_pt_apo.pt_taxo_362_s,l10n_pt_apo.pt_taxo_191_m","False","","Conservação e Reparação - Mercado Intracomunitário - VLPM  - Sujeito a TA (0%) - Base Tributável"
"chart_62262142","62262142","Conservação e Reparação - Mercado Intracomunitário - VLPM  - Sujeito a TA (0%) - IVA não dedutível","expense","l10n_pt_apo.pt_taxo_362_s,l10n_pt_apo.pt_taxo_191_m","False","","Conservação e Reparação - Mercado Intracomunitário - VLPM  - Sujeito a TA (0%) - IVA não dedutível"
"chart_62262211","62262211","Conservação e Reparação - Mercado Intracomunitário - VLPHP - Sujeito a TA (2,5%) - Base Tributável","expense","l10n_pt_apo.pt_taxo_362_s,l10n_pt_apo.pt_taxo_191_m","False","","Conservação e Reparação - Mercado Intracomunitário - VLPHP - Sujeito a TA (2,5%) - Base Tributável"
"chart_62262212","62262212","Conservação e Reparação - Mercado Intracomunitário - VLPHP - Sujeito a TA (2,5%) - IVA não dedutível","expense","l10n_pt_apo.pt_taxo_362_s,l10n_pt_apo.pt_taxo_191_m","False","","Conservação e Reparação - Mercado Intracomunitário - VLPHP - Sujeito a TA (2,5%) - IVA não dedutível"
"chart_62262221","62262221","Conservação e Reparação - Mercado Intracomunitário - VLPHP - Sujeito a TA (7,5%) - Base Tributável","expense","l10n_pt_apo.pt_taxo_362_s,l10n_pt_apo.pt_taxo_191_m","False","","Conservação e Reparação - Mercado Intracomunitário - VLPHP - Sujeito a TA (7,5%) - Base Tributável"
"chart_62262222","62262222","Conservação e Reparação - Mercado Intracomunitário - VLPHP - Sujeito a TA (7,5%) - IVA não dedutível","expense","l10n_pt_apo.pt_taxo_362_s,l10n_pt_apo.pt_taxo_191_m","False","","Conservação e Reparação - Mercado Intracomunitário - VLPHP - Sujeito a TA (7,5%) - IVA não dedutível"
"chart_62262231","62262231","Conservação e Reparação - Mercado Intracomunitário - VLPHP - Sujeito a TA (15%) - Base Tributável","expense","l10n_pt_apo.pt_taxo_362_s,l10n_pt_apo.pt_taxo_191_m","False","","Conservação e Reparação - Mercado Intracomunitário - VLPHP - Sujeito a TA (15%) - Base Tributável"
"chart_62262232","62262232","Conservação e Reparação - Mercado Intracomunitário - VLPHP - Sujeito a TA (15%) - IVA não dedutível","expense","l10n_pt_apo.pt_taxo_362_s,l10n_pt_apo.pt_taxo_191_m","False","","Conservação e Reparação - Mercado Intracomunitário - VLPHP - Sujeito a TA (15%) - IVA não dedutível"
"chart_62262241","62262241","Conservação e Reparação - Mercado Intracomunitário - VLPHP - Sujeito a TA (0%) - Base Tributável","expense","l10n_pt_apo.pt_taxo_362_s,l10n_pt_apo.pt_taxo_191_m","False","","Conservação e Reparação - Mercado Intracomunitário - VLPHP - Sujeito a TA (0%) - Base Tributável"
"chart_62262242","62262242","Conservação e Reparação - Mercado Intracomunitário - VLPHP - Sujeito a TA (0%) - IVA não dedutível","expense","l10n_pt_apo.pt_taxo_362_s,l10n_pt_apo.pt_taxo_191_m","False","","Conservação e Reparação - Mercado Intracomunitário - VLPHP - Sujeito a TA (0%) - IVA não dedutível"
"chart_62262311","62262311","Conservação e Reparação - Mercado Intracomunitário - GPL ou GNV  - Sujeito a TA (2,5%) - Base Tributável","expense","l10n_pt_apo.pt_taxo_362_s,l10n_pt_apo.pt_taxo_191_m","False","","Conservação e Reparação - Mercado Intracomunitário - GPL ou GNV  - Sujeito a TA (2,5%) - Base Tributável"
"chart_62262312","62262312","Conservação e Reparação - Mercado Intracomunitário - GPL ou GNV  - Sujeito a TA (2,5%) - IVA não dedutível","expense","l10n_pt_apo.pt_taxo_362_s,l10n_pt_apo.pt_taxo_191_m","False","","Conservação e Reparação - Mercado Intracomunitário - GPL ou GNV  - Sujeito a TA (2,5%) - IVA não dedutível"
"chart_62262321","62262321","Conservação e Reparação - Mercado Intracomunitário - GPL ou GNV  - Sujeito a TA (7,5%) - Base Tributável","expense","l10n_pt_apo.pt_taxo_362_s,l10n_pt_apo.pt_taxo_191_m","False","","Conservação e Reparação - Mercado Intracomunitário - GPL ou GNV  - Sujeito a TA (7,5%) - Base Tributável"
"chart_62262322","62262322","Conservação e Reparação - Mercado Intracomunitário - GPL ou GNV  - Sujeito a TA (7,5%) - IVA não dedutível","expense","l10n_pt_apo.pt_taxo_362_s,l10n_pt_apo.pt_taxo_191_m","False","","Conservação e Reparação - Mercado Intracomunitário - GPL ou GNV  - Sujeito a TA (7,5%) - IVA não dedutível"
"chart_62262331","62262331","Conservação e Reparação - Mercado Intracomunitário - GPL ou GNV  - Sujeito a TA (15%) - Base Tributável","expense","l10n_pt_apo.pt_taxo_362_s,l10n_pt_apo.pt_taxo_191_m","False","","Conservação e Reparação - Mercado Intracomunitário - GPL ou GNV  - Sujeito a TA (15%) - Base Tributável"
"chart_62262332","62262332","Conservação e Reparação - Mercado Intracomunitário - GPL ou GNV  - Sujeito a TA (15%) - IVA não dedutível","expense","l10n_pt_apo.pt_taxo_362_s,l10n_pt_apo.pt_taxo_191_m","False","","Conservação e Reparação - Mercado Intracomunitário - GPL ou GNV  - Sujeito a TA (15%) - IVA não dedutível"
"chart_62262341","62262341","Conservação e Reparação - Mercado Intracomunitário - GPL ou GNV  - Sujeito a TA (0%) - Base Tributável","expense","l10n_pt_apo.pt_taxo_362_s,l10n_pt_apo.pt_taxo_191_m","False","","Conservação e Reparação - Mercado Intracomunitário - GPL ou GNV  - Sujeito a TA (0%) - Base Tributável"
"chart_62262342","62262342","Conservação e Reparação - Mercado Intracomunitário - GPL ou GNV  - Sujeito a TA (0%) - IVA não dedutível","expense","l10n_pt_apo.pt_taxo_362_s,l10n_pt_apo.pt_taxo_191_m","False","","Conservação e Reparação - Mercado Intracomunitário - GPL ou GNV  - Sujeito a TA (0%) - IVA não dedutível"
"chart_62262411","62262411","Conservação e Reparação - Mercado Intracomunitário - Energia Elétrica - Sujeito a TA (10%) - Base Tributável","expense","l10n_pt_apo.pt_taxo_362_s,l10n_pt_apo.pt_taxo_191_m","False","","Conservação e Reparação - Mercado Intracomunitário - Energia Elétrica - Sujeito a TA (10%) - Base Tributável"
"chart_62262412","62262412","Conservação e Reparação - Mercado Intracomunitário - Energia Elétrica - Sujeito a TA (10%) - IVA não dedutível","expense","l10n_pt_apo.pt_taxo_362_s,l10n_pt_apo.pt_taxo_191_m","False","","Conservação e Reparação - Mercado Intracomunitário - Energia Elétrica - Sujeito a TA (10%) - IVA não dedutível"
"chart_62262421","62262421","Conservação e Reparação - Mercado Intracomunitário - Energia Elétrica - Sujeito a TA (0%) - Base Tributável","expense","l10n_pt_apo.pt_taxo_362_s,l10n_pt_apo.pt_taxo_191_m","False","","Conservação e Reparação - Mercado Intracomunitário - Energia Elétrica - Sujeito a TA (0%) - Base Tributável"
"chart_62262422","62262422","Conservação e Reparação - Mercado Intracomunitário - Energia Elétrica - Sujeito a TA (0%) - IVA não dedutível","expense","l10n_pt_apo.pt_taxo_362_s,l10n_pt_apo.pt_taxo_191_m","False","","Conservação e Reparação - Mercado Intracomunitário - Energia Elétrica - Sujeito a TA (0%) - IVA não dedutível"
"chart_62263111","62263111","Conservação e Reparação - Mercado Extracomunitário - VLPM  - Sujeito a TA (8%) - Base Tributável","expense","l10n_pt_apo.pt_taxo_362_s,l10n_pt_apo.pt_taxo_191_m","False","","Conservação e Reparação - Mercado Extracomunitário - VLPM  - Sujeito a TA (8%) - Base Tributável"
"chart_62263112","62263112","Conservação e Reparação - Mercado Extracomunitário - VLPM  - Sujeito a TA (8%) - IVA não dedutível","expense","l10n_pt_apo.pt_taxo_362_s,l10n_pt_apo.pt_taxo_191_m","False","","Conservação e Reparação - Mercado Extracomunitário - VLPM  - Sujeito a TA (8%) - IVA não dedutível"
"chart_62263121","62263121","Conservação e Reparação - Mercado Extracomunitário - VLPM  - Sujeito a TA (25%) - Base Tributável","expense","l10n_pt_apo.pt_taxo_362_s,l10n_pt_apo.pt_taxo_191_m","False","","Conservação e Reparação - Mercado Extracomunitário - VLPM  - Sujeito a TA (25%) - Base Tributável"
"chart_62263122","62263122","Conservação e Reparação - Mercado Extracomunitário - VLPM  - Sujeito a TA (25%) - IVA não dedutível","expense","l10n_pt_apo.pt_taxo_362_s,l10n_pt_apo.pt_taxo_191_m","False","","Conservação e Reparação - Mercado Extracomunitário - VLPM  - Sujeito a TA (25%) - IVA não dedutível"
"chart_62263131","62263131","Conservação e Reparação - Mercado Extracomunitário - VLPM  - Sujeito a TA (32%) - Base Tributável","expense","l10n_pt_apo.pt_taxo_362_s,l10n_pt_apo.pt_taxo_191_m","False","","Conservação e Reparação - Mercado Extracomunitário - VLPM  - Sujeito a TA (32%) - Base Tributável"
"chart_62263132","62263132","Conservação e Reparação - Mercado Extracomunitário - VLPM  - Sujeito a TA (32%) - IVA não dedutível","expense","l10n_pt_apo.pt_taxo_362_s,l10n_pt_apo.pt_taxo_191_m","False","","Conservação e Reparação - Mercado Extracomunitário - VLPM  - Sujeito a TA (32%) - IVA não dedutível"
"chart_62263141","62263141","Conservação e Reparação - Mercado Extracomunitário - VLPM  - Sujeito a TA (0%) - Base Tributável","expense","l10n_pt_apo.pt_taxo_362_s,l10n_pt_apo.pt_taxo_191_m","False","","Conservação e Reparação - Mercado Extracomunitário - VLPM  - Sujeito a TA (0%) - Base Tributável"
"chart_62263142","62263142","Conservação e Reparação - Mercado Extracomunitário - VLPM  - Sujeito a TA (0%) - IVA não dedutível","expense","l10n_pt_apo.pt_taxo_362_s,l10n_pt_apo.pt_taxo_191_m","False","","Conservação e Reparação - Mercado Extracomunitário - VLPM  - Sujeito a TA (0%) - IVA não dedutível"
"chart_62263211","62263211","Conservação e Reparação - Mercado Extracomunitário - VLPHP - Sujeito a TA (2,5%) - Base Tributável","expense","l10n_pt_apo.pt_taxo_362_s,l10n_pt_apo.pt_taxo_191_m","False","","Conservação e Reparação - Mercado Extracomunitário - VLPHP - Sujeito a TA (2,5%) - Base Tributável"
"chart_62263212","62263212","Conservação e Reparação - Mercado Extracomunitário - VLPHP - Sujeito a TA (2,5%) - IVA não dedutível","expense","l10n_pt_apo.pt_taxo_362_s,l10n_pt_apo.pt_taxo_191_m","False","","Conservação e Reparação - Mercado Extracomunitário - VLPHP - Sujeito a TA (2,5%) - IVA não dedutível"
"chart_62263221","62263221","Conservação e Reparação - Mercado Extracomunitário - VLPHP - Sujeito a TA (7,5%) - Base Tributável","expense","l10n_pt_apo.pt_taxo_362_s,l10n_pt_apo.pt_taxo_191_m","False","","Conservação e Reparação - Mercado Extracomunitário - VLPHP - Sujeito a TA (7,5%) - Base Tributável"
"chart_62263222","62263222","Conservação e Reparação - Mercado Extracomunitário - VLPHP - Sujeito a TA (7,5%) - IVA não dedutível","expense","l10n_pt_apo.pt_taxo_362_s,l10n_pt_apo.pt_taxo_191_m","False","","Conservação e Reparação - Mercado Extracomunitário - VLPHP - Sujeito a TA (7,5%) - IVA não dedutível"
"chart_62263231","62263231","Conservação e Reparação - Mercado Extracomunitário - VLPHP - Sujeito a TA (15%) - Base Tributável","expense","l10n_pt_apo.pt_taxo_362_s,l10n_pt_apo.pt_taxo_191_m","False","","Conservação e Reparação - Mercado Extracomunitário - VLPHP - Sujeito a TA (15%) - Base Tributável"
"chart_62263232","62263232","Conservação e Reparação - Mercado Extracomunitário - VLPHP - Sujeito a TA (15%) - IVA não dedutível","expense","l10n_pt_apo.pt_taxo_362_s,l10n_pt_apo.pt_taxo_191_m","False","","Conservação e Reparação - Mercado Extracomunitário - VLPHP - Sujeito a TA (15%) - IVA não dedutível"
"chart_62263241","62263241","Conservação e Reparação - Mercado Extracomunitário - VLPHP - Sujeito a TA (0%) - Base Tributável","expense","l10n_pt_apo.pt_taxo_362_s,l10n_pt_apo.pt_taxo_191_m","False","","Conservação e Reparação - Mercado Extracomunitário - VLPHP - Sujeito a TA (0%) - Base Tributável"
"chart_62263242","62263242","Conservação e Reparação - Mercado Extracomunitário - VLPHP - Sujeito a TA (0%) - IVA não dedutível","expense","l10n_pt_apo.pt_taxo_362_s,l10n_pt_apo.pt_taxo_191_m","False","","Conservação e Reparação - Mercado Extracomunitário - VLPHP - Sujeito a TA (0%) - IVA não dedutível"
"chart_62263311","62263311","Conservação e Reparação - Mercado Extracomunitário - GPL ou GNV  - Sujeito a TA (2,5%) - Base Tributável","expense","l10n_pt_apo.pt_taxo_362_s,l10n_pt_apo.pt_taxo_191_m","False","","Conservação e Reparação - Mercado Extracomunitário - GPL ou GNV  - Sujeito a TA (2,5%) - Base Tributável"
"chart_62263312","62263312","Conservação e Reparação - Mercado Extracomunitário - GPL ou GNV  - Sujeito a TA (2,5%) - IVA não dedutível","expense","l10n_pt_apo.pt_taxo_362_s,l10n_pt_apo.pt_taxo_191_m","False","","Conservação e Reparação - Mercado Extracomunitário - GPL ou GNV  - Sujeito a TA (2,5%) - IVA não dedutível"
"chart_62263321","62263321","Conservação e Reparação - Mercado Extracomunitário - GPL ou GNV  - Sujeito a TA (7,5%) - Base Tributável","expense","l10n_pt_apo.pt_taxo_362_s,l10n_pt_apo.pt_taxo_191_m","False","","Conservação e Reparação - Mercado Extracomunitário - GPL ou GNV  - Sujeito a TA (7,5%) - Base Tributável"
"chart_62263322","62263322","Conservação e Reparação - Mercado Extracomunitário - GPL ou GNV  - Sujeito a TA (7,5%) - IVA não dedutível","expense","l10n_pt_apo.pt_taxo_362_s,l10n_pt_apo.pt_taxo_191_m","False","","Conservação e Reparação - Mercado Extracomunitário - GPL ou GNV  - Sujeito a TA (7,5%) - IVA não dedutível"
"chart_62263331","62263331","Conservação e Reparação - Mercado Extracomunitário - GPL ou GNV  - Sujeito a TA (15%) - Base Tributável","expense","l10n_pt_apo.pt_taxo_362_s,l10n_pt_apo.pt_taxo_191_m","False","","Conservação e Reparação - Mercado Extracomunitário - GPL ou GNV  - Sujeito a TA (15%) - Base Tributável"
"chart_62263332","62263332","Conservação e Reparação - Mercado Extracomunitário - GPL ou GNV  - Sujeito a TA (15%) - IVA não dedutível","expense","l10n_pt_apo.pt_taxo_362_s,l10n_pt_apo.pt_taxo_191_m","False","","Conservação e Reparação - Mercado Extracomunitário - GPL ou GNV  - Sujeito a TA (15%) - IVA não dedutível"
"chart_62263341","62263341","Conservação e Reparação - Mercado Extracomunitário - GPL ou GNV  - Sujeito a TA (0%) - Base Tributável","expense","l10n_pt_apo.pt_taxo_362_s,l10n_pt_apo.pt_taxo_191_m","False","","Conservação e Reparação - Mercado Extracomunitário - GPL ou GNV  - Sujeito a TA (0%) - Base Tributável"
"chart_62263342","62263342","Conservação e Reparação - Mercado Extracomunitário - GPL ou GNV  - Sujeito a TA (0%) - IVA não dedutível","expense","l10n_pt_apo.pt_taxo_362_s,l10n_pt_apo.pt_taxo_191_m","False","","Conservação e Reparação - Mercado Extracomunitário - GPL ou GNV  - Sujeito a TA (0%) - IVA não dedutível"
"chart_62263411","62263411","Conservação e Reparação - Mercado Extracomunitário - Energia Elétrica - Sujeito a TA (10%) - Base Tributável","expense","l10n_pt_apo.pt_taxo_362_s,l10n_pt_apo.pt_taxo_191_m","False","","Conservação e Reparação - Mercado Extracomunitário - Energia Elétrica - Sujeito a TA (10%) - Base Tributável"
"chart_62263412","62263412","Conservação e Reparação - Mercado Extracomunitário - Energia Elétrica - Sujeito a TA (10%) - IVA não dedutível","expense","l10n_pt_apo.pt_taxo_362_s,l10n_pt_apo.pt_taxo_191_m","False","","Conservação e Reparação - Mercado Extracomunitário - Energia Elétrica - Sujeito a TA (10%) - IVA não dedutível"
"chart_62263421","62263421","Conservação e Reparação - Mercado Extracomunitário - Energia Elétrica - Sujeito a TA (0%) - Base Tributável","expense","l10n_pt_apo.pt_taxo_362_s,l10n_pt_apo.pt_taxo_191_m","False","","Conservação e Reparação - Mercado Extracomunitário - Energia Elétrica - Sujeito a TA (0%) - Base Tributável"
"chart_62263422","62263422","Conservação e Reparação - Mercado Extracomunitário - Energia Elétrica - Sujeito a TA (0%) - IVA não dedutível","expense","l10n_pt_apo.pt_taxo_362_s,l10n_pt_apo.pt_taxo_191_m","False","","Conservação e Reparação - Mercado Extracomunitário - Energia Elétrica - Sujeito a TA (0%) - IVA não dedutível"
"chart_6228","6228","Others","expense",,"False","","Outros","True"
"chart_62281","62281","Outros Serviços - Mercado Nacional","expense","l10n_pt_apo.pt_taxo_191_m","False","","Outros Serviços - Mercado Nacional"
"chart_62282","62282","Outros Serviços -Mercado Intracomunitário","expense","l10n_pt_apo.pt_taxo_191_m","False","","Outros Serviços -Mercado Intracomunitário"
"chart_62283","62283","Outros Serviços - Mercado Extracomunitário","expense","l10n_pt_apo.pt_taxo_191_m","False","","Outros Serviços - Mercado Extracomunitário"
"chart_6231","6231","Quick wear tools and utensils","expense",,"False","","Ferramentas e utensílios de desgaste rápido","True"
"chart_62311","62311","Ferramentas e Utensílios de Desgaste Rápido - Mercado Nacional","expense","l10n_pt_apo.pt_taxo_364_s,l10n_pt_apo.pt_taxo_192_m","False","","Ferramentas e Utensílios de Desgaste Rápido - Mercado Nacional"
"chart_62312","62312","Ferramentas e Utensílios de Desgaste Rápido - Mercado Intracomunitário","expense","l10n_pt_apo.pt_taxo_364_s,l10n_pt_apo.pt_taxo_192_m","False","","Ferramentas e Utensílios de Desgaste Rápido - Mercado Intracomunitário"
"chart_62313","62313","Ferramentas e Utensílios de Desgaste Rápido - Mercado Extracomunitário","expense","l10n_pt_apo.pt_taxo_364_s,l10n_pt_apo.pt_taxo_192_m","False","","Ferramentas e Utensílios de Desgaste Rápido - Mercado Extracomunitário"
"chart_6232","6232","Books and technical documentation","expense",,"False","","Livros e documentação técnica","True"
"chart_62321","62321","Livros e Documentação Técnica - Mercado Nacional","expense","l10n_pt_apo.pt_taxo_365_s,l10n_pt_apo.pt_taxo_192_m","False","","Livros e Documentação Técnica - Mercado Nacional"
"chart_62322","62322","Livros e Documentação Técnica - Mercado Intracomunitário","expense","l10n_pt_apo.pt_taxo_365_s,l10n_pt_apo.pt_taxo_192_m","False","","Livros e Documentação Técnica - Mercado Intracomunitário"
"chart_62323","62323","Livros e Documentação Técnica - Mercado Extracomunitário","expense","l10n_pt_apo.pt_taxo_365_s,l10n_pt_apo.pt_taxo_192_m","False","","Livros e Documentação Técnica - Mercado Extracomunitário"
"chart_6233","6233","Office supplies","expense",,"False","","Material de escritório","True"
"chart_62331","62331","Material de Escritório - Mercado Nacional","expense","l10n_pt_apo.pt_taxo_366_s,l10n_pt_apo.pt_taxo_192_m","False","","Material de Escritório - Mercado Nacional"
"chart_62332","62332","Material de Escritório - Mercado Intracomunitário","expense","l10n_pt_apo.pt_taxo_366_s,l10n_pt_apo.pt_taxo_192_m","False","","Material de Escritório - Mercado Intracomunitário"
"chart_62333","62333","Material de Escritório - Mercado Extracomunitário","expense","l10n_pt_apo.pt_taxo_366_s,l10n_pt_apo.pt_taxo_192_m","False","","Material de Escritório - Mercado Extracomunitário"
"chart_6234","6234","Things on sale","expense",,"False","","Artigos para oferta","True"
"chart_62341","62341","Artigos para Oferta - Mercado Nacional","expense","l10n_pt_apo.pt_taxo_367_s,l10n_pt_apo.pt_taxo_192_m","False","","Artigos para Oferta - Mercado Nacional"
"chart_62342","62342","Artigos para Oferta - Mercado Intracomunitário","expense","l10n_pt_apo.pt_taxo_367_s,l10n_pt_apo.pt_taxo_192_m","False","","Artigos para Oferta - Mercado Intracomunitário"
"chart_62343","62343","Artigos para Oferta - Mercado Extracomunitário","expense","l10n_pt_apo.pt_taxo_367_s,l10n_pt_apo.pt_taxo_192_m","False","","Artigos para Oferta - Mercado Extracomunitário"
"chart_6238","6238","Others","expense",,"False","","Outros","True"
"chart_62381","62381","Outros Materiais - Mercado Nacional","expense","l10n_pt_apo.pt_taxo_192_m","False","","Outros Materiais - Mercado Nacional"
"chart_62382","62382","Outros Materiais - Mercado Intracomunitário","expense","l10n_pt_apo.pt_taxo_192_m","False","","Outros Materiais - Mercado Intracomunitário"
"chart_62383","62383","Outros Materiais - Mercado Extracomunitário","expense","l10n_pt_apo.pt_taxo_192_m","False","","Outros Materiais - Mercado Extracomunitário"
"chart_6241","6241","Electricity","expense",,"False","","Eletricidade","True"
"chart_62411","62411","Energia - Mercado Nacional","expense","l10n_pt_apo.pt_taxo_369_s,l10n_pt_apo.pt_taxo_193_m","False","","Energia - Mercado Nacional"
"chart_62412","62412","Energia - Mercado Intracomunitário","expense","l10n_pt_apo.pt_taxo_369_s,l10n_pt_apo.pt_taxo_193_m","False","","Energia - Mercado Intracomunitário"
"chart_62413","62413","Energia - Mercado Extracomunitário","expense","l10n_pt_apo.pt_taxo_369_s,l10n_pt_apo.pt_taxo_193_m","False","","Energia - Mercado Extracomunitário"
"chart_6242","6242","Fuels","expense",,"False","","Combustíveis","True"
"chart_624211111","624211111","Combustíveis - Mercado Nacional - VLPM - Sujeito a TA (8%) - Gasolina - Base Tributável","expense","l10n_pt_apo.pt_taxo_370_s,l10n_pt_apo.pt_taxo_193_m","False","","Combustíveis - Mercado Nacional - VLPM - Sujeito a TA (8%) - Gasolina - Base Tributável"
"chart_624211112","624211112","Combustíveis - Mercado Nacional - VLPM - Sujeito a TA (8%) - Gasolina - IVA não dedutível (100%)","expense","l10n_pt_apo.pt_taxo_370_s,l10n_pt_apo.pt_taxo_193_m","False","","Combustíveis - Mercado Nacional - VLPM - Sujeito a TA (8%) - Gasolina - IVA não dedutível (100%)"
"chart_624211121","624211121","Combustíveis - Mercado Nacional - VLPM - Sujeito a TA (8%) - Gasóleo - Base Tributável","expense","l10n_pt_apo.pt_taxo_370_s,l10n_pt_apo.pt_taxo_193_m","False","","Combustíveis - Mercado Nacional - VLPM - Sujeito a TA (8%) - Gasóleo - Base Tributável"
"chart_624211122","624211122","Combustíveis - Mercado Nacional - VLPM - Sujeito a TA (8%) - Gasóleo - IVA não dedutível (50%)","expense","l10n_pt_apo.pt_taxo_370_s,l10n_pt_apo.pt_taxo_193_m","False","","Combustíveis - Mercado Nacional - VLPM - Sujeito a TA (8%) - Gasóleo - IVA não dedutível (50%)"
"chart_624211211","624211211","Combustíveis - Mercado Nacional - VLPM - Sujeito a TA (25%) - Gasolina - Base Tributável","expense","l10n_pt_apo.pt_taxo_370_s,l10n_pt_apo.pt_taxo_193_m","False","","Combustíveis - Mercado Nacional - VLPM - Sujeito a TA (25%) - Gasolina - Base Tributável"
"chart_624211212","624211212","Combustíveis - Mercado Nacional - VLPM - Sujeito a TA (25%) - Gasolina - IVA não dedutível (100%)","expense","l10n_pt_apo.pt_taxo_370_s,l10n_pt_apo.pt_taxo_193_m","False","","Combustíveis - Mercado Nacional - VLPM - Sujeito a TA (25%) - Gasolina - IVA não dedutível (100%)"
"chart_624211221","624211221","Combustíveis - Mercado Nacional - VLPM - Sujeito a TA (25%) - Gasóleo - Base Tributável","expense","l10n_pt_apo.pt_taxo_370_s,l10n_pt_apo.pt_taxo_193_m","False","","Combustíveis - Mercado Nacional - VLPM - Sujeito a TA (25%) - Gasóleo - Base Tributável"
"chart_624211222","624211222","Combustíveis - Mercado Nacional - VLPM - Sujeito a TA (25%) - Gasóleo - IVA não dedutível (50%)","expense","l10n_pt_apo.pt_taxo_370_s,l10n_pt_apo.pt_taxo_193_m","False","","Combustíveis - Mercado Nacional - VLPM - Sujeito a TA (25%) - Gasóleo - IVA não dedutível (50%)"
"chart_624211311","624211311","Combustíveis - Mercado Nacional - VLPM - Sujeito a TA (32%) - Gasolina - Base Tributável","expense","l10n_pt_apo.pt_taxo_370_s,l10n_pt_apo.pt_taxo_193_m","False","","Combustíveis - Mercado Nacional - VLPM - Sujeito a TA (32%) - Gasolina - Base Tributável"
"chart_624211312","624211312","Combustíveis - Mercado Nacional - VLPM - Sujeito a TA (32%) - Gasolina - IVA não dedutível (100%)","expense","l10n_pt_apo.pt_taxo_370_s,l10n_pt_apo.pt_taxo_193_m","False","","Combustíveis - Mercado Nacional - VLPM - Sujeito a TA (32%) - Gasolina - IVA não dedutível (100%)"
"chart_624211321","624211321","Combustíveis - Mercado Nacional - VLPM - Sujeito a TA (32%) - Gasóleo - Base Tributável","expense","l10n_pt_apo.pt_taxo_370_s,l10n_pt_apo.pt_taxo_193_m","False","","Combustíveis - Mercado Nacional - VLPM - Sujeito a TA (32%) - Gasóleo - Base Tributável"
"chart_624211322","624211322","Combustíveis - Mercado Nacional - VLPM - Sujeito a TA (32%) - Gasóleo - IVA não dedutível (50%)","expense","l10n_pt_apo.pt_taxo_370_s,l10n_pt_apo.pt_taxo_193_m","False","","Combustíveis - Mercado Nacional - VLPM - Sujeito a TA (32%) - Gasóleo - IVA não dedutível (50%)"
"chart_624211411","624211411","Combustíveis - Mercado Nacional - VLPM - Sujeito a TA (0%) - Gasolina - Base Tributável","expense","l10n_pt_apo.pt_taxo_370_s,l10n_pt_apo.pt_taxo_193_m","False","","Combustíveis - Mercado Nacional - VLPM - Sujeito a TA (0%) - Gasolina - Base Tributável"
"chart_624211412","624211412","Combustíveis - Mercado Nacional - VLPM - Sujeito a TA (0%) - Gasolina - IVA não dedutível (100%)","expense","l10n_pt_apo.pt_taxo_370_s,l10n_pt_apo.pt_taxo_193_m","False","","Combustíveis - Mercado Nacional - VLPM - Sujeito a TA (0%) - Gasolina - IVA não dedutível (100%)"
"chart_624211421","624211421","Combustíveis - Mercado Nacional - VLPM - Sujeito a TA (0%) - Gasóleo - Base Tributável","expense","l10n_pt_apo.pt_taxo_370_s,l10n_pt_apo.pt_taxo_193_m","False","","Combustíveis - Mercado Nacional - VLPM - Sujeito a TA (0%) - Gasóleo - Base Tributável"
"chart_624211422","624211422","Combustíveis - Mercado Nacional - VLPM - Sujeito a TA (0%) - Gasóleo - IVA não dedutível (50%)","expense","l10n_pt_apo.pt_taxo_370_s,l10n_pt_apo.pt_taxo_193_m","False","","Combustíveis - Mercado Nacional - VLPM - Sujeito a TA (0%) - Gasóleo - IVA não dedutível (50%)"
"chart_624212111","624212111","Combustíveis - Mercado Nacional - VLPHP - Sujeito a TA (2,5%) - Gasolina - Base Tributável","expense","l10n_pt_apo.pt_taxo_370_s,l10n_pt_apo.pt_taxo_193_m","False","","Combustíveis - Mercado Nacional - VLPHP - Sujeito a TA (2,5%) - Gasolina - Base Tributável"
"chart_624212112","624212112","Combustíveis - Mercado Nacional - VLPHP - Sujeito a TA (2,5%) - Gasolina - IVA não dedutível (100%)","expense","l10n_pt_apo.pt_taxo_370_s,l10n_pt_apo.pt_taxo_193_m","False","","Combustíveis - Mercado Nacional - VLPHP - Sujeito a TA (2,5%) - Gasolina - IVA não dedutível (100%)"
"chart_624212121","624212121","Combustíveis - Mercado Nacional - VLPHP - Sujeito a TA (2,5%) - Gasóleo - Base Tributável","expense","l10n_pt_apo.pt_taxo_370_s,l10n_pt_apo.pt_taxo_193_m","False","","Combustíveis - Mercado Nacional - VLPHP - Sujeito a TA (2,5%) - Gasóleo - Base Tributável"
"chart_624212122","624212122","Combustíveis - Mercado Nacional - VLPHP - Sujeito a TA (2,5%) - Gasóleo - IVA não dedutível (50%)","expense","l10n_pt_apo.pt_taxo_370_s,l10n_pt_apo.pt_taxo_193_m","False","","Combustíveis - Mercado Nacional - VLPHP - Sujeito a TA (2,5%) - Gasóleo - IVA não dedutível (50%)"
"chart_624212211","624212211","Combustíveis - Mercado Nacional - VLPHP - Sujeito a TA (7,5%) - Gasolina - Base Tributável","expense","l10n_pt_apo.pt_taxo_370_s,l10n_pt_apo.pt_taxo_193_m","False","","Combustíveis - Mercado Nacional - VLPHP - Sujeito a TA (7,5%) - Gasolina - Base Tributável"
"chart_624212212","624212212","Combustíveis - Mercado Nacional - VLPHP - Sujeito a TA (7,5%) - Gasolina - IVA não dedutível (100%)","expense","l10n_pt_apo.pt_taxo_370_s,l10n_pt_apo.pt_taxo_193_m","False","","Combustíveis - Mercado Nacional - VLPHP - Sujeito a TA (7,5%) - Gasolina - IVA não dedutível (100%)"
"chart_624212221","624212221","Combustíveis - Mercado Nacional - VLPHP - Sujeito a TA (7,5%) - Gasóleo - Base Tributável","expense","l10n_pt_apo.pt_taxo_370_s,l10n_pt_apo.pt_taxo_193_m","False","","Combustíveis - Mercado Nacional - VLPHP - Sujeito a TA (7,5%) - Gasóleo - Base Tributável"
"chart_624212222","624212222","Combustíveis - Mercado Nacional - VLPHP - Sujeito a TA (7,5%) - Gasóleo - IVA não dedutível (50%)","expense","l10n_pt_apo.pt_taxo_370_s,l10n_pt_apo.pt_taxo_193_m","False","","Combustíveis - Mercado Nacional - VLPHP - Sujeito a TA (7,5%) - Gasóleo - IVA não dedutível (50%)"
"chart_624212311","624212311","Combustíveis - Mercado Nacional - VLPHP - Sujeito a TA (15%) - Gasolina - Base Tributável","expense","l10n_pt_apo.pt_taxo_370_s,l10n_pt_apo.pt_taxo_193_m","False","","Combustíveis - Mercado Nacional - VLPHP - Sujeito a TA (15%) - Gasolina - Base Tributável"
"chart_624212312","624212312","Combustíveis - Mercado Nacional - VLPHP - Sujeito a TA (15%) - Gasolina - IVA não dedutível (100%)","expense","l10n_pt_apo.pt_taxo_370_s,l10n_pt_apo.pt_taxo_193_m","False","","Combustíveis - Mercado Nacional - VLPHP - Sujeito a TA (15%) - Gasolina - IVA não dedutível (100%)"
"chart_624212321","624212321","Combustíveis - Mercado Nacional - VLPHP - Sujeito a TA (15%) - Gasóleo - Base Tributável","expense","l10n_pt_apo.pt_taxo_370_s,l10n_pt_apo.pt_taxo_193_m","False","","Combustíveis - Mercado Nacional - VLPHP - Sujeito a TA (15%) - Gasóleo - Base Tributável"
"chart_624212322","624212322","Combustíveis - Mercado Nacional - VLPHP - Sujeito a TA (15%) - Gasóleo - IVA não dedutível (50%)","expense","l10n_pt_apo.pt_taxo_370_s,l10n_pt_apo.pt_taxo_193_m","False","","Combustíveis - Mercado Nacional - VLPHP - Sujeito a TA (15%) - Gasóleo - IVA não dedutível (50%)"
"chart_624212411","624212411","Combustíveis - Mercado Nacional - VLPHP - Sujeito a TA (0%) - Gasolina - Base Tributável","expense","l10n_pt_apo.pt_taxo_370_s,l10n_pt_apo.pt_taxo_193_m","False","","Combustíveis - Mercado Nacional - VLPHP - Sujeito a TA (0%) - Gasolina - Base Tributável"
"chart_624212412","624212412","Combustíveis - Mercado Nacional - VLPHP - Sujeito a TA (0%) - Gasolina - IVA não dedutível (100%)","expense","l10n_pt_apo.pt_taxo_370_s,l10n_pt_apo.pt_taxo_193_m","False","","Combustíveis - Mercado Nacional - VLPHP - Sujeito a TA (0%) - Gasolina - IVA não dedutível (100%)"
"chart_624212421","624212421","Combustíveis - Mercado Nacional - VLPHP - Sujeito a TA (0%) - Gasóleo - Base Tributável","expense","l10n_pt_apo.pt_taxo_370_s,l10n_pt_apo.pt_taxo_193_m","False","","Combustíveis - Mercado Nacional - VLPHP - Sujeito a TA (0%) - Gasóleo - Base Tributável"
"chart_624212422","624212422","Combustíveis - Mercado Nacional - VLPHP - Sujeito a TA (0%) - Gasóleo - IVA não dedutível (50%)","expense","l10n_pt_apo.pt_taxo_370_s,l10n_pt_apo.pt_taxo_193_m","False","","Combustíveis - Mercado Nacional - VLPHP - Sujeito a TA (0%) - Gasóleo - IVA não dedutível (50%)"
"chart_624213111","624213111","Combustíveis - Mercado Nacional - GPL ou GNV - Sujeito a TA (2,5%) - Gasolina - Base Tributável","expense","l10n_pt_apo.pt_taxo_370_s,l10n_pt_apo.pt_taxo_193_m","False","","Combustíveis - Mercado Nacional - GPL ou GNV - Sujeito a TA (2,5%) - Gasolina - Base Tributável"
"chart_624213112","624213112","Combustíveis - Mercado Nacional - GPL ou GNV - Sujeito a TA (2,5%) - Gasolina - IVA não dedutível (100%)","expense","l10n_pt_apo.pt_taxo_370_s,l10n_pt_apo.pt_taxo_193_m","False","","Combustíveis - Mercado Nacional - GPL ou GNV - Sujeito a TA (2,5%) - Gasolina - IVA não dedutível (100%)"
"chart_624213121","624213121","Combustíveis - Mercado Nacional - GPL ou GNV - Sujeito a TA (2,5%) - Gasóleo - Base Tributável","expense","l10n_pt_apo.pt_taxo_370_s,l10n_pt_apo.pt_taxo_193_m","False","","Combustíveis - Mercado Nacional - GPL ou GNV - Sujeito a TA (2,5%) - Gasóleo - Base Tributável"
"chart_624213122","624213122","Combustíveis - Mercado Nacional - GPL ou GNV - Sujeito a TA (2,5%) - Gasóleo - IVA não dedutível (50%)","expense","l10n_pt_apo.pt_taxo_370_s,l10n_pt_apo.pt_taxo_193_m","False","","Combustíveis - Mercado Nacional - GPL ou GNV - Sujeito a TA (2,5%) - Gasóleo - IVA não dedutível (50%)"
"chart_624213211","624213211","Combustíveis - Mercado Nacional - GPL ou GNV - Sujeito a TA (7,5%) - Gasolina - Base Tributável","expense","l10n_pt_apo.pt_taxo_370_s,l10n_pt_apo.pt_taxo_193_m","False","","Combustíveis - Mercado Nacional - GPL ou GNV - Sujeito a TA (7,5%) - Gasolina - Base Tributável"
"chart_624213212","624213212","Combustíveis - Mercado Nacional - GPL ou GNV - Sujeito a TA (7,5%) - Gasolina - IVA não dedutível (100%)","expense","l10n_pt_apo.pt_taxo_370_s,l10n_pt_apo.pt_taxo_193_m","False","","Combustíveis - Mercado Nacional - GPL ou GNV - Sujeito a TA (7,5%) - Gasolina - IVA não dedutível (100%)"
"chart_624213221","624213221","Combustíveis - Mercado Nacional - GPL ou GNV - Sujeito a TA (7,5%) - Gasóleo - Base Tributável","expense","l10n_pt_apo.pt_taxo_370_s,l10n_pt_apo.pt_taxo_193_m","False","","Combustíveis - Mercado Nacional - GPL ou GNV - Sujeito a TA (7,5%) - Gasóleo - Base Tributável"
"chart_624213222","624213222","Combustíveis - Mercado Nacional - GPL ou GNV - Sujeito a TA (7,5%) - Gasóleo - IVA não dedutível (50%)","expense","l10n_pt_apo.pt_taxo_370_s,l10n_pt_apo.pt_taxo_193_m","False","","Combustíveis - Mercado Nacional - GPL ou GNV - Sujeito a TA (7,5%) - Gasóleo - IVA não dedutível (50%)"
"chart_624213311","624213311","Combustíveis - Mercado Nacional - GPL ou GNV - Sujeito a TA (15%) - Gasolina - Base Tributável","expense","l10n_pt_apo.pt_taxo_370_s,l10n_pt_apo.pt_taxo_193_m","False","","Combustíveis - Mercado Nacional - GPL ou GNV - Sujeito a TA (15%) - Gasolina - Base Tributável"
"chart_624213312","624213312","Combustíveis - Mercado Nacional - GPL ou GNV - Sujeito a TA (15%) - Gasolina - IVA não dedutível (100%)","expense","l10n_pt_apo.pt_taxo_370_s,l10n_pt_apo.pt_taxo_193_m","False","","Combustíveis - Mercado Nacional - GPL ou GNV - Sujeito a TA (15%) - Gasolina - IVA não dedutível (100%)"
"chart_624213321","624213321","Combustíveis - Mercado Nacional - GPL ou GNV - Sujeito a TA (15%) - Gasóleo - Base Tributável","expense","l10n_pt_apo.pt_taxo_370_s,l10n_pt_apo.pt_taxo_193_m","False","","Combustíveis - Mercado Nacional - GPL ou GNV - Sujeito a TA (15%) - Gasóleo - Base Tributável"
"chart_624213322","624213322","Combustíveis - Mercado Nacional - GPL ou GNV - Sujeito a TA (15%) - Gasóleo - IVA não dedutível (50%)","expense","l10n_pt_apo.pt_taxo_370_s,l10n_pt_apo.pt_taxo_193_m","False","","Combustíveis - Mercado Nacional - GPL ou GNV - Sujeito a TA (15%) - Gasóleo - IVA não dedutível (50%)"
"chart_624213411","624213411","Combustíveis - Mercado Nacional - GPL ou GNV - Sujeito a TA (0%) - Gasolina - Base Tributável","expense","l10n_pt_apo.pt_taxo_370_s,l10n_pt_apo.pt_taxo_193_m","False","","Combustíveis - Mercado Nacional - GPL ou GNV - Sujeito a TA (0%) - Gasolina - Base Tributável"
"chart_624213412","624213412","Combustíveis - Mercado Nacional - GPL ou GNV - Sujeito a TA (0%) - Gasolina - IVA não dedutível (100%)","expense","l10n_pt_apo.pt_taxo_370_s,l10n_pt_apo.pt_taxo_193_m","False","","Combustíveis - Mercado Nacional - GPL ou GNV - Sujeito a TA (0%) - Gasolina - IVA não dedutível (100%)"
"chart_624213421","624213421","Combustíveis - Mercado Nacional - GPL ou GNV - Sujeito a TA (0%) - Gasóleo - Base Tributável","expense","l10n_pt_apo.pt_taxo_370_s,l10n_pt_apo.pt_taxo_193_m","False","","Combustíveis - Mercado Nacional - GPL ou GNV - Sujeito a TA (0%) - Gasóleo - Base Tributável"
"chart_624213422","624213422","Combustíveis - Mercado Nacional - GPL ou GNV - Sujeito a TA (0%) - Gasóleo - IVA não dedutível (50%)","expense","l10n_pt_apo.pt_taxo_370_s,l10n_pt_apo.pt_taxo_193_m","False","","Combustíveis - Mercado Nacional - GPL ou GNV - Sujeito a TA (0%) - Gasóleo - IVA não dedutível (50%)"
"chart_62421411","62421411","Combustíveis - Mercado Nacional - Energia Elétrica - Sujeito a TA (10%) - Ano de Aquisição 2015 a 2023","expense","l10n_pt_apo.pt_taxo_370_s,l10n_pt_apo.pt_taxo_193_m","False","","Combustíveis - Mercado Nacional - Energia Elétrica - Sujeito a TA (10%) - Ano de Aquisição 2015 a 2023"
"chart_62421412","62421412","Combustíveis - Mercado Nacional - Energia Elétrica - Sujeito a TA (10%) - Ano de Aquisição 2012 a 2014","expense","l10n_pt_apo.pt_taxo_370_s,l10n_pt_apo.pt_taxo_193_m","False","","Combustíveis - Mercado Nacional - Energia Elétrica - Sujeito a TA (10%) - Ano de Aquisição 2012 a 2014"
"chart_62421413","62421413","Combustíveis - Mercado Nacional - Energia Elétrica - Sujeito a TA (10%) - Ano de Aquisição 2011","expense","l10n_pt_apo.pt_taxo_370_s,l10n_pt_apo.pt_taxo_193_m","False","","Combustíveis - Mercado Nacional - Energia Elétrica - Sujeito a TA (10%) - Ano de Aquisição 2011"
"chart_62421414","62421414","Combustíveis - Mercado Nacional - Energia Elétrica - Sujeito a TA (10%) - Ano de Aquisição 2010","expense","l10n_pt_apo.pt_taxo_370_s,l10n_pt_apo.pt_taxo_193_m","False","","Combustíveis - Mercado Nacional - Energia Elétrica - Sujeito a TA (10%) - Ano de Aquisição 2010"
"chart_62421415","62421415","Combustíveis - Mercado Nacional - Energia Elétrica - Sujeito a TA (10%) - Ano de Aquisição 2009","expense","l10n_pt_apo.pt_taxo_370_s,l10n_pt_apo.pt_taxo_193_m","False","","Combustíveis - Mercado Nacional - Energia Elétrica - Sujeito a TA (10%) - Ano de Aquisição 2009"
"chart_6242142","6242142","Combustíveis - Mercado Nacional - Energia Elétrica - Sujeito a TA (0%)","expense","l10n_pt_apo.pt_taxo_370_s,l10n_pt_apo.pt_taxo_193_m","False","","Combustíveis - Mercado Nacional - Energia Elétrica - Sujeito a TA (0%)"
"chart_624221111","624221111","Combustíveis - Mercado Intracomunitário - VLPM - Sujeito a TA (8%) - Gasolina - Base Tributável","expense","l10n_pt_apo.pt_taxo_370_s,l10n_pt_apo.pt_taxo_193_m","False","","Combustíveis - Mercado Intracomunitário - VLPM - Sujeito a TA (8%) - Gasolina - Base Tributável"
"chart_624221112","624221112","Combustíveis - Mercado Intracomunitário - VLPM - Sujeito a TA (8%) - Gasolina - IVA não dedutível (100%)","expense","l10n_pt_apo.pt_taxo_370_s,l10n_pt_apo.pt_taxo_193_m","False","","Combustíveis - Mercado Intracomunitário - VLPM - Sujeito a TA (8%) - Gasolina - IVA não dedutível (100%)"
"chart_624221121","624221121","Combustíveis - Mercado Intracomunitário - VLPM - Sujeito a TA (8%) - Gasóleo - Base Tributável","expense","l10n_pt_apo.pt_taxo_370_s,l10n_pt_apo.pt_taxo_193_m","False","","Combustíveis - Mercado Intracomunitário - VLPM - Sujeito a TA (8%) - Gasóleo - Base Tributável"
"chart_624221122","624221122","Combustíveis - Mercado Intracomunitário - VLPM - Sujeito a TA (8%) - Gasóleo - IVA não dedutível (50%)","expense","l10n_pt_apo.pt_taxo_370_s,l10n_pt_apo.pt_taxo_193_m","False","","Combustíveis - Mercado Intracomunitário - VLPM - Sujeito a TA (8%) - Gasóleo - IVA não dedutível (50%)"
"chart_624221211","624221211","Combustíveis - Mercado Intracomunitário - VLPM - Sujeito a TA (25%) - Gasolina - Base Tributável","expense","l10n_pt_apo.pt_taxo_370_s,l10n_pt_apo.pt_taxo_193_m","False","","Combustíveis - Mercado Intracomunitário - VLPM - Sujeito a TA (25%) - Gasolina - Base Tributável"
"chart_624221212","624221212","Combustíveis - Mercado Intracomunitário - VLPM - Sujeito a TA (25%) - Gasolina - IVA não dedutível (100%)","expense","l10n_pt_apo.pt_taxo_370_s,l10n_pt_apo.pt_taxo_193_m","False","","Combustíveis - Mercado Intracomunitário - VLPM - Sujeito a TA (25%) - Gasolina - IVA não dedutível (100%)"
"chart_624221221","624221221","Combustíveis - Mercado Intracomunitário - VLPM - Sujeito a TA (25%) - Gasóleo - Base Tributável","expense","l10n_pt_apo.pt_taxo_370_s,l10n_pt_apo.pt_taxo_193_m","False","","Combustíveis - Mercado Intracomunitário - VLPM - Sujeito a TA (25%) - Gasóleo - Base Tributável"
"chart_624221222","624221222","Combustíveis - Mercado Intracomunitário - VLPM - Sujeito a TA (25%) - Gasóleo - IVA não dedutível (50%)","expense","l10n_pt_apo.pt_taxo_370_s,l10n_pt_apo.pt_taxo_193_m","False","","Combustíveis - Mercado Intracomunitário - VLPM - Sujeito a TA (25%) - Gasóleo - IVA não dedutível (50%)"
"chart_624221311","624221311","Combustíveis - Mercado Intracomunitário - VLPM - Sujeito a TA (32%) - Gasolina - Base Tributável","expense","l10n_pt_apo.pt_taxo_370_s,l10n_pt_apo.pt_taxo_193_m","False","","Combustíveis - Mercado Intracomunitário - VLPM - Sujeito a TA (32%) - Gasolina - Base Tributável"
"chart_624221312","624221312","Combustíveis - Mercado Intracomunitário - VLPM - Sujeito a TA (32%) - Gasolina - IVA não dedutível (100%)","expense","l10n_pt_apo.pt_taxo_370_s,l10n_pt_apo.pt_taxo_193_m","False","","Combustíveis - Mercado Intracomunitário - VLPM - Sujeito a TA (32%) - Gasolina - IVA não dedutível (100%)"
"chart_624221321","624221321","Combustíveis - Mercado Intracomunitário - VLPM - Sujeito a TA (32%) - Gasóleo - Base Tributável","expense","l10n_pt_apo.pt_taxo_370_s,l10n_pt_apo.pt_taxo_193_m","False","","Combustíveis - Mercado Intracomunitário - VLPM - Sujeito a TA (32%) - Gasóleo - Base Tributável"
"chart_624221322","624221322","Combustíveis - Mercado Intracomunitário - VLPM - Sujeito a TA (32%) - Gasóleo - IVA não dedutível (50%)","expense","l10n_pt_apo.pt_taxo_370_s,l10n_pt_apo.pt_taxo_193_m","False","","Combustíveis - Mercado Intracomunitário - VLPM - Sujeito a TA (32%) - Gasóleo - IVA não dedutível (50%)"
"chart_624221411","624221411","Combustíveis - Mercado Intracomunitário - VLPM - Sujeito a TA (0%) - Gasolina - Base Tributável","expense","l10n_pt_apo.pt_taxo_370_s,l10n_pt_apo.pt_taxo_193_m","False","","Combustíveis - Mercado Intracomunitário - VLPM - Sujeito a TA (0%) - Gasolina - Base Tributável"
"chart_624221412","624221412","Combustíveis - Mercado Intracomunitário - VLPM - Sujeito a TA (0%) - Gasolina - IVA não dedutível (100%)","expense","l10n_pt_apo.pt_taxo_370_s,l10n_pt_apo.pt_taxo_193_m","False","","Combustíveis - Mercado Intracomunitário - VLPM - Sujeito a TA (0%) - Gasolina - IVA não dedutível (100%)"
"chart_624221421","624221421","Combustíveis - Mercado Intracomunitário - VLPM - Sujeito a TA (0%) - Gasóleo - Base Tributável","expense","l10n_pt_apo.pt_taxo_370_s,l10n_pt_apo.pt_taxo_193_m","False","","Combustíveis - Mercado Intracomunitário - VLPM - Sujeito a TA (0%) - Gasóleo - Base Tributável"
"chart_624221422","624221422","Combustíveis - Mercado Intracomunitário - VLPM - Sujeito a TA (0%) - Gasóleo - IVA não dedutível (50%)","expense","l10n_pt_apo.pt_taxo_370_s,l10n_pt_apo.pt_taxo_193_m","False","","Combustíveis - Mercado Intracomunitário - VLPM - Sujeito a TA (0%) - Gasóleo - IVA não dedutível (50%)"
"chart_624222111","624222111","Combustíveis - Mercado Intracomunitário - VLPHP - Sujeito a TA (2,5%) - Gasolina - Base Tributável","expense","l10n_pt_apo.pt_taxo_370_s,l10n_pt_apo.pt_taxo_193_m","False","","Combustíveis - Mercado Intracomunitário - VLPHP - Sujeito a TA (2,5%) - Gasolina - Base Tributável"
"chart_624222112","624222112","Combustíveis - Mercado Intracomunitário - VLPHP - Sujeito a TA (2,5%) - Gasolina - IVA não dedutível (100%)","expense","l10n_pt_apo.pt_taxo_370_s,l10n_pt_apo.pt_taxo_193_m","False","","Combustíveis - Mercado Intracomunitário - VLPHP - Sujeito a TA (2,5%) - Gasolina - IVA não dedutível (100%)"
"chart_624222121","624222121","Combustíveis - Mercado Intracomunitário - VLPHP - Sujeito a TA (2,5%) - Gasóleo - Base Tributável","expense","l10n_pt_apo.pt_taxo_370_s,l10n_pt_apo.pt_taxo_193_m","False","","Combustíveis - Mercado Intracomunitário - VLPHP - Sujeito a TA (2,5%) - Gasóleo - Base Tributável"
"chart_624222122","624222122","Combustíveis - Mercado Intracomunitário - VLPHP - Sujeito a TA (2,5%) - Gasóleo - IVA não dedutível (50%)","expense","l10n_pt_apo.pt_taxo_370_s,l10n_pt_apo.pt_taxo_193_m","False","","Combustíveis - Mercado Intracomunitário - VLPHP - Sujeito a TA (2,5%) - Gasóleo - IVA não dedutível (50%)"
"chart_624222211","624222211","Combustíveis - Mercado Intracomunitário - VLPHP - Sujeito a TA (7,5%) - Gasolina - Base Tributável","expense","l10n_pt_apo.pt_taxo_370_s,l10n_pt_apo.pt_taxo_193_m","False","","Combustíveis - Mercado Intracomunitário - VLPHP - Sujeito a TA (7,5%) - Gasolina - Base Tributável"
"chart_624222212","624222212","Combustíveis - Mercado Intracomunitário - VLPHP - Sujeito a TA (7,5%) - Gasolina - IVA não dedutível (100%)","expense","l10n_pt_apo.pt_taxo_370_s,l10n_pt_apo.pt_taxo_193_m","False","","Combustíveis - Mercado Intracomunitário - VLPHP - Sujeito a TA (7,5%) - Gasolina - IVA não dedutível (100%)"
"chart_624222221","624222221","Combustíveis - Mercado Intracomunitário - VLPHP - Sujeito a TA (7,5%) - Gasóleo - Base Tributável","expense","l10n_pt_apo.pt_taxo_370_s,l10n_pt_apo.pt_taxo_193_m","False","","Combustíveis - Mercado Intracomunitário - VLPHP - Sujeito a TA (7,5%) - Gasóleo - Base Tributável"
"chart_624222222","624222222","Combustíveis - Mercado Intracomunitário - VLPHP - Sujeito a TA (7,5%) - Gasóleo - IVA não dedutível (50%)","expense","l10n_pt_apo.pt_taxo_370_s,l10n_pt_apo.pt_taxo_193_m","False","","Combustíveis - Mercado Intracomunitário - VLPHP - Sujeito a TA (7,5%) - Gasóleo - IVA não dedutível (50%)"
"chart_624222311","624222311","Combustíveis - Mercado Intracomunitário - VLPHP - Sujeito a TA (15%) - Gasolina - Base Tributável","expense","l10n_pt_apo.pt_taxo_370_s,l10n_pt_apo.pt_taxo_193_m","False","","Combustíveis - Mercado Intracomunitário - VLPHP - Sujeito a TA (15%) - Gasolina - Base Tributável"
"chart_624222312","624222312","Combustíveis - Mercado Intracomunitário - VLPHP - Sujeito a TA (15%) - Gasolina - IVA não dedutível (100%)","expense","l10n_pt_apo.pt_taxo_370_s,l10n_pt_apo.pt_taxo_193_m","False","","Combustíveis - Mercado Intracomunitário - VLPHP - Sujeito a TA (15%) - Gasolina - IVA não dedutível (100%)"
"chart_624222321","624222321","Combustíveis - Mercado Intracomunitário - VLPHP - Sujeito a TA (15%) - Gasóleo - Base Tributável","expense","l10n_pt_apo.pt_taxo_370_s,l10n_pt_apo.pt_taxo_193_m","False","","Combustíveis - Mercado Intracomunitário - VLPHP - Sujeito a TA (15%) - Gasóleo - Base Tributável"
"chart_624222322","624222322","Combustíveis - Mercado Intracomunitário - VLPHP - Sujeito a TA (15%) - Gasóleo - IVA não dedutível (50%)","expense","l10n_pt_apo.pt_taxo_370_s,l10n_pt_apo.pt_taxo_193_m","False","","Combustíveis - Mercado Intracomunitário - VLPHP - Sujeito a TA (15%) - Gasóleo - IVA não dedutível (50%)"
"chart_624222411","624222411","Combustíveis - Mercado Intracomunitário - VLPHP - Sujeito a TA (0%) - Gasolina - Base Tributável","expense","l10n_pt_apo.pt_taxo_370_s,l10n_pt_apo.pt_taxo_193_m","False","","Combustíveis - Mercado Intracomunitário - VLPHP - Sujeito a TA (0%) - Gasolina - Base Tributável"
"chart_624222412","624222412","Combustíveis - Mercado Intracomunitário - VLPHP - Sujeito a TA (0%) - Gasolina - IVA não dedutível (100%)","expense","l10n_pt_apo.pt_taxo_370_s,l10n_pt_apo.pt_taxo_193_m","False","","Combustíveis - Mercado Intracomunitário - VLPHP - Sujeito a TA (0%) - Gasolina - IVA não dedutível (100%)"
"chart_624222421","624222421","Combustíveis - Mercado Intracomunitário - VLPHP - Sujeito a TA (0%) - Gasóleo - Base Tributável","expense","l10n_pt_apo.pt_taxo_370_s,l10n_pt_apo.pt_taxo_193_m","False","","Combustíveis - Mercado Intracomunitário - VLPHP - Sujeito a TA (0%) - Gasóleo - Base Tributável"
"chart_624222422","624222422","Combustíveis - Mercado Intracomunitário - VLPHP - Sujeito a TA (0%) - Gasóleo - IVA não dedutível (50%)","expense","l10n_pt_apo.pt_taxo_370_s,l10n_pt_apo.pt_taxo_193_m","False","","Combustíveis - Mercado Intracomunitário - VLPHP - Sujeito a TA (0%) - Gasóleo - IVA não dedutível (50%)"
"chart_624223111","624223111","Combustíveis - Mercado Intracomunitário - GPL ou GNV - Sujeito a TA (2,5%) - Gasolina - Base Tributável","expense","l10n_pt_apo.pt_taxo_370_s,l10n_pt_apo.pt_taxo_193_m","False","","Combustíveis - Mercado Intracomunitário - GPL ou GNV - Sujeito a TA (2,5%) - Gasolina - Base Tributável"
"chart_624223112","624223112","Combustíveis - Mercado Intracomunitário - GPL ou GNV - Sujeito a TA (2,5%) - Gasolina - IVA não dedutível (100%)","expense","l10n_pt_apo.pt_taxo_370_s,l10n_pt_apo.pt_taxo_193_m","False","","Combustíveis - Mercado Intracomunitário - GPL ou GNV - Sujeito a TA (2,5%) - Gasolina - IVA não dedutível (100%)"
"chart_624223121","624223121","Combustíveis - Mercado Intracomunitário - GPL ou GNV - Sujeito a TA (2,5%) - Gasóleo - Base Tributável","expense","l10n_pt_apo.pt_taxo_370_s,l10n_pt_apo.pt_taxo_193_m","False","","Combustíveis - Mercado Intracomunitário - GPL ou GNV - Sujeito a TA (2,5%) - Gasóleo - Base Tributável"
"chart_624223122","624223122","Combustíveis - Mercado Intracomunitário - GPL ou GNV - Sujeito a TA (2,5%) - Gasóleo - IVA não dedutível (50%)","expense","l10n_pt_apo.pt_taxo_370_s,l10n_pt_apo.pt_taxo_193_m","False","","Combustíveis - Mercado Intracomunitário - GPL ou GNV - Sujeito a TA (2,5%) - Gasóleo - IVA não dedutível (50%)"
"chart_624223211","624223211","Combustíveis - Mercado Intracomunitário - GPL ou GNV - Sujeito a TA (7,5%) - Gasolina - Base Tributável","expense","l10n_pt_apo.pt_taxo_370_s,l10n_pt_apo.pt_taxo_193_m","False","","Combustíveis - Mercado Intracomunitário - GPL ou GNV - Sujeito a TA (7,5%) - Gasolina - Base Tributável"
"chart_624223212","624223212","Combustíveis - Mercado Intracomunitário - GPL ou GNV - Sujeito a TA (7,5%) - Gasolina - IVA não dedutível (100%)","expense","l10n_pt_apo.pt_taxo_370_s,l10n_pt_apo.pt_taxo_193_m","False","","Combustíveis - Mercado Intracomunitário - GPL ou GNV - Sujeito a TA (7,5%) - Gasolina - IVA não dedutível (100%)"
"chart_624223221","624223221","Combustíveis - Mercado Intracomunitário - GPL ou GNV - Sujeito a TA (7,5%) - Gasóleo - Base Tributável","expense","l10n_pt_apo.pt_taxo_370_s,l10n_pt_apo.pt_taxo_193_m","False","","Combustíveis - Mercado Intracomunitário - GPL ou GNV - Sujeito a TA (7,5%) - Gasóleo - Base Tributável"
"chart_624223222","624223222","Combustíveis - Mercado Intracomunitário - GPL ou GNV - Sujeito a TA (7,5%) - Gasóleo - IVA não dedutível (50%)","expense","l10n_pt_apo.pt_taxo_370_s,l10n_pt_apo.pt_taxo_193_m","False","","Combustíveis - Mercado Intracomunitário - GPL ou GNV - Sujeito a TA (7,5%) - Gasóleo - IVA não dedutível (50%)"
"chart_624223311","624223311","Combustíveis - Mercado Intracomunitário - GPL ou GNV - Sujeito a TA (15%) - Gasolina - Base Tributável","expense","l10n_pt_apo.pt_taxo_370_s,l10n_pt_apo.pt_taxo_193_m","False","","Combustíveis - Mercado Intracomunitário - GPL ou GNV - Sujeito a TA (15%) - Gasolina - Base Tributável"
"chart_624223312","624223312","Combustíveis - Mercado Intracomunitário - GPL ou GNV - Sujeito a TA (15%) - Gasolina - IVA não dedutível (100%)","expense","l10n_pt_apo.pt_taxo_370_s,l10n_pt_apo.pt_taxo_193_m","False","","Combustíveis - Mercado Intracomunitário - GPL ou GNV - Sujeito a TA (15%) - Gasolina - IVA não dedutível (100%)"
"chart_624223321","624223321","Combustíveis - Mercado Intracomunitário - GPL ou GNV - Sujeito a TA (15%) - Gasóleo - Base Tributável","expense","l10n_pt_apo.pt_taxo_370_s,l10n_pt_apo.pt_taxo_193_m","False","","Combustíveis - Mercado Intracomunitário - GPL ou GNV - Sujeito a TA (15%) - Gasóleo - Base Tributável"
"chart_624223322","624223322","Combustíveis - Mercado Intracomunitário - GPL ou GNV - Sujeito a TA (15%) - Gasóleo - IVA não dedutível (50%)","expense","l10n_pt_apo.pt_taxo_370_s,l10n_pt_apo.pt_taxo_193_m","False","","Combustíveis - Mercado Intracomunitário - GPL ou GNV - Sujeito a TA (15%) - Gasóleo - IVA não dedutível (50%)"
"chart_624223411","624223411","Combustíveis - Mercado Intracomunitário - GPL ou GNV - Sujeito a TA (0%) - Gasolina - Base Tributável","expense","l10n_pt_apo.pt_taxo_370_s,l10n_pt_apo.pt_taxo_193_m","False","","Combustíveis - Mercado Intracomunitário - GPL ou GNV - Sujeito a TA (0%) - Gasolina - Base Tributável"
"chart_624223412","624223412","Combustíveis - Mercado Intracomunitário - GPL ou GNV - Sujeito a TA (0%) - Gasolina - IVA não dedutível (100%)","expense","l10n_pt_apo.pt_taxo_370_s,l10n_pt_apo.pt_taxo_193_m","False","","Combustíveis - Mercado Intracomunitário - GPL ou GNV - Sujeito a TA (0%) - Gasolina - IVA não dedutível (100%)"
"chart_624223421","624223421","Combustíveis - Mercado Intracomunitário - GPL ou GNV - Sujeito a TA (0%) - Gasóleo - Base Tributável","expense","l10n_pt_apo.pt_taxo_370_s,l10n_pt_apo.pt_taxo_193_m","False","","Combustíveis - Mercado Intracomunitário - GPL ou GNV - Sujeito a TA (0%) - Gasóleo - Base Tributável"
"chart_624223422","624223422","Combustíveis - Mercado Intracomunitário - GPL ou GNV - Sujeito a TA (0%) - Gasóleo - IVA não dedutível (50%)","expense","l10n_pt_apo.pt_taxo_370_s,l10n_pt_apo.pt_taxo_193_m","False","","Combustíveis - Mercado Intracomunitário - GPL ou GNV - Sujeito a TA (0%) - Gasóleo - IVA não dedutível (50%)"
"chart_62422411","62422411","Combustíveis - Mercado Intracomunitário - Energia Elétrica - Sujeito a TA (10%) - Ano de Aquisição 2015 a 2023","expense","l10n_pt_apo.pt_taxo_370_s,l10n_pt_apo.pt_taxo_193_m","False","","Combustíveis - Mercado Intracomunitário - Energia Elétrica - Sujeito a TA (10%) - Ano de Aquisição 2015 a 2023"
"chart_62422412","62422412","Combustíveis - Mercado Intracomunitário - Energia Elétrica - Sujeito a TA (10%) - Ano de Aquisição 2012 a 2014","expense","l10n_pt_apo.pt_taxo_370_s,l10n_pt_apo.pt_taxo_193_m","False","","Combustíveis - Mercado Intracomunitário - Energia Elétrica - Sujeito a TA (10%) - Ano de Aquisição 2012 a 2014"
"chart_62422413","62422413","Combustíveis - Mercado Intracomunitário - Energia Elétrica - Sujeito a TA (10%) - Ano de Aquisição 2011","expense","l10n_pt_apo.pt_taxo_370_s,l10n_pt_apo.pt_taxo_193_m","False","","Combustíveis - Mercado Intracomunitário - Energia Elétrica - Sujeito a TA (10%) - Ano de Aquisição 2011"
"chart_62422414","62422414","Combustíveis - Mercado Intracomunitário - Energia Elétrica - Sujeito a TA (10%) - Ano de Aquisição 2010","expense","l10n_pt_apo.pt_taxo_370_s,l10n_pt_apo.pt_taxo_193_m","False","","Combustíveis - Mercado Intracomunitário - Energia Elétrica - Sujeito a TA (10%) - Ano de Aquisição 2010"
"chart_62422415","62422415","Combustíveis - Mercado Intracomunitário - Energia Elétrica - Sujeito a TA (10%) - Ano de Aquisição 2009","expense","l10n_pt_apo.pt_taxo_370_s,l10n_pt_apo.pt_taxo_193_m","False","","Combustíveis - Mercado Intracomunitário - Energia Elétrica - Sujeito a TA (10%) - Ano de Aquisição 2009"
"chart_6242242","6242242","Combustíveis - Mercado Intracomunitário - Energia Elétrica - Sujeito a TA (0%) ","expense","l10n_pt_apo.pt_taxo_370_s,l10n_pt_apo.pt_taxo_193_m","False","","Combustíveis - Mercado Intracomunitário - Energia Elétrica - Sujeito a TA (0%) "
"chart_624231111","624231111","Combustíveis - Mercado Extracomunitário - VLPM - Sujeito a TA (8%) - Gasolina - Base Tributável","expense","l10n_pt_apo.pt_taxo_370_s,l10n_pt_apo.pt_taxo_193_m","False","","Combustíveis - Mercado Extracomunitário - VLPM - Sujeito a TA (8%) - Gasolina - Base Tributável"
"chart_624231112","624231112","Combustíveis - Mercado Extracomunitário - VLPM - Sujeito a TA (8%) - Gasolina - IVA não dedutível (100%)","expense","l10n_pt_apo.pt_taxo_370_s,l10n_pt_apo.pt_taxo_193_m","False","","Combustíveis - Mercado Extracomunitário - VLPM - Sujeito a TA (8%) - Gasolina - IVA não dedutível (100%)"
"chart_624231121","624231121","Combustíveis - Mercado Extracomunitário - VLPM - Sujeito a TA (8%) - Gasóleo - Base Tributável","expense","l10n_pt_apo.pt_taxo_370_s,l10n_pt_apo.pt_taxo_193_m","False","","Combustíveis - Mercado Extracomunitário - VLPM - Sujeito a TA (8%) - Gasóleo - Base Tributável"
"chart_624231122","624231122","Combustíveis - Mercado Extracomunitário - VLPM - Sujeito a TA (8%) - Gasóleo - IVA não dedutível (50%)","expense","l10n_pt_apo.pt_taxo_370_s,l10n_pt_apo.pt_taxo_193_m","False","","Combustíveis - Mercado Extracomunitário - VLPM - Sujeito a TA (8%) - Gasóleo - IVA não dedutível (50%)"
"chart_624231211","624231211","Combustíveis - Mercado Extracomunitário - VLPM - Sujeito a TA (25%) - Gasolina - Base Tributável","expense","l10n_pt_apo.pt_taxo_370_s,l10n_pt_apo.pt_taxo_193_m","False","","Combustíveis - Mercado Extracomunitário - VLPM - Sujeito a TA (25%) - Gasolina - Base Tributável"
"chart_624231212","624231212","Combustíveis - Mercado Extracomunitário - VLPM - Sujeito a TA (25%) - Gasolina - IVA não dedutível (100%)","expense","l10n_pt_apo.pt_taxo_370_s,l10n_pt_apo.pt_taxo_193_m","False","","Combustíveis - Mercado Extracomunitário - VLPM - Sujeito a TA (25%) - Gasolina - IVA não dedutível (100%)"
"chart_624231221","624231221","Combustíveis - Mercado Extracomunitário - VLPM - Sujeito a TA (25%) - Gasóleo - Base Tributável","expense","l10n_pt_apo.pt_taxo_370_s,l10n_pt_apo.pt_taxo_193_m","False","","Combustíveis - Mercado Extracomunitário - VLPM - Sujeito a TA (25%) - Gasóleo - Base Tributável"
"chart_624231222","624231222","Combustíveis - Mercado Extracomunitário - VLPM - Sujeito a TA (25%) - Gasóleo - IVA não dedutível (50%)","expense","l10n_pt_apo.pt_taxo_370_s,l10n_pt_apo.pt_taxo_193_m","False","","Combustíveis - Mercado Extracomunitário - VLPM - Sujeito a TA (25%) - Gasóleo - IVA não dedutível (50%)"
"chart_624231311","624231311","Combustíveis - Mercado Extracomunitário - VLPM - Sujeito a TA (32%) - Gasolina - Base Tributável","expense","l10n_pt_apo.pt_taxo_370_s,l10n_pt_apo.pt_taxo_193_m","False","","Combustíveis - Mercado Extracomunitário - VLPM - Sujeito a TA (32%) - Gasolina - Base Tributável"
"chart_624231312","624231312","Combustíveis - Mercado Extracomunitário - VLPM - Sujeito a TA (32%) - Gasolina - IVA não dedutível (100%)","expense","l10n_pt_apo.pt_taxo_370_s,l10n_pt_apo.pt_taxo_193_m","False","","Combustíveis - Mercado Extracomunitário - VLPM - Sujeito a TA (32%) - Gasolina - IVA não dedutível (100%)"
"chart_624231321","624231321","Combustíveis - Mercado Extracomunitário - VLPM - Sujeito a TA (32%) - Gasóleo - Base Tributável","expense","l10n_pt_apo.pt_taxo_370_s,l10n_pt_apo.pt_taxo_193_m","False","","Combustíveis - Mercado Extracomunitário - VLPM - Sujeito a TA (32%) - Gasóleo - Base Tributável"
"chart_624231322","624231322","Combustíveis - Mercado Extracomunitário - VLPM - Sujeito a TA (32%) - Gasóleo - IVA não dedutível (50%)","expense","l10n_pt_apo.pt_taxo_370_s,l10n_pt_apo.pt_taxo_193_m","False","","Combustíveis - Mercado Extracomunitário - VLPM - Sujeito a TA (32%) - Gasóleo - IVA não dedutível (50%)"
"chart_624231411","624231411","Combustíveis - Mercado Extracomunitário - VLPM - Sujeito a TA (0%) - Gasolina - Base Tributável","expense","l10n_pt_apo.pt_taxo_370_s,l10n_pt_apo.pt_taxo_193_m","False","","Combustíveis - Mercado Extracomunitário - VLPM - Sujeito a TA (0%) - Gasolina - Base Tributável"
"chart_624231412","624231412","Combustíveis - Mercado Extracomunitário - VLPM - Sujeito a TA (0%) - Gasolina - IVA não dedutível (100%)","expense","l10n_pt_apo.pt_taxo_370_s,l10n_pt_apo.pt_taxo_193_m","False","","Combustíveis - Mercado Extracomunitário - VLPM - Sujeito a TA (0%) - Gasolina - IVA não dedutível (100%)"
"chart_624231421","624231421","Combustíveis - Mercado Extracomunitário - VLPM - Sujeito a TA (0%) - Gasóleo - Base Tributável","expense","l10n_pt_apo.pt_taxo_370_s,l10n_pt_apo.pt_taxo_193_m","False","","Combustíveis - Mercado Extracomunitário - VLPM - Sujeito a TA (0%) - Gasóleo - Base Tributável"
"chart_624231422","624231422","Combustíveis - Mercado Extracomunitário - VLPM - Sujeito a TA (0%) - Gasóleo - IVA não dedutível (50%)","expense","l10n_pt_apo.pt_taxo_370_s,l10n_pt_apo.pt_taxo_193_m","False","","Combustíveis - Mercado Extracomunitário - VLPM - Sujeito a TA (0%) - Gasóleo - IVA não dedutível (50%)"
"chart_624232111","624232111","Combustíveis - Mercado Extracomunitário - VLPHP - Sujeito a TA (2,5%) - Gasolina - Base Tributável","expense","l10n_pt_apo.pt_taxo_370_s,l10n_pt_apo.pt_taxo_193_m","False","","Combustíveis - Mercado Extracomunitário - VLPHP - Sujeito a TA (2,5%) - Gasolina - Base Tributável"
"chart_624232112","624232112","Combustíveis - Mercado Extracomunitário - VLPHP - Sujeito a TA (2,5%) - Gasolina - IVA não dedutível (100%)","expense","l10n_pt_apo.pt_taxo_370_s,l10n_pt_apo.pt_taxo_193_m","False","","Combustíveis - Mercado Extracomunitário - VLPHP - Sujeito a TA (2,5%) - Gasolina - IVA não dedutível (100%)"
"chart_624232121","624232121","Combustíveis - Mercado Extracomunitário - VLPHP - Sujeito a TA (2,5%) - Gasóleo - Base Tributável","expense","l10n_pt_apo.pt_taxo_370_s,l10n_pt_apo.pt_taxo_193_m","False","","Combustíveis - Mercado Extracomunitário - VLPHP - Sujeito a TA (2,5%) - Gasóleo - Base Tributável"
"chart_624232122","624232122","Combustíveis - Mercado Extracomunitário - VLPHP - Sujeito a TA (2,5%) - Gasóleo - IVA não dedutível (50%)","expense","l10n_pt_apo.pt_taxo_370_s,l10n_pt_apo.pt_taxo_193_m","False","","Combustíveis - Mercado Extracomunitário - VLPHP - Sujeito a TA (2,5%) - Gasóleo - IVA não dedutível (50%)"
"chart_624232211","624232211","Combustíveis - Mercado Extracomunitário - VLPHP - Sujeito a TA (7,5%) - Gasolina - Base Tributável","expense","l10n_pt_apo.pt_taxo_370_s,l10n_pt_apo.pt_taxo_193_m","False","","Combustíveis - Mercado Extracomunitário - VLPHP - Sujeito a TA (7,5%) - Gasolina - Base Tributável"
"chart_624232212","624232212","Combustíveis - Mercado Extracomunitário - VLPHP - Sujeito a TA (7,5%) - Gasolina - IVA não dedutível (100%)","expense","l10n_pt_apo.pt_taxo_370_s,l10n_pt_apo.pt_taxo_193_m","False","","Combustíveis - Mercado Extracomunitário - VLPHP - Sujeito a TA (7,5%) - Gasolina - IVA não dedutível (100%)"
"chart_624232221","624232221","Combustíveis - Mercado Extracomunitário - VLPHP - Sujeito a TA (7,5%) - Gasóleo - Base Tributável","expense","l10n_pt_apo.pt_taxo_370_s,l10n_pt_apo.pt_taxo_193_m","False","","Combustíveis - Mercado Extracomunitário - VLPHP - Sujeito a TA (7,5%) - Gasóleo - Base Tributável"
"chart_624232222","624232222","Combustíveis - Mercado Extracomunitário - VLPHP - Sujeito a TA (7,5%) - Gasóleo - IVA não dedutível (50%)","expense","l10n_pt_apo.pt_taxo_370_s,l10n_pt_apo.pt_taxo_193_m","False","","Combustíveis - Mercado Extracomunitário - VLPHP - Sujeito a TA (7,5%) - Gasóleo - IVA não dedutível (50%)"
"chart_624232311","624232311","Combustíveis - Mercado Extracomunitário - VLPHP - Sujeito a TA (15%) - Gasolina - Base Tributável","expense","l10n_pt_apo.pt_taxo_370_s,l10n_pt_apo.pt_taxo_193_m","False","","Combustíveis - Mercado Extracomunitário - VLPHP - Sujeito a TA (15%) - Gasolina - Base Tributável"
"chart_624232312","624232312","Combustíveis - Mercado Extracomunitário - VLPHP - Sujeito a TA (15%) - Gasolina - IVA não dedutível (100%)","expense","l10n_pt_apo.pt_taxo_370_s,l10n_pt_apo.pt_taxo_193_m","False","","Combustíveis - Mercado Extracomunitário - VLPHP - Sujeito a TA (15%) - Gasolina - IVA não dedutível (100%)"
"chart_624232321","624232321","Combustíveis - Mercado Extracomunitário - VLPHP - Sujeito a TA (15%) - Gasóleo - Base Tributável","expense","l10n_pt_apo.pt_taxo_370_s,l10n_pt_apo.pt_taxo_193_m","False","","Combustíveis - Mercado Extracomunitário - VLPHP - Sujeito a TA (15%) - Gasóleo - Base Tributável"
"chart_624232322","624232322","Combustíveis - Mercado Extracomunitário - VLPHP - Sujeito a TA (15%) - Gasóleo - IVA não dedutível (50%)","expense","l10n_pt_apo.pt_taxo_370_s,l10n_pt_apo.pt_taxo_193_m","False","","Combustíveis - Mercado Extracomunitário - VLPHP - Sujeito a TA (15%) - Gasóleo - IVA não dedutível (50%)"
"chart_624232411","624232411","Combustíveis - Mercado Extracomunitário - VLPHP - Sujeito a TA (0%) - Gasolina - Base Tributável","expense","l10n_pt_apo.pt_taxo_370_s,l10n_pt_apo.pt_taxo_193_m","False","","Combustíveis - Mercado Extracomunitário - VLPHP - Sujeito a TA (0%) - Gasolina - Base Tributável"
"chart_624232412","624232412","Combustíveis - Mercado Extracomunitário - VLPHP - Sujeito a TA (0%) - Gasolina - IVA não dedutível (100%)","expense","l10n_pt_apo.pt_taxo_370_s,l10n_pt_apo.pt_taxo_193_m","False","","Combustíveis - Mercado Extracomunitário - VLPHP - Sujeito a TA (0%) - Gasolina - IVA não dedutível (100%)"
"chart_624232421","624232421","Combustíveis - Mercado Extracomunitário - VLPHP - Sujeito a TA (0%) - Gasóleo - Base Tributável","expense","l10n_pt_apo.pt_taxo_370_s,l10n_pt_apo.pt_taxo_193_m","False","","Combustíveis - Mercado Extracomunitário - VLPHP - Sujeito a TA (0%) - Gasóleo - Base Tributável"
"chart_624232422","624232422","Combustíveis - Mercado Extracomunitário - VLPHP - Sujeito a TA (0%) - Gasóleo - IVA não dedutível (50%)","expense","l10n_pt_apo.pt_taxo_370_s,l10n_pt_apo.pt_taxo_193_m","False","","Combustíveis - Mercado Extracomunitário - VLPHP - Sujeito a TA (0%) - Gasóleo - IVA não dedutível (50%)"
"chart_624233111","624233111","Combustíveis - Mercado Extracomunitário - GPL ou GNV - Sujeito a TA (2,5%) - Gasolina - Base Tributável","expense","l10n_pt_apo.pt_taxo_370_s,l10n_pt_apo.pt_taxo_193_m","False","","Combustíveis - Mercado Extracomunitário - GPL ou GNV - Sujeito a TA (2,5%) - Gasolina - Base Tributável"
"chart_624233112","624233112","Combustíveis - Mercado Extracomunitário - GPL ou GNV - Sujeito a TA (2,5%) - Gasolina - IVA não dedutível (100%)","expense","l10n_pt_apo.pt_taxo_370_s,l10n_pt_apo.pt_taxo_193_m","False","","Combustíveis - Mercado Extracomunitário - GPL ou GNV - Sujeito a TA (2,5%) - Gasolina - IVA não dedutível (100%)"
"chart_624233121","624233121","Combustíveis - Mercado Extracomunitário - GPL ou GNV - Sujeito a TA (2,5%) - Gasóleo - Base Tributável","expense","l10n_pt_apo.pt_taxo_370_s,l10n_pt_apo.pt_taxo_193_m","False","","Combustíveis - Mercado Extracomunitário - GPL ou GNV - Sujeito a TA (2,5%) - Gasóleo - Base Tributável"
"chart_624233122","624233122","Combustíveis - Mercado Extracomunitário - GPL ou GNV - Sujeito a TA (2,5%) - Gasóleo - IVA não dedutível (50%)","expense","l10n_pt_apo.pt_taxo_370_s,l10n_pt_apo.pt_taxo_193_m","False","","Combustíveis - Mercado Extracomunitário - GPL ou GNV - Sujeito a TA (2,5%) - Gasóleo - IVA não dedutível (50%)"
"chart_624233211","624233211","Combustíveis - Mercado Extracomunitário - GPL ou GNV - Sujeito a TA (7,5%) - Gasolina - Base Tributável","expense","l10n_pt_apo.pt_taxo_370_s,l10n_pt_apo.pt_taxo_193_m","False","","Combustíveis - Mercado Extracomunitário - GPL ou GNV - Sujeito a TA (7,5%) - Gasolina - Base Tributável"
"chart_624233212","624233212","Combustíveis - Mercado Extracomunitário - GPL ou GNV - Sujeito a TA (7,5%) - Gasolina - IVA não dedutível (100%)","expense","l10n_pt_apo.pt_taxo_370_s,l10n_pt_apo.pt_taxo_193_m","False","","Combustíveis - Mercado Extracomunitário - GPL ou GNV - Sujeito a TA (7,5%) - Gasolina - IVA não dedutível (100%)"
"chart_624233221","624233221","Combustíveis - Mercado Extracomunitário - GPL ou GNV - Sujeito a TA (7,5%) - Gasóleo - Base Tributável","expense","l10n_pt_apo.pt_taxo_370_s,l10n_pt_apo.pt_taxo_193_m","False","","Combustíveis - Mercado Extracomunitário - GPL ou GNV - Sujeito a TA (7,5%) - Gasóleo - Base Tributável"
"chart_624233222","624233222","Combustíveis - Mercado Extracomunitário - GPL ou GNV - Sujeito a TA (7,5%) - Gasóleo - IVA não dedutível (50%)","expense","l10n_pt_apo.pt_taxo_370_s,l10n_pt_apo.pt_taxo_193_m","False","","Combustíveis - Mercado Extracomunitário - GPL ou GNV - Sujeito a TA (7,5%) - Gasóleo - IVA não dedutível (50%)"
"chart_624233311","624233311","Combustíveis - Mercado Extracomunitário - GPL ou GNV - Sujeito a TA (15%) - Gasolina - Base Tributável","expense","l10n_pt_apo.pt_taxo_370_s,l10n_pt_apo.pt_taxo_193_m","False","","Combustíveis - Mercado Extracomunitário - GPL ou GNV - Sujeito a TA (15%) - Gasolina - Base Tributável"
"chart_624233312","624233312","Combustíveis - Mercado Extracomunitário - GPL ou GNV - Sujeito a TA (15%) - Gasolina - IVA não dedutível (100%)","expense","l10n_pt_apo.pt_taxo_370_s,l10n_pt_apo.pt_taxo_193_m","False","","Combustíveis - Mercado Extracomunitário - GPL ou GNV - Sujeito a TA (15%) - Gasolina - IVA não dedutível (100%)"
"chart_624233321","624233321","Combustíveis - Mercado Extracomunitário - GPL ou GNV - Sujeito a TA (15%) - Gasóleo - Base Tributável","expense","l10n_pt_apo.pt_taxo_370_s,l10n_pt_apo.pt_taxo_193_m","False","","Combustíveis - Mercado Extracomunitário - GPL ou GNV - Sujeito a TA (15%) - Gasóleo - Base Tributável"
"chart_624233322","624233322","Combustíveis - Mercado Extracomunitário - GPL ou GNV - Sujeito a TA (15%) - Gasóleo - IVA não dedutível (50%)","expense","l10n_pt_apo.pt_taxo_370_s,l10n_pt_apo.pt_taxo_193_m","False","","Combustíveis - Mercado Extracomunitário - GPL ou GNV - Sujeito a TA (15%) - Gasóleo - IVA não dedutível (50%)"
"chart_624233411","624233411","Combustíveis - Mercado Extracomunitário - GPL ou GNV - Sujeito a TA (0%) - Gasolina - Base Tributável","expense","l10n_pt_apo.pt_taxo_370_s,l10n_pt_apo.pt_taxo_193_m","False","","Combustíveis - Mercado Extracomunitário - GPL ou GNV - Sujeito a TA (0%) - Gasolina - Base Tributável"
"chart_624233412","624233412","Combustíveis - Mercado Extracomunitário - GPL ou GNV - Sujeito a TA (0%) - Gasolina - IVA não dedutível (100%)","expense","l10n_pt_apo.pt_taxo_370_s,l10n_pt_apo.pt_taxo_193_m","False","","Combustíveis - Mercado Extracomunitário - GPL ou GNV - Sujeito a TA (0%) - Gasolina - IVA não dedutível (100%)"
"chart_624233421","624233421","Combustíveis - Mercado Extracomunitário - GPL ou GNV - Sujeito a TA (0%) - Gasóleo - Base Tributável","expense","l10n_pt_apo.pt_taxo_370_s,l10n_pt_apo.pt_taxo_193_m","False","","Combustíveis - Mercado Extracomunitário - GPL ou GNV - Sujeito a TA (0%) - Gasóleo - Base Tributável"
"chart_624233422","624233422","Combustíveis - Mercado Extracomunitário - GPL ou GNV - Sujeito a TA (0%) - Gasóleo - IVA não dedutível (50%)","expense","l10n_pt_apo.pt_taxo_370_s,l10n_pt_apo.pt_taxo_193_m","False","","Combustíveis - Mercado Extracomunitário - GPL ou GNV - Sujeito a TA (0%) - Gasóleo - IVA não dedutível (50%)"
"chart_62423411","62423411","Combustíveis - Mercado Extracomunitário - Energia Elétrica - Sujeito a TA (10%) - Ano de Aquisição 2015 a 2023","expense","l10n_pt_apo.pt_taxo_370_s,l10n_pt_apo.pt_taxo_193_m","False","","Combustíveis - Mercado Extracomunitário - Energia Elétrica - Sujeito a TA (10%) - Ano de Aquisição 2015 a 2023"
"chart_62423412","62423412","Combustíveis - Mercado Extracomunitário - Energia Elétrica - Sujeito a TA (10%) - Ano de Aquisição 2012 a 2014","expense","l10n_pt_apo.pt_taxo_370_s,l10n_pt_apo.pt_taxo_193_m","False","","Combustíveis - Mercado Extracomunitário - Energia Elétrica - Sujeito a TA (10%) - Ano de Aquisição 2012 a 2014"
"chart_62423413","62423413","Combustíveis - Mercado Extracomunitário - Energia Elétrica - Sujeito a TA (10%) - Ano de Aquisição 2011","expense","l10n_pt_apo.pt_taxo_370_s,l10n_pt_apo.pt_taxo_193_m","False","","Combustíveis - Mercado Extracomunitário - Energia Elétrica - Sujeito a TA (10%) - Ano de Aquisição 2011"
"chart_62423414","62423414","Combustíveis - Mercado Extracomunitário - Energia Elétrica - Sujeito a TA (10%) - Ano de Aquisição 2010","expense","l10n_pt_apo.pt_taxo_370_s,l10n_pt_apo.pt_taxo_193_m","False","","Combustíveis - Mercado Extracomunitário - Energia Elétrica - Sujeito a TA (10%) - Ano de Aquisição 2010"
"chart_62423415","62423415","Combustíveis - Mercado Extracomunitário - Energia Elétrica - Sujeito a TA (10%) - Ano de Aquisição 2009","expense","l10n_pt_apo.pt_taxo_370_s,l10n_pt_apo.pt_taxo_193_m","False","","Combustíveis - Mercado Extracomunitário - Energia Elétrica - Sujeito a TA (10%) - Ano de Aquisição 2009"
"chart_6242342","6242342","Combustíveis - Mercado Extracomunitário - Energia Elétrica - Sujeito a TA (0%)","expense","l10n_pt_apo.pt_taxo_370_s,l10n_pt_apo.pt_taxo_193_m","False","","Combustíveis - Mercado Extracomunitário - Energia Elétrica - Sujeito a TA (0%)"
"chart_6243","6243","Water","expense",,"False","","Água","True"
"chart_62431","62431","Água - Mercado Nacional","expense","l10n_pt_apo.pt_taxo_371_s,l10n_pt_apo.pt_taxo_193_m","False","","Água - Mercado Nacional"
"chart_62432","62432","Água - Mercado Intracomunitário","expense","l10n_pt_apo.pt_taxo_371_s,l10n_pt_apo.pt_taxo_193_m","False","","Água - Mercado Intracomunitário"
"chart_62433","62433","Água - Mercado Extracomunitário","expense","l10n_pt_apo.pt_taxo_371_s,l10n_pt_apo.pt_taxo_193_m","False","","Água - Mercado Extracomunitário"
"chart_6248","6248","Others","expense",,"False","","Outros","True"
"chart_62481","62481","Outros Fluidos - Mercado Nacional","expense","l10n_pt_apo.pt_taxo_193_m","False","","Outros Fluidos - Mercado Nacional"
"chart_62482","62482","Outros Fluidos - Mercado Intracomunitário","expense","l10n_pt_apo.pt_taxo_193_m","False","","Outros Fluidos - Mercado Intracomunitário"
"chart_62483","62483","Outros Fluidos - Mercado Extracomunitário","expense","l10n_pt_apo.pt_taxo_193_m","False","","Outros Fluidos - Mercado Extracomunitário"
"chart_6251","6251","Travel and stays","expense",,"False","","Deslocações e estadas","True"
"chart_625111","625111","Deslocações e Estadas - Mercado Nacional - Operações Gerais","expense","l10n_pt_apo.pt_taxo_373_s,l10n_pt_apo.pt_taxo_194_m","False","","Deslocações e Estadas - Mercado Nacional - Operações Gerais"
"chart_625112","625112","Deslocações e Estadas - Mercado Nacional - Operações Isentas","expense","l10n_pt_apo.pt_taxo_373_s,l10n_pt_apo.pt_taxo_194_m","False","","Deslocações e Estadas - Mercado Nacional - Operações Isentas"
"chart_62511311","62511311","Deslocações e Estadas - Mercado Nacional - Compens. util. viatura própria (km pagos) - Gerência - Não faturadas a clientes","expense","l10n_pt_apo.pt_taxo_373_s,l10n_pt_apo.pt_taxo_194_m","False","","Deslocações e Estadas - Mercado Nacional - Compens. util. viatura própria (km pagos) - Gerência - Não faturadas a clientes"
"chart_62511312","62511312","Deslocações e Estadas - Mercado Nacional - Compens. util. viatura própria (km pagos) - Gerência - Com mapa próprio","expense","l10n_pt_apo.pt_taxo_373_s,l10n_pt_apo.pt_taxo_194_m","False","","Deslocações e Estadas - Mercado Nacional - Compens. util. viatura própria (km pagos) - Gerência - Com mapa próprio"
"chart_62511313","62511313","Deslocações e Estadas - Mercado Nacional - Compens. util. viatura própria (km pagos) - Gerência - Sem mapa próprio","expense","l10n_pt_apo.pt_taxo_373_s,l10n_pt_apo.pt_taxo_194_m","False","","Deslocações e Estadas - Mercado Nacional - Compens. util. viatura própria (km pagos) - Gerência - Sem mapa próprio"
"chart_62511321","62511321","Deslocações e Estadas - Mercado Nacional - Compens. util. viatura própria (km pagos) - Pessoal - Não faturadas a clientes","expense","l10n_pt_apo.pt_taxo_373_s,l10n_pt_apo.pt_taxo_194_m","False","","Deslocações e Estadas - Mercado Nacional - Compens. util. viatura própria (km pagos) - Pessoal - Não faturadas a clientes"
"chart_62511322","62511322","Deslocações e Estadas - Mercado Nacional - Compens. util. viatura própria (km pagos) - Pessoal - Com mapa próprio","expense","l10n_pt_apo.pt_taxo_373_s,l10n_pt_apo.pt_taxo_194_m","False","","Deslocações e Estadas - Mercado Nacional - Compens. util. viatura própria (km pagos) - Pessoal - Com mapa próprio"
"chart_62511323","62511323","Deslocações e Estadas - Mercado Nacional - Compens. util. viatura própria (km pagos) - Pessoal - Sem mapa próprio","expense","l10n_pt_apo.pt_taxo_373_s,l10n_pt_apo.pt_taxo_194_m","False","","Deslocações e Estadas - Mercado Nacional - Compens. util. viatura própria (km pagos) - Pessoal - Sem mapa próprio"
"chart_625114111","625114111","Deslocações e Estadas - Mercado Nacional - Portagens e Estacionamentos - VLPM - Sujeito a TA (8%) - Base Tributável","expense","l10n_pt_apo.pt_taxo_373_s,l10n_pt_apo.pt_taxo_194_m","False","","Deslocações e Estadas - Mercado Nacional - Portagens e Estacionamentos - VLPM - Sujeito a TA (8%) - Base Tributável"
"chart_625114112","625114112","Deslocações e Estadas - Mercado Nacional - Portagens e Estacionamentos - VLPM - Sujeito a TA (8%) - IVA não dedutível","expense","l10n_pt_apo.pt_taxo_373_s,l10n_pt_apo.pt_taxo_194_m","False","","Deslocações e Estadas - Mercado Nacional - Portagens e Estacionamentos - VLPM - Sujeito a TA (8%) - IVA não dedutível"
"chart_625114121","625114121","Deslocações e Estadas - Mercado Nacional - Portagens e Estacionamentos - VLPM - Sujeito a TA (25%) - Base Tributável","expense","l10n_pt_apo.pt_taxo_373_s,l10n_pt_apo.pt_taxo_194_m","False","","Deslocações e Estadas - Mercado Nacional - Portagens e Estacionamentos - VLPM - Sujeito a TA (25%) - Base Tributável"
"chart_625114122","625114122","Deslocações e Estadas - Mercado Nacional - Portagens e Estacionamentos - VLPM - Sujeito a TA (25%) - IVA não dedutível","expense","l10n_pt_apo.pt_taxo_373_s,l10n_pt_apo.pt_taxo_194_m","False","","Deslocações e Estadas - Mercado Nacional - Portagens e Estacionamentos - VLPM - Sujeito a TA (25%) - IVA não dedutível"
"chart_625114131","625114131","Deslocações e Estadas - Mercado Nacional - Portagens e Estacionamentos - VLPM - Sujeito a TA (32%) - Base Tributável","expense","l10n_pt_apo.pt_taxo_373_s,l10n_pt_apo.pt_taxo_194_m","False","","Deslocações e Estadas - Mercado Nacional - Portagens e Estacionamentos - VLPM - Sujeito a TA (32%) - Base Tributável"
"chart_625114132","625114132","Deslocações e Estadas - Mercado Nacional - Portagens e Estacionamentos - VLPM - Sujeito a TA (32%) - IVA não dedutível","expense","l10n_pt_apo.pt_taxo_373_s,l10n_pt_apo.pt_taxo_194_m","False","","Deslocações e Estadas - Mercado Nacional - Portagens e Estacionamentos - VLPM - Sujeito a TA (32%) - IVA não dedutível"
"chart_625114141","625114141","Deslocações e Estadas - Mercado Nacional - Portagens e Estacionamentos - VLPM - Sujeito a TA (0%) - Base Tributável","expense","l10n_pt_apo.pt_taxo_373_s,l10n_pt_apo.pt_taxo_194_m","False","","Deslocações e Estadas - Mercado Nacional - Portagens e Estacionamentos - VLPM - Sujeito a TA (0%) - Base Tributável"
"chart_625114142","625114142","Deslocações e Estadas - Mercado Nacional - Portagens e Estacionamentos - VLPM - Sujeito a TA (0%) - IVA não dedutível","expense","l10n_pt_apo.pt_taxo_373_s,l10n_pt_apo.pt_taxo_194_m","False","","Deslocações e Estadas - Mercado Nacional - Portagens e Estacionamentos - VLPM - Sujeito a TA (0%) - IVA não dedutível"
"chart_625114211","625114211","Deslocações e Estadas - Mercado Nacional - Portagens e Estacionamentos - VLPHP - Sujeito a TA (2,5%) - Base Tributável","expense","l10n_pt_apo.pt_taxo_373_s,l10n_pt_apo.pt_taxo_194_m","False","","Deslocações e Estadas - Mercado Nacional - Portagens e Estacionamentos - VLPHP - Sujeito a TA (2,5%) - Base Tributável"
"chart_625114212","625114212","Deslocações e Estadas - Mercado Nacional - Portagens e Estacionamentos - VLPHP - Sujeito a TA (2,5%) - IVA não dedutível","expense","l10n_pt_apo.pt_taxo_373_s,l10n_pt_apo.pt_taxo_194_m","False","","Deslocações e Estadas - Mercado Nacional - Portagens e Estacionamentos - VLPHP - Sujeito a TA (2,5%) - IVA não dedutível"
"chart_625114221","625114221","Deslocações e Estadas - Mercado Nacional - Portagens e Estacionamentos - VLPHP - Sujeito a TA (7,5%) - Base Tributável","expense","l10n_pt_apo.pt_taxo_373_s,l10n_pt_apo.pt_taxo_194_m","False","","Deslocações e Estadas - Mercado Nacional - Portagens e Estacionamentos - VLPHP - Sujeito a TA (7,5%) - Base Tributável"
"chart_625114222","625114222","Deslocações e Estadas - Mercado Nacional - Portagens e Estacionamentos - VLPHP - Sujeito a TA (7,5%) - IVA não dedutível","expense","l10n_pt_apo.pt_taxo_373_s,l10n_pt_apo.pt_taxo_194_m","False","","Deslocações e Estadas - Mercado Nacional - Portagens e Estacionamentos - VLPHP - Sujeito a TA (7,5%) - IVA não dedutível"
"chart_625114231","625114231","Deslocações e Estadas - Mercado Nacional - Portagens e Estacionamentos - VLPHP - Sujeito a TA (15%) - Base Tributável","expense","l10n_pt_apo.pt_taxo_373_s,l10n_pt_apo.pt_taxo_194_m","False","","Deslocações e Estadas - Mercado Nacional - Portagens e Estacionamentos - VLPHP - Sujeito a TA (15%) - Base Tributável"
"chart_625114232","625114232","Deslocações e Estadas - Mercado Nacional - Portagens e Estacionamentos - VLPHP - Sujeito a TA (15%) - IVA não dedutível","expense","l10n_pt_apo.pt_taxo_373_s,l10n_pt_apo.pt_taxo_194_m","False","","Deslocações e Estadas - Mercado Nacional - Portagens e Estacionamentos - VLPHP - Sujeito a TA (15%) - IVA não dedutível"
"chart_625114241","625114241","Deslocações e Estadas - Mercado Nacional - Portagens e Estacionamentos - VLPHP - Sujeito a TA (0%) - Base Tributável","expense","l10n_pt_apo.pt_taxo_373_s,l10n_pt_apo.pt_taxo_194_m","False","","Deslocações e Estadas - Mercado Nacional - Portagens e Estacionamentos - VLPHP - Sujeito a TA (0%) - Base Tributável"
"chart_625114242","625114242","Deslocações e Estadas - Mercado Nacional - Portagens e Estacionamentos - VLPHP - Sujeito a TA (0%) - IVA não dedutível","expense","l10n_pt_apo.pt_taxo_373_s,l10n_pt_apo.pt_taxo_194_m","False","","Deslocações e Estadas - Mercado Nacional - Portagens e Estacionamentos - VLPHP - Sujeito a TA (0%) - IVA não dedutível"
"chart_625114311","625114311","Deslocações e Estadas - Mercado Nacional - Portagens e Estacionamentos - GPL ou GNV - Sujeito a TA (2,5%) - Base Tributável","expense","l10n_pt_apo.pt_taxo_373_s,l10n_pt_apo.pt_taxo_194_m","False","","Deslocações e Estadas - Mercado Nacional - Portagens e Estacionamentos - GPL ou GNV - Sujeito a TA (2,5%) - Base Tributável"
"chart_625114312","625114312","Deslocações e Estadas - Mercado Nacional - Portagens e Estacionamentos - GPL ou GNV - Sujeito a TA (2,5%) - IVA não dedutível","expense","l10n_pt_apo.pt_taxo_373_s,l10n_pt_apo.pt_taxo_194_m","False","","Deslocações e Estadas - Mercado Nacional - Portagens e Estacionamentos - GPL ou GNV - Sujeito a TA (2,5%) - IVA não dedutível"
"chart_625114321","625114321","Deslocações e Estadas - Mercado Nacional - Portagens e Estacionamentos - GPL ou GNV - Sujeito a TA (7,5%) - Base Tributável","expense","l10n_pt_apo.pt_taxo_373_s,l10n_pt_apo.pt_taxo_194_m","False","","Deslocações e Estadas - Mercado Nacional - Portagens e Estacionamentos - GPL ou GNV - Sujeito a TA (7,5%) - Base Tributável"
"chart_625114322","625114322","Deslocações e Estadas - Mercado Nacional - Portagens e Estacionamentos - GPL ou GNV - Sujeito a TA (7,5%) - IVA não dedutível","expense","l10n_pt_apo.pt_taxo_373_s,l10n_pt_apo.pt_taxo_194_m","False","","Deslocações e Estadas - Mercado Nacional - Portagens e Estacionamentos - GPL ou GNV - Sujeito a TA (7,5%) - IVA não dedutível"
"chart_625114331","625114331","Deslocações e Estadas - Mercado Nacional - Portagens e Estacionamentos - GPL ou GNV - Sujeito a TA (15%) - Base Tributável","expense","l10n_pt_apo.pt_taxo_373_s,l10n_pt_apo.pt_taxo_194_m","False","","Deslocações e Estadas - Mercado Nacional - Portagens e Estacionamentos - GPL ou GNV - Sujeito a TA (15%) - Base Tributável"
"chart_625114332","625114332","Deslocações e Estadas - Mercado Nacional - Portagens e Estacionamentos - GPL ou GNV - Sujeito a TA (15%) - IVA não dedutível","expense","l10n_pt_apo.pt_taxo_373_s,l10n_pt_apo.pt_taxo_194_m","False","","Deslocações e Estadas - Mercado Nacional - Portagens e Estacionamentos - GPL ou GNV - Sujeito a TA (15%) - IVA não dedutível"
"chart_625114341","625114341","Deslocações e Estadas - Mercado Nacional - Portagens e Estacionamentos - GPL ou GNV - Sujeito a TA (0%) - Base Tributável","expense","l10n_pt_apo.pt_taxo_373_s,l10n_pt_apo.pt_taxo_194_m","False","","Deslocações e Estadas - Mercado Nacional - Portagens e Estacionamentos - GPL ou GNV - Sujeito a TA (0%) - Base Tributável"
"chart_625114342","625114342","Deslocações e Estadas - Mercado Nacional - Portagens e Estacionamentos - GPL ou GNV - Sujeito a TA (0%) - IVA não dedutível","expense","l10n_pt_apo.pt_taxo_373_s,l10n_pt_apo.pt_taxo_194_m","False","","Deslocações e Estadas - Mercado Nacional - Portagens e Estacionamentos - GPL ou GNV - Sujeito a TA (0%) - IVA não dedutível"
"chart_625114411","625114411","Deslocações e Estadas - Mercado Nacional - Portagens e Estacionamentos - Energia Elétrica - Sujeito a TA (10%) - Base Tributável","expense","l10n_pt_apo.pt_taxo_373_s,l10n_pt_apo.pt_taxo_194_m","False","","Deslocações e Estadas - Mercado Nacional - Portagens e Estacionamentos - Energia Elétrica - Sujeito a TA (10%) - Base Tributável"
"chart_625114412","625114412","Deslocações e Estadas - Mercado Nacional - Portagens e Estacionamentos - Energia Elétrica - Sujeito a TA (10%) - IVA não dedutível","expense","l10n_pt_apo.pt_taxo_373_s,l10n_pt_apo.pt_taxo_194_m","False","","Deslocações e Estadas - Mercado Nacional - Portagens e Estacionamentos - Energia Elétrica - Sujeito a TA (10%) - IVA não dedutível"
"chart_625114421","625114421","Deslocações e Estadas - Mercado Nacional - Portagens e Estacionamentos - Energia Elétrica - Sujeito a TA (0%) - Base Tributável","expense","l10n_pt_apo.pt_taxo_373_s,l10n_pt_apo.pt_taxo_194_m","False","","Deslocações e Estadas - Mercado Nacional - Portagens e Estacionamentos - Energia Elétrica - Sujeito a TA (0%) - Base Tributável"
"chart_625114422","625114422","Deslocações e Estadas - Mercado Nacional - Portagens e Estacionamentos - Energia Elétrica - Sujeito a TA (0%) - IVA não dedutível","expense","l10n_pt_apo.pt_taxo_373_s,l10n_pt_apo.pt_taxo_194_m","False","","Deslocações e Estadas - Mercado Nacional - Portagens e Estacionamentos - Energia Elétrica - Sujeito a TA (0%) - IVA não dedutível"
"chart_625121","625121","Deslocações e Estadas - Mercado Intracomunitário - Operações Gerais","expense","l10n_pt_apo.pt_taxo_373_s,l10n_pt_apo.pt_taxo_194_m","False","","Deslocações e Estadas - Mercado Intracomunitário - Operações Gerais"
"chart_62512311","62512311","Deslocações e Estadas - Mercado Intracomunitário - Compens. util. viatura própria (km pagos) - Gerência - Não faturadas a clientes","expense","l10n_pt_apo.pt_taxo_373_s,l10n_pt_apo.pt_taxo_194_m","False","","Deslocações e Estadas - Mercado Intracomunitário - Compens. util. viatura própria (km pagos) - Gerência - Não faturadas a clientes"
"chart_62512312","62512312","Deslocações e Estadas - Mercado Intracomunitário - Compens. util. viatura própria (km pagos) - Gerência - Com mapa próprio","expense","l10n_pt_apo.pt_taxo_373_s,l10n_pt_apo.pt_taxo_194_m","False","","Deslocações e Estadas - Mercado Intracomunitário - Compens. util. viatura própria (km pagos) - Gerência - Com mapa próprio"
"chart_62512313","62512313","Deslocações e Estadas - Mercado Intracomunitário - Compens. util. viatura própria (km pagos) - Gerência - Sem mapa próprio","expense","l10n_pt_apo.pt_taxo_373_s,l10n_pt_apo.pt_taxo_194_m","False","","Deslocações e Estadas - Mercado Intracomunitário - Compens. util. viatura própria (km pagos) - Gerência - Sem mapa próprio"
"chart_62512321","62512321","Deslocações e Estadas - Mercado Intracomunitário - Compens. util. viatura própria (km pagos) - Pessoal - Não faturadas a clientes","expense","l10n_pt_apo.pt_taxo_373_s,l10n_pt_apo.pt_taxo_194_m","False","","Deslocações e Estadas - Mercado Intracomunitário - Compens. util. viatura própria (km pagos) - Pessoal - Não faturadas a clientes"
"chart_62512322","62512322","Deslocações e Estadas - Mercado Intracomunitário - Compens. util. viatura própria (km pagos) - Pessoal - Com mapa próprio","expense","l10n_pt_apo.pt_taxo_373_s,l10n_pt_apo.pt_taxo_194_m","False","","Deslocações e Estadas - Mercado Intracomunitário - Compens. util. viatura própria (km pagos) - Pessoal - Com mapa próprio"
"chart_62512323","62512323","Deslocações e Estadas - Mercado Intracomunitário - Compens. util. viatura própria (km pagos) - Pessoal - Sem mapa próprio","expense","l10n_pt_apo.pt_taxo_373_s,l10n_pt_apo.pt_taxo_194_m","False","","Deslocações e Estadas - Mercado Intracomunitário - Compens. util. viatura própria (km pagos) - Pessoal - Sem mapa próprio"
"chart_625122","625122","Deslocações e Estadas - Mercado Intracomunitário - Operações Isentas","expense","l10n_pt_apo.pt_taxo_373_s,l10n_pt_apo.pt_taxo_194_m","False","","Deslocações e Estadas - Mercado Intracomunitário - Operações Isentas"
"chart_625124111","625124111","Deslocações e Estadas - Mercado Intracomunitário - Portagens e Estacionamentos - VLPM - Sujeito a TA (8%) - Base Tributável","expense","l10n_pt_apo.pt_taxo_373_s,l10n_pt_apo.pt_taxo_194_m","False","","Deslocações e Estadas - Mercado Intracomunitário - Portagens e Estacionamentos - VLPM - Sujeito a TA (8%) - Base Tributável"
"chart_625124112","625124112","Deslocações e Estadas - Mercado Intracomunitário - Portagens e Estacionamentos - VLPM - Sujeito a TA (8%) - IVA não dedutível","expense","l10n_pt_apo.pt_taxo_373_s,l10n_pt_apo.pt_taxo_194_m","False","","Deslocações e Estadas - Mercado Intracomunitário - Portagens e Estacionamentos - VLPM - Sujeito a TA (8%) - IVA não dedutível"
"chart_625124121","625124121","Deslocações e Estadas - Mercado Intracomunitário - Portagens e Estacionamentos - VLPM - Sujeito a TA (25%) - Base Tributável","expense","l10n_pt_apo.pt_taxo_373_s,l10n_pt_apo.pt_taxo_194_m","False","","Deslocações e Estadas - Mercado Intracomunitário - Portagens e Estacionamentos - VLPM - Sujeito a TA (25%) - Base Tributável"
"chart_625124122","625124122","Deslocações e Estadas - Mercado Intracomunitário - Portagens e Estacionamentos - VLPM - Sujeito a TA (25%) - IVA não dedutível","expense","l10n_pt_apo.pt_taxo_373_s,l10n_pt_apo.pt_taxo_194_m","False","","Deslocações e Estadas - Mercado Intracomunitário - Portagens e Estacionamentos - VLPM - Sujeito a TA (25%) - IVA não dedutível"
"chart_625124131","625124131","Deslocações e Estadas - Mercado Intracomunitário - Portagens e Estacionamentos - VLPM - Sujeito a TA (32%) - Base Tributável","expense","l10n_pt_apo.pt_taxo_373_s,l10n_pt_apo.pt_taxo_194_m","False","","Deslocações e Estadas - Mercado Intracomunitário - Portagens e Estacionamentos - VLPM - Sujeito a TA (32%) - Base Tributável"
"chart_625124132","625124132","Deslocações e Estadas - Mercado Intracomunitário - Portagens e Estacionamentos - VLPM - Sujeito a TA (32%) - IVA não dedutível","expense","l10n_pt_apo.pt_taxo_373_s,l10n_pt_apo.pt_taxo_194_m","False","","Deslocações e Estadas - Mercado Intracomunitário - Portagens e Estacionamentos - VLPM - Sujeito a TA (32%) - IVA não dedutível"
"chart_625124141","625124141","Deslocações e Estadas - Mercado Intracomunitário - Portagens e Estacionamentos - VLPM - Sujeito a TA (0%) - Base Tributável","expense","l10n_pt_apo.pt_taxo_373_s,l10n_pt_apo.pt_taxo_194_m","False","","Deslocações e Estadas - Mercado Intracomunitário - Portagens e Estacionamentos - VLPM - Sujeito a TA (0%) - Base Tributável"
"chart_625124142","625124142","Deslocações e Estadas - Mercado Intracomunitário - Portagens e Estacionamentos - VLPM - Sujeito a TA (0%) - IVA não dedutível","expense","l10n_pt_apo.pt_taxo_373_s,l10n_pt_apo.pt_taxo_194_m","False","","Deslocações e Estadas - Mercado Intracomunitário - Portagens e Estacionamentos - VLPM - Sujeito a TA (0%) - IVA não dedutível"
"chart_625124211","625124211","Deslocações e Estadas - Mercado Intracomunitário - Portagens e Estacionamentos - VLPHP - Sujeito a TA (2,5%) - Base Tributável","expense","l10n_pt_apo.pt_taxo_373_s,l10n_pt_apo.pt_taxo_194_m","False","","Deslocações e Estadas - Mercado Intracomunitário - Portagens e Estacionamentos - VLPHP - Sujeito a TA (2,5%) - Base Tributável"
"chart_625124212","625124212","Deslocações e Estadas - Mercado Intracomunitário - Portagens e Estacionamentos - VLPHP - Sujeito a TA (2,5%) - IVA não dedutível","expense","l10n_pt_apo.pt_taxo_373_s,l10n_pt_apo.pt_taxo_194_m","False","","Deslocações e Estadas - Mercado Intracomunitário - Portagens e Estacionamentos - VLPHP - Sujeito a TA (2,5%) - IVA não dedutível"
"chart_625124221","625124221","Deslocações e Estadas - Mercado Intracomunitário - Portagens e Estacionamentos - VLPHP - Sujeito a TA (7,5%) - Base Tributável","expense","l10n_pt_apo.pt_taxo_373_s,l10n_pt_apo.pt_taxo_194_m","False","","Deslocações e Estadas - Mercado Intracomunitário - Portagens e Estacionamentos - VLPHP - Sujeito a TA (7,5%) - Base Tributável"
"chart_625124222","625124222","Deslocações e Estadas - Mercado Intracomunitário - Portagens e Estacionamentos - VLPHP - Sujeito a TA (7,5%) - IVA não dedutível","expense","l10n_pt_apo.pt_taxo_373_s,l10n_pt_apo.pt_taxo_194_m","False","","Deslocações e Estadas - Mercado Intracomunitário - Portagens e Estacionamentos - VLPHP - Sujeito a TA (7,5%) - IVA não dedutível"
"chart_625124231","625124231","Deslocações e Estadas - Mercado Intracomunitário - Portagens e Estacionamentos - VLPHP - Sujeito a TA (15%) - Base Tributável","expense","l10n_pt_apo.pt_taxo_373_s,l10n_pt_apo.pt_taxo_194_m","False","","Deslocações e Estadas - Mercado Intracomunitário - Portagens e Estacionamentos - VLPHP - Sujeito a TA (15%) - Base Tributável"
"chart_625124232","625124232","Deslocações e Estadas - Mercado Intracomunitário - Portagens e Estacionamentos - VLPHP - Sujeito a TA (15%) - IVA não dedutível","expense","l10n_pt_apo.pt_taxo_373_s,l10n_pt_apo.pt_taxo_194_m","False","","Deslocações e Estadas - Mercado Intracomunitário - Portagens e Estacionamentos - VLPHP - Sujeito a TA (15%) - IVA não dedutível"
"chart_625124241","625124241","Deslocações e Estadas - Mercado Intracomunitário - Portagens e Estacionamentos - VLPHP - Sujeito a TA (0%) - Base Tributável","expense","l10n_pt_apo.pt_taxo_373_s,l10n_pt_apo.pt_taxo_194_m","False","","Deslocações e Estadas - Mercado Intracomunitário - Portagens e Estacionamentos - VLPHP - Sujeito a TA (0%) - Base Tributável"
"chart_625124242","625124242","Deslocações e Estadas - Mercado Intracomunitário - Portagens e Estacionamentos - VLPHP - Sujeito a TA (0%) - IVA não dedutível","expense","l10n_pt_apo.pt_taxo_373_s,l10n_pt_apo.pt_taxo_194_m","False","","Deslocações e Estadas - Mercado Intracomunitário - Portagens e Estacionamentos - VLPHP - Sujeito a TA (0%) - IVA não dedutível"
"chart_625124311","625124311","Deslocações e Estadas - Mercado Intracomunitário - Portagens e Estacionamentos - GPL ou GNV - Sujeito a TA (2,5%) - Base Tributável","expense","l10n_pt_apo.pt_taxo_373_s,l10n_pt_apo.pt_taxo_194_m","False","","Deslocações e Estadas - Mercado Intracomunitário - Portagens e Estacionamentos - GPL ou GNV - Sujeito a TA (2,5%) - Base Tributável"
"chart_625124312","625124312","Deslocações e Estadas - Mercado Intracomunitário - Portagens e Estacionamentos - GPL ou GNV - Sujeito a TA (2,5%) - IVA não dedutível","expense","l10n_pt_apo.pt_taxo_373_s,l10n_pt_apo.pt_taxo_194_m","False","","Deslocações e Estadas - Mercado Intracomunitário - Portagens e Estacionamentos - GPL ou GNV - Sujeito a TA (2,5%) - IVA não dedutível"
"chart_625124321","625124321","Deslocações e Estadas - Mercado Intracomunitário - Portagens e Estacionamentos - GPL ou GNV - Sujeito a TA (7,5%) - Base Tributável","expense","l10n_pt_apo.pt_taxo_373_s,l10n_pt_apo.pt_taxo_194_m","False","","Deslocações e Estadas - Mercado Intracomunitário - Portagens e Estacionamentos - GPL ou GNV - Sujeito a TA (7,5%) - Base Tributável"
"chart_625124322","625124322","Deslocações e Estadas - Mercado Intracomunitário - Portagens e Estacionamentos - GPL ou GNV - Sujeito a TA (7,5%) - IVA não dedutível","expense","l10n_pt_apo.pt_taxo_373_s,l10n_pt_apo.pt_taxo_194_m","False","","Deslocações e Estadas - Mercado Intracomunitário - Portagens e Estacionamentos - GPL ou GNV - Sujeito a TA (7,5%) - IVA não dedutível"
"chart_625124331","625124331","Deslocações e Estadas - Mercado Intracomunitário - Portagens e Estacionamentos - GPL ou GNV - Sujeito a TA (15%) - Base Tributável","expense","l10n_pt_apo.pt_taxo_373_s,l10n_pt_apo.pt_taxo_194_m","False","","Deslocações e Estadas - Mercado Intracomunitário - Portagens e Estacionamentos - GPL ou GNV - Sujeito a TA (15%) - Base Tributável"
"chart_625124332","625124332","Deslocações e Estadas - Mercado Intracomunitário - Portagens e Estacionamentos - GPL ou GNV - Sujeito a TA (15%) - IVA não dedutível","expense","l10n_pt_apo.pt_taxo_373_s,l10n_pt_apo.pt_taxo_194_m","False","","Deslocações e Estadas - Mercado Intracomunitário - Portagens e Estacionamentos - GPL ou GNV - Sujeito a TA (15%) - IVA não dedutível"
"chart_625124341","625124341","Deslocações e Estadas - Mercado Intracomunitário - Portagens e Estacionamentos - GPL ou GNV - Sujeito a TA (0%) - Base Tributável","expense","l10n_pt_apo.pt_taxo_373_s,l10n_pt_apo.pt_taxo_194_m","False","","Deslocações e Estadas - Mercado Intracomunitário - Portagens e Estacionamentos - GPL ou GNV - Sujeito a TA (0%) - Base Tributável"
"chart_625124342","625124342","Deslocações e Estadas - Mercado Intracomunitário - Portagens e Estacionamentos - GPL ou GNV - Sujeito a TA (0%) - IVA não dedutível","expense","l10n_pt_apo.pt_taxo_373_s,l10n_pt_apo.pt_taxo_194_m","False","","Deslocações e Estadas - Mercado Intracomunitário - Portagens e Estacionamentos - GPL ou GNV - Sujeito a TA (0%) - IVA não dedutível"
"chart_625124411","625124411","Deslocações e Estadas - Mercado Intracomunitário - Portagens e Estacionamentos - Energia Elétrica - Sujeito a TA (10%) - Base Tributável","expense","l10n_pt_apo.pt_taxo_373_s,l10n_pt_apo.pt_taxo_194_m","False","","Deslocações e Estadas - Mercado Intracomunitário - Portagens e Estacionamentos - Energia Elétrica - Sujeito a TA (10%) - Base Tributável"
"chart_625124412","625124412","Deslocações e Estadas - Mercado Intracomunitário - Portagens e Estacionamentos - Energia Elétrica - Sujeito a TA (10%) - IVA não dedutível","expense","l10n_pt_apo.pt_taxo_373_s,l10n_pt_apo.pt_taxo_194_m","False","","Deslocações e Estadas - Mercado Intracomunitário - Portagens e Estacionamentos - Energia Elétrica - Sujeito a TA (10%) - IVA não dedutível"
"chart_625124421","625124421","Deslocações e Estadas - Mercado Intracomunitário - Portagens e Estacionamentos - Energia Elétrica - Sujeito a TA (0%) - Base Tributável","expense","l10n_pt_apo.pt_taxo_373_s,l10n_pt_apo.pt_taxo_194_m","False","","Deslocações e Estadas - Mercado Intracomunitário - Portagens e Estacionamentos - Energia Elétrica - Sujeito a TA (0%) - Base Tributável"
"chart_625124422","625124422","Deslocações e Estadas - Mercado Intracomunitário - Portagens e Estacionamentos - Energia Elétrica - Sujeito a TA (0%) - IVA não dedutível","expense","l10n_pt_apo.pt_taxo_373_s,l10n_pt_apo.pt_taxo_194_m","False","","Deslocações e Estadas - Mercado Intracomunitário - Portagens e Estacionamentos - Energia Elétrica - Sujeito a TA (0%) - IVA não dedutível"
"chart_625131","625131","Deslocações e Estadas - Mercado Extracomunitário - Operações Gerais","expense","l10n_pt_apo.pt_taxo_373_s,l10n_pt_apo.pt_taxo_194_m","False","","Deslocações e Estadas - Mercado Extracomunitário - Operações Gerais"
"chart_62513311","62513311","Deslocações e Estadas - Mercado Extracomunitário - Compens. util. viatura própria (km pagos) - Gerência - Não faturadas a clientes","expense","l10n_pt_apo.pt_taxo_373_s,l10n_pt_apo.pt_taxo_194_m","False","","Deslocações e Estadas - Mercado Extracomunitário - Compens. util. viatura própria (km pagos) - Gerência - Não faturadas a clientes"
"chart_62513312","62513312","Deslocações e Estadas - Mercado Extracomunitário - Compens. util. viatura própria (km pagos) - Gerência - Com mapa próprio","expense","l10n_pt_apo.pt_taxo_373_s,l10n_pt_apo.pt_taxo_194_m","False","","Deslocações e Estadas - Mercado Extracomunitário - Compens. util. viatura própria (km pagos) - Gerência - Com mapa próprio"
"chart_62513313","62513313","Deslocações e Estadas - Mercado Extracomunitário - Compens. util. viatura própria (km pagos) - Gerência - Sem mapa próprio","expense","l10n_pt_apo.pt_taxo_373_s,l10n_pt_apo.pt_taxo_194_m","False","","Deslocações e Estadas - Mercado Extracomunitário - Compens. util. viatura própria (km pagos) - Gerência - Sem mapa próprio"
"chart_625132","625132","Deslocações e Estadas - Mercado Extracomunitário - Operações Isentas","expense","l10n_pt_apo.pt_taxo_373_s,l10n_pt_apo.pt_taxo_194_m","False","","Deslocações e Estadas - Mercado Extracomunitário - Operações Isentas"
"chart_62513321","62513321","Deslocações e Estadas - Mercado Extracomunitário - Compens. util. viatura própria (km pagos) - Pessoal - Não faturadas a clientes","expense","l10n_pt_apo.pt_taxo_373_s,l10n_pt_apo.pt_taxo_194_m","False","","Deslocações e Estadas - Mercado Extracomunitário - Compens. util. viatura própria (km pagos) - Pessoal - Não faturadas a clientes"
"chart_62513322","62513322","Deslocações e Estadas - Mercado Extracomunitário - Compens. util. viatura própria (km pagos) - Pessoal - Com mapa próprio","expense","l10n_pt_apo.pt_taxo_373_s,l10n_pt_apo.pt_taxo_194_m","False","","Deslocações e Estadas - Mercado Extracomunitário - Compens. util. viatura própria (km pagos) - Pessoal - Com mapa próprio"
"chart_62513323","62513323","Deslocações e Estadas - Mercado Extracomunitário - Compens. util. viatura própria (km pagos) - Pessoal - Sem mapa próprio","expense","l10n_pt_apo.pt_taxo_373_s,l10n_pt_apo.pt_taxo_194_m","False","","Deslocações e Estadas - Mercado Extracomunitário - Compens. util. viatura própria (km pagos) - Pessoal - Sem mapa próprio"
"chart_625134111","625134111","Deslocações e Estadas - Mercado Extracomunitário - Portagens e Estacionamentos - VLPM - Sujeito a TA (8%) - Base Tributável","expense","l10n_pt_apo.pt_taxo_373_s,l10n_pt_apo.pt_taxo_194_m","False","","Deslocações e Estadas - Mercado Extracomunitário - Portagens e Estacionamentos - VLPM - Sujeito a TA (8%) - Base Tributável"
"chart_625134112","625134112","Deslocações e Estadas - Mercado Extracomunitário - Portagens e Estacionamentos - VLPM - Sujeito a TA (8%) - IVA não dedutível","expense","l10n_pt_apo.pt_taxo_373_s,l10n_pt_apo.pt_taxo_194_m","False","","Deslocações e Estadas - Mercado Extracomunitário - Portagens e Estacionamentos - VLPM - Sujeito a TA (8%) - IVA não dedutível"
"chart_625134121","625134121","Deslocações e Estadas - Mercado Extracomunitário - Portagens e Estacionamentos - VLPM - Sujeito a TA (25%) - Base Tributável","expense","l10n_pt_apo.pt_taxo_373_s,l10n_pt_apo.pt_taxo_194_m","False","","Deslocações e Estadas - Mercado Extracomunitário - Portagens e Estacionamentos - VLPM - Sujeito a TA (25%) - Base Tributável"
"chart_625134122","625134122","Deslocações e Estadas - Mercado Extracomunitário - Portagens e Estacionamentos - VLPM - Sujeito a TA (25%) - IVA não dedutível","expense","l10n_pt_apo.pt_taxo_373_s,l10n_pt_apo.pt_taxo_194_m","False","","Deslocações e Estadas - Mercado Extracomunitário - Portagens e Estacionamentos - VLPM - Sujeito a TA (25%) - IVA não dedutível"
"chart_625134131","625134131","Deslocações e Estadas - Mercado Extracomunitário - Portagens e Estacionamentos - VLPM - Sujeito a TA (32%) - Base Tributável","expense","l10n_pt_apo.pt_taxo_373_s,l10n_pt_apo.pt_taxo_194_m","False","","Deslocações e Estadas - Mercado Extracomunitário - Portagens e Estacionamentos - VLPM - Sujeito a TA (32%) - Base Tributável"
"chart_625134132","625134132","Deslocações e Estadas - Mercado Extracomunitário - Portagens e Estacionamentos - VLPM - Sujeito a TA (32%) - IVA não dedutível","expense","l10n_pt_apo.pt_taxo_373_s,l10n_pt_apo.pt_taxo_194_m","False","","Deslocações e Estadas - Mercado Extracomunitário - Portagens e Estacionamentos - VLPM - Sujeito a TA (32%) - IVA não dedutível"
"chart_625134141","625134141","Deslocações e Estadas - Mercado Extracomunitário - Portagens e Estacionamentos - VLPM - Sujeito a TA (0%) - Base Tributável","expense","l10n_pt_apo.pt_taxo_373_s,l10n_pt_apo.pt_taxo_194_m","False","","Deslocações e Estadas - Mercado Extracomunitário - Portagens e Estacionamentos - VLPM - Sujeito a TA (0%) - Base Tributável"
"chart_625134142","625134142","Deslocações e Estadas - Mercado Extracomunitário - Portagens e Estacionamentos - VLPM - Sujeito a TA (0%) - IVA não dedutível","expense","l10n_pt_apo.pt_taxo_373_s,l10n_pt_apo.pt_taxo_194_m","False","","Deslocações e Estadas - Mercado Extracomunitário - Portagens e Estacionamentos - VLPM - Sujeito a TA (0%) - IVA não dedutível"
"chart_625134211","625134211","Deslocações e Estadas - Mercado Extracomunitário - Portagens e Estacionamentos - VLPHP - Sujeito a TA (2,5%) - Base Tributável","expense","l10n_pt_apo.pt_taxo_373_s,l10n_pt_apo.pt_taxo_194_m","False","","Deslocações e Estadas - Mercado Extracomunitário - Portagens e Estacionamentos - VLPHP - Sujeito a TA (2,5%) - Base Tributável"
"chart_625134212","625134212","Deslocações e Estadas - Mercado Extracomunitário - Portagens e Estacionamentos - VLPHP - Sujeito a TA (2,5%) - IVA não dedutível","expense","l10n_pt_apo.pt_taxo_373_s,l10n_pt_apo.pt_taxo_194_m","False","","Deslocações e Estadas - Mercado Extracomunitário - Portagens e Estacionamentos - VLPHP - Sujeito a TA (2,5%) - IVA não dedutível"
"chart_625134221","625134221","Deslocações e Estadas - Mercado Extracomunitário - Portagens e Estacionamentos - VLPHP - Sujeito a TA (7,5%) - Base Tributável","expense","l10n_pt_apo.pt_taxo_373_s,l10n_pt_apo.pt_taxo_194_m","False","","Deslocações e Estadas - Mercado Extracomunitário - Portagens e Estacionamentos - VLPHP - Sujeito a TA (7,5%) - Base Tributável"
"chart_625134222","625134222","Deslocações e Estadas - Mercado Extracomunitário - Portagens e Estacionamentos - VLPHP - Sujeito a TA (7,5%) - IVA não dedutível","expense","l10n_pt_apo.pt_taxo_373_s,l10n_pt_apo.pt_taxo_194_m","False","","Deslocações e Estadas - Mercado Extracomunitário - Portagens e Estacionamentos - VLPHP - Sujeito a TA (7,5%) - IVA não dedutível"
"chart_625134231","625134231","Deslocações e Estadas - Mercado Extracomunitário - Portagens e Estacionamentos - VLPHP - Sujeito a TA (15%) - Base Tributável","expense","l10n_pt_apo.pt_taxo_373_s,l10n_pt_apo.pt_taxo_194_m","False","","Deslocações e Estadas - Mercado Extracomunitário - Portagens e Estacionamentos - VLPHP - Sujeito a TA (15%) - Base Tributável"
"chart_625134232","625134232","Deslocações e Estadas - Mercado Extracomunitário - Portagens e Estacionamentos - VLPHP - Sujeito a TA (15%) - IVA não dedutível","expense","l10n_pt_apo.pt_taxo_373_s,l10n_pt_apo.pt_taxo_194_m","False","","Deslocações e Estadas - Mercado Extracomunitário - Portagens e Estacionamentos - VLPHP - Sujeito a TA (15%) - IVA não dedutível"
"chart_625134241","625134241","Deslocações e Estadas - Mercado Extracomunitário - Portagens e Estacionamentos - VLPHP - Sujeito a TA (0%) - Base Tributável","expense","l10n_pt_apo.pt_taxo_373_s,l10n_pt_apo.pt_taxo_194_m","False","","Deslocações e Estadas - Mercado Extracomunitário - Portagens e Estacionamentos - VLPHP - Sujeito a TA (0%) - Base Tributável"
"chart_625134242","625134242","Deslocações e Estadas - Mercado Extracomunitário - Portagens e Estacionamentos - VLPHP - Sujeito a TA (0%) - IVA não dedutível","expense","l10n_pt_apo.pt_taxo_373_s,l10n_pt_apo.pt_taxo_194_m","False","","Deslocações e Estadas - Mercado Extracomunitário - Portagens e Estacionamentos - VLPHP - Sujeito a TA (0%) - IVA não dedutível"
"chart_625134311","625134311","Deslocações e Estadas - Mercado Extracomunitário - Portagens e Estacionamentos - GPL ou GNV - Sujeito a TA (2,5%) - Base Tributável","expense","l10n_pt_apo.pt_taxo_373_s,l10n_pt_apo.pt_taxo_194_m","False","","Deslocações e Estadas - Mercado Extracomunitário - Portagens e Estacionamentos - GPL ou GNV - Sujeito a TA (2,5%) - Base Tributável"
"chart_625134312","625134312","Deslocações e Estadas - Mercado Extracomunitário - Portagens e Estacionamentos - GPL ou GNV - Sujeito a TA (2,5%) - IVA não dedutível","expense","l10n_pt_apo.pt_taxo_373_s,l10n_pt_apo.pt_taxo_194_m","False","","Deslocações e Estadas - Mercado Extracomunitário - Portagens e Estacionamentos - GPL ou GNV - Sujeito a TA (2,5%) - IVA não dedutível"
"chart_625134321","625134321","Deslocações e Estadas - Mercado Extracomunitário - Portagens e Estacionamentos - GPL ou GNV - Sujeito a TA (7,5%) - Base Tributável","expense","l10n_pt_apo.pt_taxo_373_s,l10n_pt_apo.pt_taxo_194_m","False","","Deslocações e Estadas - Mercado Extracomunitário - Portagens e Estacionamentos - GPL ou GNV - Sujeito a TA (7,5%) - Base Tributável"
"chart_625134322","625134322","Deslocações e Estadas - Mercado Extracomunitário - Portagens e Estacionamentos - GPL ou GNV - Sujeito a TA (7,5%) - IVA não dedutível","expense","l10n_pt_apo.pt_taxo_373_s,l10n_pt_apo.pt_taxo_194_m","False","","Deslocações e Estadas - Mercado Extracomunitário - Portagens e Estacionamentos - GPL ou GNV - Sujeito a TA (7,5%) - IVA não dedutível"
"chart_625134331","625134331","Deslocações e Estadas - Mercado Extracomunitário - Portagens e Estacionamentos - GPL ou GNV - Sujeito a TA (15%) - Base Tributável","expense","l10n_pt_apo.pt_taxo_373_s,l10n_pt_apo.pt_taxo_194_m","False","","Deslocações e Estadas - Mercado Extracomunitário - Portagens e Estacionamentos - GPL ou GNV - Sujeito a TA (15%) - Base Tributável"
"chart_625134332","625134332","Deslocações e Estadas - Mercado Extracomunitário - Portagens e Estacionamentos - GPL ou GNV - Sujeito a TA (15%) - IVA não dedutível","expense","l10n_pt_apo.pt_taxo_373_s,l10n_pt_apo.pt_taxo_194_m","False","","Deslocações e Estadas - Mercado Extracomunitário - Portagens e Estacionamentos - GPL ou GNV - Sujeito a TA (15%) - IVA não dedutível"
"chart_625134341","625134341","Deslocações e Estadas - Mercado Extracomunitário - Portagens e Estacionamentos - GPL ou GNV - Sujeito a TA (0%) - Base Tributável","expense","l10n_pt_apo.pt_taxo_373_s,l10n_pt_apo.pt_taxo_194_m","False","","Deslocações e Estadas - Mercado Extracomunitário - Portagens e Estacionamentos - GPL ou GNV - Sujeito a TA (0%) - Base Tributável"
"chart_625134342","625134342","Deslocações e Estadas - Mercado Extracomunitário - Portagens e Estacionamentos - GPL ou GNV - Sujeito a TA (0%) - IVA não dedutível","expense","l10n_pt_apo.pt_taxo_373_s,l10n_pt_apo.pt_taxo_194_m","False","","Deslocações e Estadas - Mercado Extracomunitário - Portagens e Estacionamentos - GPL ou GNV - Sujeito a TA (0%) - IVA não dedutível"
"chart_625134411","625134411","Deslocações e Estadas - Mercado Extracomunitário - Portagens e Estacionamentos - Energia Elétrica - Sujeito a TA (10%) - Base Tributável","expense","l10n_pt_apo.pt_taxo_373_s,l10n_pt_apo.pt_taxo_194_m","False","","Deslocações e Estadas - Mercado Extracomunitário - Portagens e Estacionamentos - Energia Elétrica - Sujeito a TA (10%) - Base Tributável"
"chart_625134412","625134412","Deslocações e Estadas - Mercado Extracomunitário - Portagens e Estacionamentos - Energia Elétrica - Sujeito a TA (10%) - IVA não dedutível","expense","l10n_pt_apo.pt_taxo_373_s,l10n_pt_apo.pt_taxo_194_m","False","","Deslocações e Estadas - Mercado Extracomunitário - Portagens e Estacionamentos - Energia Elétrica - Sujeito a TA (10%) - IVA não dedutível"
"chart_625134421","625134421","Deslocações e Estadas - Mercado Extracomunitário - Portagens e Estacionamentos - Energia Elétrica - Sujeito a TA (0%) - Base Tributável","expense","l10n_pt_apo.pt_taxo_373_s,l10n_pt_apo.pt_taxo_194_m","False","","Deslocações e Estadas - Mercado Extracomunitário - Portagens e Estacionamentos - Energia Elétrica - Sujeito a TA (0%) - Base Tributável"
"chart_625134422","625134422","Deslocações e Estadas - Mercado Extracomunitário - Portagens e Estacionamentos - Energia Elétrica - Sujeito a TA (0%) - IVA não dedutível","expense","l10n_pt_apo.pt_taxo_373_s,l10n_pt_apo.pt_taxo_194_m","False","","Deslocações e Estadas - Mercado Extracomunitário - Portagens e Estacionamentos - Energia Elétrica - Sujeito a TA (0%) - IVA não dedutível"
"chart_6252","6252","Staff transport","expense",,"False","","Transportes de pessoal","True"
"chart_62521","62521","Transporte de Pessoal - Mercado Nacional","expense","l10n_pt_apo.pt_taxo_374_s,l10n_pt_apo.pt_taxo_194_m","False","","Transporte de Pessoal - Mercado Nacional"
"chart_62522","62522","Transporte de Pessoal - Mercado Intracomunitário","expense","l10n_pt_apo.pt_taxo_374_s,l10n_pt_apo.pt_taxo_194_m","False","","Transporte de Pessoal - Mercado Intracomunitário"
"chart_62523","62523","Transporte de Pessoal - Mercado Extracomunitário","expense","l10n_pt_apo.pt_taxo_374_s,l10n_pt_apo.pt_taxo_194_m","False","","Transporte de Pessoal - Mercado Extracomunitário"
"chart_6253","6253","Transport of goods","expense",,"False","","Transportes de mercadorias","True"
"chart_62531","62531","Transporte de Mercadorias - Mercado Nacional","expense","l10n_pt_apo.pt_taxo_375_s,l10n_pt_apo.pt_taxo_194_m","False","","Transporte de Mercadorias - Mercado Nacional"
"chart_62532","62532","Transporte de Mercadorias - Mercado Intracomunitário","expense","l10n_pt_apo.pt_taxo_375_s,l10n_pt_apo.pt_taxo_194_m","False","","Transporte de Mercadorias - Mercado Intracomunitário"
"chart_62533","62533","Transporte de Mercadorias - Mercado Extracomunitário","expense","l10n_pt_apo.pt_taxo_375_s,l10n_pt_apo.pt_taxo_194_m","False","","Transporte de Mercadorias - Mercado Extracomunitário"
"chart_6258","6258","Others","expense",,"False","","Outros","True"
"chart_62581","62581","Outras Deslocações, Estadas e Transportes - Mercado Nacional","expense","l10n_pt_apo.pt_taxo_194_m","False","","Outras Deslocações, Estadas e Transportes - Mercado Nacional"
"chart_62582","62582","Outras Deslocações, Estadas e Transportes - Mercado Intracomunitário","expense","l10n_pt_apo.pt_taxo_194_m","False","","Outras Deslocações, Estadas e Transportes - Mercado Intracomunitário"
"chart_62583","62583","Outras Deslocações, Estadas e Transportes - Mercado Extracomunitário","expense","l10n_pt_apo.pt_taxo_194_m","False","","Outras Deslocações, Estadas e Transportes - Mercado Extracomunitário"
"chart_6261","6261","Incomes and rents","expense",,"False","","Rendas e alugueres","True"
"chart_626111111","626111111","Rendas e Alugueres - Mercado Nacional - Viaturas - LPM - Sujeito a TA (8%) - Base Tributável","expense","l10n_pt_apo.pt_taxo_377_s,l10n_pt_apo.pt_taxo_195_m","False","","Rendas e Alugueres - Mercado Nacional - Viaturas - LPM - Sujeito a TA (8%) - Base Tributável"
"chart_626111112","626111112","Rendas e Alugueres - Mercado Nacional - Viaturas - LPM - Sujeito a TA (8%) - IVA não dedutível","expense","l10n_pt_apo.pt_taxo_377_s,l10n_pt_apo.pt_taxo_195_m","False","","Rendas e Alugueres - Mercado Nacional - Viaturas - LPM - Sujeito a TA (8%) - IVA não dedutível"
"chart_626111121","626111121","Rendas e Alugueres - Mercado Nacional - Viaturas - LPM - Sujeito a TA (25%) - Base Tributável","expense","l10n_pt_apo.pt_taxo_377_s,l10n_pt_apo.pt_taxo_195_m","False","","Rendas e Alugueres - Mercado Nacional - Viaturas - LPM - Sujeito a TA (25%) - Base Tributável"
"chart_626111122","626111122","Rendas e Alugueres - Mercado Nacional - Viaturas - LPM - Sujeito a TA (25%) - IVA não dedutível","expense","l10n_pt_apo.pt_taxo_377_s,l10n_pt_apo.pt_taxo_195_m","False","","Rendas e Alugueres - Mercado Nacional - Viaturas - LPM - Sujeito a TA (25%) - IVA não dedutível"
"chart_626111131","626111131","Rendas e Alugueres - Mercado Nacional - Viaturas - LPM - Sujeito a TA (32%) - Base Tributável","expense","l10n_pt_apo.pt_taxo_377_s,l10n_pt_apo.pt_taxo_195_m","False","","Rendas e Alugueres - Mercado Nacional - Viaturas - LPM - Sujeito a TA (32%) - Base Tributável"
"chart_626111132","626111132","Rendas e Alugueres - Mercado Nacional - Viaturas - LPM - Sujeito a TA (32%) - IVA não dedutível","expense","l10n_pt_apo.pt_taxo_377_s,l10n_pt_apo.pt_taxo_195_m","False","","Rendas e Alugueres - Mercado Nacional - Viaturas - LPM - Sujeito a TA (32%) - IVA não dedutível"
"chart_626111141","626111141","Rendas e Alugueres - Mercado Nacional - Viaturas - LPM - Sujeito a TA (0%) - Base Tributável","expense","l10n_pt_apo.pt_taxo_377_s,l10n_pt_apo.pt_taxo_195_m","False","","Rendas e Alugueres - Mercado Nacional - Viaturas - LPM - Sujeito a TA (0%) - Base Tributável"
"chart_626111142","626111142","Rendas e Alugueres - Mercado Nacional - Viaturas - LPM - Sujeito a TA (0%) - IVA não dedutível","expense","l10n_pt_apo.pt_taxo_377_s,l10n_pt_apo.pt_taxo_195_m","False","","Rendas e Alugueres - Mercado Nacional - Viaturas - LPM - Sujeito a TA (0%) - IVA não dedutível"
"chart_626111211","626111211","Rendas e Alugueres - Mercado Nacional - Viaturas - LPHP - Sujeito a TA (2,5%) - Base Tributável","expense","l10n_pt_apo.pt_taxo_377_s,l10n_pt_apo.pt_taxo_195_m","False","","Rendas e Alugueres - Mercado Nacional - Viaturas - LPHP - Sujeito a TA (2,5%) - Base Tributável"
"chart_626111212","626111212","Rendas e Alugueres - Mercado Nacional - Viaturas - LPHP - Sujeito a TA (2,5%) - IVA não dedutível","expense","l10n_pt_apo.pt_taxo_377_s,l10n_pt_apo.pt_taxo_195_m","False","","Rendas e Alugueres - Mercado Nacional - Viaturas - LPHP - Sujeito a TA (2,5%) - IVA não dedutível"
"chart_626111221","626111221","Rendas e Alugueres - Mercado Nacional - Viaturas - LPHP - Sujeito a TA (7,5%) - Base Tributável","expense","l10n_pt_apo.pt_taxo_377_s,l10n_pt_apo.pt_taxo_195_m","False","","Rendas e Alugueres - Mercado Nacional - Viaturas - LPHP - Sujeito a TA (7,5%) - Base Tributável"
"chart_626111222","626111222","Rendas e Alugueres - Mercado Nacional - Viaturas - LPHP - Sujeito a TA (7,5%) - IVA não dedutível","expense","l10n_pt_apo.pt_taxo_377_s,l10n_pt_apo.pt_taxo_195_m","False","","Rendas e Alugueres - Mercado Nacional - Viaturas - LPHP - Sujeito a TA (7,5%) - IVA não dedutível"
"chart_626111231","626111231","Rendas e Alugueres - Mercado Nacional - Viaturas - LPHP - Sujeito a TA (15%) - Base Tributável","expense","l10n_pt_apo.pt_taxo_377_s,l10n_pt_apo.pt_taxo_195_m","False","","Rendas e Alugueres - Mercado Nacional - Viaturas - LPHP - Sujeito a TA (15%) - Base Tributável"
"chart_626111232","626111232","Rendas e Alugueres - Mercado Nacional - Viaturas - LPHP - Sujeito a TA (15%) - IVA não dedutível","expense","l10n_pt_apo.pt_taxo_377_s,l10n_pt_apo.pt_taxo_195_m","False","","Rendas e Alugueres - Mercado Nacional - Viaturas - LPHP - Sujeito a TA (15%) - IVA não dedutível"
"chart_626111241","626111241","Rendas e Alugueres - Mercado Nacional - Viaturas - LPHP - Sujeito a TA (0%) - Base Tributável","expense","l10n_pt_apo.pt_taxo_377_s,l10n_pt_apo.pt_taxo_195_m","False","","Rendas e Alugueres - Mercado Nacional - Viaturas - LPHP - Sujeito a TA (0%) - Base Tributável"
"chart_626111242","626111242","Rendas e Alugueres - Mercado Nacional - Viaturas - LPHP - Sujeito a TA (0%) - IVA não dedutível","expense","l10n_pt_apo.pt_taxo_377_s,l10n_pt_apo.pt_taxo_195_m","False","","Rendas e Alugueres - Mercado Nacional - Viaturas - LPHP - Sujeito a TA (0%) - IVA não dedutível"
"chart_626111311","626111311","Rendas e Alugueres - Mercado Nacional - Viaturas - GPL ou GNV - Sujeito a TA (2,5%) - Base Tributável","expense","l10n_pt_apo.pt_taxo_377_s,l10n_pt_apo.pt_taxo_195_m","False","","Rendas e Alugueres - Mercado Nacional - Viaturas - GPL ou GNV - Sujeito a TA (2,5%) - Base Tributável"
"chart_626111312","626111312","Rendas e Alugueres - Mercado Nacional - Viaturas - GPL ou GNV - Sujeito a TA (2,5%) - IVA não dedutível","expense","l10n_pt_apo.pt_taxo_377_s,l10n_pt_apo.pt_taxo_195_m","False","","Rendas e Alugueres - Mercado Nacional - Viaturas - GPL ou GNV - Sujeito a TA (2,5%) - IVA não dedutível"
"chart_626111321","626111321","Rendas e Alugueres - Mercado Nacional - Viaturas - GPL ou GNV - Sujeito a TA (7,5%) - Base Tributável","expense","l10n_pt_apo.pt_taxo_377_s,l10n_pt_apo.pt_taxo_195_m","False","","Rendas e Alugueres - Mercado Nacional - Viaturas - GPL ou GNV - Sujeito a TA (7,5%) - Base Tributável"
"chart_626111322","626111322","Rendas e Alugueres - Mercado Nacional - Viaturas - GPL ou GNV - Sujeito a TA (7,5%) - IVA não dedutível","expense","l10n_pt_apo.pt_taxo_377_s,l10n_pt_apo.pt_taxo_195_m","False","","Rendas e Alugueres - Mercado Nacional - Viaturas - GPL ou GNV - Sujeito a TA (7,5%) - IVA não dedutível"
"chart_626111331","626111331","Rendas e Alugueres - Mercado Nacional - Viaturas - GPL ou GNV - Sujeito a TA (15%) - Base Tributável","expense","l10n_pt_apo.pt_taxo_377_s,l10n_pt_apo.pt_taxo_195_m","False","","Rendas e Alugueres - Mercado Nacional - Viaturas - GPL ou GNV - Sujeito a TA (15%) - Base Tributável"
"chart_626111332","626111332","Rendas e Alugueres - Mercado Nacional - Viaturas - GPL ou GNV - Sujeito a TA (15%) - IVA não dedutível","expense","l10n_pt_apo.pt_taxo_377_s,l10n_pt_apo.pt_taxo_195_m","False","","Rendas e Alugueres - Mercado Nacional - Viaturas - GPL ou GNV - Sujeito a TA (15%) - IVA não dedutível"
"chart_626111341","626111341","Rendas e Alugueres - Mercado Nacional - Viaturas - GPL ou GNV - Sujeito a TA (0%) - Base Tributável","expense","l10n_pt_apo.pt_taxo_377_s,l10n_pt_apo.pt_taxo_195_m","False","","Rendas e Alugueres - Mercado Nacional - Viaturas - GPL ou GNV - Sujeito a TA (0%) - Base Tributável"
"chart_626111342","626111342","Rendas e Alugueres - Mercado Nacional - Viaturas - GPL ou GNV - Sujeito a TA (0%) - IVA não dedutível","expense","l10n_pt_apo.pt_taxo_377_s,l10n_pt_apo.pt_taxo_195_m","False","","Rendas e Alugueres - Mercado Nacional - Viaturas - GPL ou GNV - Sujeito a TA (0%) - IVA não dedutível"
"chart_626111411","626111411","Rendas e Alugueres - Mercado Nacional - Viaturas - Energia Elétrica - Sujeito a TA (10%) - Base Tributável","expense","l10n_pt_apo.pt_taxo_377_s,l10n_pt_apo.pt_taxo_195_m","False","","Rendas e Alugueres - Mercado Nacional - Viaturas - Energia Elétrica - Sujeito a TA (10%) - Base Tributável"
"chart_626111412","626111412","Rendas e Alugueres - Mercado Nacional - Viaturas - Energia Elétrica - Sujeito a TA (10%) - IVA não dedutível","expense","l10n_pt_apo.pt_taxo_377_s,l10n_pt_apo.pt_taxo_195_m","False","","Rendas e Alugueres - Mercado Nacional - Viaturas - Energia Elétrica - Sujeito a TA (10%) - IVA não dedutível"
"chart_626111421","626111421","Rendas e Alugueres - Mercado Nacional - Viaturas - Energia Elétrica - Sujeito a TA (0%) - Base Tributável","expense","l10n_pt_apo.pt_taxo_377_s,l10n_pt_apo.pt_taxo_195_m","False","","Rendas e Alugueres - Mercado Nacional - Viaturas - Energia Elétrica - Sujeito a TA (0%) - Base Tributável"
"chart_626111422","626111422","Rendas e Alugueres - Mercado Nacional - Viaturas - Energia Elétrica - Sujeito a TA (0%) - IVA não dedutível","expense","l10n_pt_apo.pt_taxo_377_s,l10n_pt_apo.pt_taxo_195_m","False","","Rendas e Alugueres - Mercado Nacional - Viaturas - Energia Elétrica - Sujeito a TA (0%) - IVA não dedutível"
"chart_626121111","626121111","Rendas e Alugueres - Mercado Intracomunitário - Viaturas - LPM - Sujeito a TA (8%) - Base Tributável","expense","l10n_pt_apo.pt_taxo_377_s,l10n_pt_apo.pt_taxo_195_m","False","","Rendas e Alugueres - Mercado Intracomunitário - Viaturas - LPM - Sujeito a TA (8%) - Base Tributável"
"chart_626121112","626121112","Rendas e Alugueres - Mercado Intracomunitário - Viaturas - LPM - Sujeito a TA (8%) - IVA não dedutível","expense","l10n_pt_apo.pt_taxo_377_s,l10n_pt_apo.pt_taxo_195_m","False","","Rendas e Alugueres - Mercado Intracomunitário - Viaturas - LPM - Sujeito a TA (8%) - IVA não dedutível"
"chart_626121121","626121121","Rendas e Alugueres - Mercado Intracomunitário - Viaturas - LPM - Sujeito a TA (25%) - Base Tributável","expense","l10n_pt_apo.pt_taxo_377_s,l10n_pt_apo.pt_taxo_195_m","False","","Rendas e Alugueres - Mercado Intracomunitário - Viaturas - LPM - Sujeito a TA (25%) - Base Tributável"
"chart_626121122","626121122","Rendas e Alugueres - Mercado Intracomunitário - Viaturas - LPM - Sujeito a TA (25%) - IVA não dedutível","expense","l10n_pt_apo.pt_taxo_377_s,l10n_pt_apo.pt_taxo_195_m","False","","Rendas e Alugueres - Mercado Intracomunitário - Viaturas - LPM - Sujeito a TA (25%) - IVA não dedutível"
"chart_626121131","626121131","Rendas e Alugueres - Mercado Intracomunitário - Viaturas - LPM - Sujeito a TA (32%) - Base Tributável","expense","l10n_pt_apo.pt_taxo_377_s,l10n_pt_apo.pt_taxo_195_m","False","","Rendas e Alugueres - Mercado Intracomunitário - Viaturas - LPM - Sujeito a TA (32%) - Base Tributável"
"chart_626121132","626121132","Rendas e Alugueres - Mercado Intracomunitário - Viaturas - LPM - Sujeito a TA (32%) - IVA não dedutível","expense","l10n_pt_apo.pt_taxo_377_s,l10n_pt_apo.pt_taxo_195_m","False","","Rendas e Alugueres - Mercado Intracomunitário - Viaturas - LPM - Sujeito a TA (32%) - IVA não dedutível"
"chart_626121141","626121141","Rendas e Alugueres - Mercado Intracomunitário - Viaturas - LPM - Sujeito a TA (0%) - Base Tributável","expense","l10n_pt_apo.pt_taxo_377_s,l10n_pt_apo.pt_taxo_195_m","False","","Rendas e Alugueres - Mercado Intracomunitário - Viaturas - LPM - Sujeito a TA (0%) - Base Tributável"
"chart_626121142","626121142","Rendas e Alugueres - Mercado Intracomunitário - Viaturas - LPM - Sujeito a TA (0%) - IVA não dedutível","expense","l10n_pt_apo.pt_taxo_377_s,l10n_pt_apo.pt_taxo_195_m","False","","Rendas e Alugueres - Mercado Intracomunitário - Viaturas - LPM - Sujeito a TA (0%) - IVA não dedutível"
"chart_626121211","626121211","Rendas e Alugueres - Mercado Intracomunitário - Viaturas - LPHP - Sujeito a TA (2,5%) - Base Tributável","expense","l10n_pt_apo.pt_taxo_377_s,l10n_pt_apo.pt_taxo_195_m","False","","Rendas e Alugueres - Mercado Intracomunitário - Viaturas - LPHP - Sujeito a TA (2,5%) - Base Tributável"
"chart_626121212","626121212","Rendas e Alugueres - Mercado Intracomunitário - Viaturas - LPHP - Sujeito a TA (2,5%) - IVA não dedutível","expense","l10n_pt_apo.pt_taxo_377_s,l10n_pt_apo.pt_taxo_195_m","False","","Rendas e Alugueres - Mercado Intracomunitário - Viaturas - LPHP - Sujeito a TA (2,5%) - IVA não dedutível"
"chart_626121221","626121221","Rendas e Alugueres - Mercado Intracomunitário - Viaturas - LPHP - Sujeito a TA (7,5%) - Base Tributável","expense","l10n_pt_apo.pt_taxo_377_s,l10n_pt_apo.pt_taxo_195_m","False","","Rendas e Alugueres - Mercado Intracomunitário - Viaturas - LPHP - Sujeito a TA (7,5%) - Base Tributável"
"chart_626121222","626121222","Rendas e Alugueres - Mercado Intracomunitário - Viaturas - LPHP - Sujeito a TA (7,5%) - IVA não dedutível","expense","l10n_pt_apo.pt_taxo_377_s,l10n_pt_apo.pt_taxo_195_m","False","","Rendas e Alugueres - Mercado Intracomunitário - Viaturas - LPHP - Sujeito a TA (7,5%) - IVA não dedutível"
"chart_626121231","626121231","Rendas e Alugueres - Mercado Intracomunitário - Viaturas - LPHP - Sujeito a TA (15%) - Base Tributável","expense","l10n_pt_apo.pt_taxo_377_s,l10n_pt_apo.pt_taxo_195_m","False","","Rendas e Alugueres - Mercado Intracomunitário - Viaturas - LPHP - Sujeito a TA (15%) - Base Tributável"
"chart_626121232","626121232","Rendas e Alugueres - Mercado Intracomunitário - Viaturas - LPHP - Sujeito a TA (15%) - IVA não dedutível","expense","l10n_pt_apo.pt_taxo_377_s,l10n_pt_apo.pt_taxo_195_m","False","","Rendas e Alugueres - Mercado Intracomunitário - Viaturas - LPHP - Sujeito a TA (15%) - IVA não dedutível"
"chart_626121241","626121241","Rendas e Alugueres - Mercado Intracomunitário - Viaturas - LPHP - Sujeito a TA (0%) - Base Tributável","expense","l10n_pt_apo.pt_taxo_377_s,l10n_pt_apo.pt_taxo_195_m","False","","Rendas e Alugueres - Mercado Intracomunitário - Viaturas - LPHP - Sujeito a TA (0%) - Base Tributável"
"chart_626121242","626121242","Rendas e Alugueres - Mercado Intracomunitário - Viaturas - LPHP - Sujeito a TA (0%) - IVA não dedutível","expense","l10n_pt_apo.pt_taxo_377_s,l10n_pt_apo.pt_taxo_195_m","False","","Rendas e Alugueres - Mercado Intracomunitário - Viaturas - LPHP - Sujeito a TA (0%) - IVA não dedutível"
"chart_626121311","626121311","Rendas e Alugueres - Mercado Intracomunitário - Viaturas - GPL ou GNV - Sujeito a TA (2,5%) - Base Tributável","expense","l10n_pt_apo.pt_taxo_377_s,l10n_pt_apo.pt_taxo_195_m","False","","Rendas e Alugueres - Mercado Intracomunitário - Viaturas - GPL ou GNV - Sujeito a TA (2,5%) - Base Tributável"
"chart_626121312","626121312","Rendas e Alugueres - Mercado Intracomunitário - Viaturas - GPL ou GNV - Sujeito a TA (2,5%) - IVA não dedutível","expense","l10n_pt_apo.pt_taxo_377_s,l10n_pt_apo.pt_taxo_195_m","False","","Rendas e Alugueres - Mercado Intracomunitário - Viaturas - GPL ou GNV - Sujeito a TA (2,5%) - IVA não dedutível"
"chart_626121321","626121321","Rendas e Alugueres - Mercado Intracomunitário - Viaturas - GPL ou GNV - Sujeito a TA (7,5%) - Base Tributável","expense","l10n_pt_apo.pt_taxo_377_s,l10n_pt_apo.pt_taxo_195_m","False","","Rendas e Alugueres - Mercado Intracomunitário - Viaturas - GPL ou GNV - Sujeito a TA (7,5%) - Base Tributável"
"chart_626121322","626121322","Rendas e Alugueres - Mercado Intracomunitário - Viaturas - GPL ou GNV - Sujeito a TA (7,5%) - IVA não dedutível","expense","l10n_pt_apo.pt_taxo_377_s,l10n_pt_apo.pt_taxo_195_m","False","","Rendas e Alugueres - Mercado Intracomunitário - Viaturas - GPL ou GNV - Sujeito a TA (7,5%) - IVA não dedutível"
"chart_626121331","626121331","Rendas e Alugueres - Mercado Intracomunitário - Viaturas - GPL ou GNV - Sujeito a TA (15%) - Base Tributável","expense","l10n_pt_apo.pt_taxo_377_s,l10n_pt_apo.pt_taxo_195_m","False","","Rendas e Alugueres - Mercado Intracomunitário - Viaturas - GPL ou GNV - Sujeito a TA (15%) - Base Tributável"
"chart_626121332","626121332","Rendas e Alugueres - Mercado Intracomunitário - Viaturas - GPL ou GNV - Sujeito a TA (15%) - IVA não dedutível","expense","l10n_pt_apo.pt_taxo_377_s,l10n_pt_apo.pt_taxo_195_m","False","","Rendas e Alugueres - Mercado Intracomunitário - Viaturas - GPL ou GNV - Sujeito a TA (15%) - IVA não dedutível"
"chart_626121341","626121341","Rendas e Alugueres - Mercado Intracomunitário - Viaturas - GPL ou GNV - Sujeito a TA (0%) - Base Tributável","expense","l10n_pt_apo.pt_taxo_377_s,l10n_pt_apo.pt_taxo_195_m","False","","Rendas e Alugueres - Mercado Intracomunitário - Viaturas - GPL ou GNV - Sujeito a TA (0%) - Base Tributável"
"chart_626121342","626121342","Rendas e Alugueres - Mercado Intracomunitário - Viaturas - GPL ou GNV - Sujeito a TA (0%) - IVA não dedutível","expense","l10n_pt_apo.pt_taxo_377_s,l10n_pt_apo.pt_taxo_195_m","False","","Rendas e Alugueres - Mercado Intracomunitário - Viaturas - GPL ou GNV - Sujeito a TA (0%) - IVA não dedutível"
"chart_626121411","626121411","Rendas e Alugueres - Mercado Intracomunitário - Viaturas - Energia Elétrica - Sujeito a TA (10%) - Base Tributável","expense","l10n_pt_apo.pt_taxo_377_s,l10n_pt_apo.pt_taxo_195_m","False","","Rendas e Alugueres - Mercado Intracomunitário - Viaturas - Energia Elétrica - Sujeito a TA (10%) - Base Tributável"
"chart_626121412","626121412","Rendas e Alugueres - Mercado Intracomunitário - Viaturas - Energia Elétrica - Sujeito a TA (10%) - IVA não dedutível","expense","l10n_pt_apo.pt_taxo_377_s,l10n_pt_apo.pt_taxo_195_m","False","","Rendas e Alugueres - Mercado Intracomunitário - Viaturas - Energia Elétrica - Sujeito a TA (10%) - IVA não dedutível"
"chart_626121421","626121421","Rendas e Alugueres - Mercado Intracomunitário - Viaturas - Energia Elétrica - Sujeito a TA (0%) - Base Tributável","expense","l10n_pt_apo.pt_taxo_377_s,l10n_pt_apo.pt_taxo_195_m","False","","Rendas e Alugueres - Mercado Intracomunitário - Viaturas - Energia Elétrica - Sujeito a TA (0%) - Base Tributável"
"chart_626121422","626121422","Rendas e Alugueres - Mercado Intracomunitário - Viaturas - Energia Elétrica - Sujeito a TA (0%) - IVA não dedutível","expense","l10n_pt_apo.pt_taxo_377_s,l10n_pt_apo.pt_taxo_195_m","False","","Rendas e Alugueres - Mercado Intracomunitário - Viaturas - Energia Elétrica - Sujeito a TA (0%) - IVA não dedutível"
"chart_626131111","626131111","Rendas e Alugueres - Mercado Extracomunitário - Viaturas - LPM - Sujeito a TA (8%) - Base Tributável","expense","l10n_pt_apo.pt_taxo_377_s,l10n_pt_apo.pt_taxo_195_m","False","","Rendas e Alugueres - Mercado Extracomunitário - Viaturas - LPM - Sujeito a TA (8%) - Base Tributável"
"chart_626131112","626131112","Rendas e Alugueres - Mercado Extracomunitário - Viaturas - LPM - Sujeito a TA (8%) - IVA não dedutível","expense","l10n_pt_apo.pt_taxo_377_s,l10n_pt_apo.pt_taxo_195_m","False","","Rendas e Alugueres - Mercado Extracomunitário - Viaturas - LPM - Sujeito a TA (8%) - IVA não dedutível"
"chart_626131121","626131121","Rendas e Alugueres - Mercado Extracomunitário - Viaturas - LPM - Sujeito a TA (25%) - Base Tributável","expense","l10n_pt_apo.pt_taxo_377_s,l10n_pt_apo.pt_taxo_195_m","False","","Rendas e Alugueres - Mercado Extracomunitário - Viaturas - LPM - Sujeito a TA (25%) - Base Tributável"
"chart_626131122","626131122","Rendas e Alugueres - Mercado Extracomunitário - Viaturas - LPM - Sujeito a TA (25%) - IVA não dedutível","expense","l10n_pt_apo.pt_taxo_377_s,l10n_pt_apo.pt_taxo_195_m","False","","Rendas e Alugueres - Mercado Extracomunitário - Viaturas - LPM - Sujeito a TA (25%) - IVA não dedutível"
"chart_626131131","626131131","Rendas e Alugueres - Mercado Extracomunitário - Viaturas - LPM - Sujeito a TA (32%) - Base Tributável","expense","l10n_pt_apo.pt_taxo_377_s,l10n_pt_apo.pt_taxo_195_m","False","","Rendas e Alugueres - Mercado Extracomunitário - Viaturas - LPM - Sujeito a TA (32%) - Base Tributável"
"chart_626131132","626131132","Rendas e Alugueres - Mercado Extracomunitário - Viaturas - LPM - Sujeito a TA (32%) - IVA não dedutível","expense","l10n_pt_apo.pt_taxo_377_s,l10n_pt_apo.pt_taxo_195_m","False","","Rendas e Alugueres - Mercado Extracomunitário - Viaturas - LPM - Sujeito a TA (32%) - IVA não dedutível"
"chart_626131141","626131141","Rendas e Alugueres - Mercado Extracomunitário - Viaturas - LPM - Sujeito a TA (0%) - Base Tributável","expense","l10n_pt_apo.pt_taxo_377_s,l10n_pt_apo.pt_taxo_195_m","False","","Rendas e Alugueres - Mercado Extracomunitário - Viaturas - LPM - Sujeito a TA (0%) - Base Tributável"
"chart_626131142","626131142","Rendas e Alugueres - Mercado Extracomunitário - Viaturas - LPM - Sujeito a TA (0%) - IVA não dedutível","expense","l10n_pt_apo.pt_taxo_377_s,l10n_pt_apo.pt_taxo_195_m","False","","Rendas e Alugueres - Mercado Extracomunitário - Viaturas - LPM - Sujeito a TA (0%) - IVA não dedutível"
"chart_626131211","626131211","Rendas e Alugueres - Mercado Extracomunitário - Viaturas - LPHP - Sujeito a TA (2,5%) - Base Tributável","expense","l10n_pt_apo.pt_taxo_377_s,l10n_pt_apo.pt_taxo_195_m","False","","Rendas e Alugueres - Mercado Extracomunitário - Viaturas - LPHP - Sujeito a TA (2,5%) - Base Tributável"
"chart_626131212","626131212","Rendas e Alugueres - Mercado Extracomunitário - Viaturas - LPHP - Sujeito a TA (2,5%) - IVA não dedutível","expense","l10n_pt_apo.pt_taxo_377_s,l10n_pt_apo.pt_taxo_195_m","False","","Rendas e Alugueres - Mercado Extracomunitário - Viaturas - LPHP - Sujeito a TA (2,5%) - IVA não dedutível"
"chart_626131221","626131221","Rendas e Alugueres - Mercado Extracomunitário - Viaturas - LPHP - Sujeito a TA (7,5%) - Base Tributável","expense","l10n_pt_apo.pt_taxo_377_s,l10n_pt_apo.pt_taxo_195_m","False","","Rendas e Alugueres - Mercado Extracomunitário - Viaturas - LPHP - Sujeito a TA (7,5%) - Base Tributável"
"chart_626131222","626131222","Rendas e Alugueres - Mercado Extracomunitário - Viaturas - LPHP - Sujeito a TA (7,5%) - IVA não dedutível","expense","l10n_pt_apo.pt_taxo_377_s,l10n_pt_apo.pt_taxo_195_m","False","","Rendas e Alugueres - Mercado Extracomunitário - Viaturas - LPHP - Sujeito a TA (7,5%) - IVA não dedutível"
"chart_626131231","626131231","Rendas e Alugueres - Mercado Extracomunitário - Viaturas - LPHP - Sujeito a TA (15%) - Base Tributável","expense","l10n_pt_apo.pt_taxo_377_s,l10n_pt_apo.pt_taxo_195_m","False","","Rendas e Alugueres - Mercado Extracomunitário - Viaturas - LPHP - Sujeito a TA (15%) - Base Tributável"
"chart_626131232","626131232","Rendas e Alugueres - Mercado Extracomunitário - Viaturas - LPHP - Sujeito a TA (15%) - IVA não dedutível","expense","l10n_pt_apo.pt_taxo_377_s,l10n_pt_apo.pt_taxo_195_m","False","","Rendas e Alugueres - Mercado Extracomunitário - Viaturas - LPHP - Sujeito a TA (15%) - IVA não dedutível"
"chart_626131241","626131241","Rendas e Alugueres - Mercado Extracomunitário - Viaturas - LPHP - Sujeito a TA (0%) - Base Tributável","expense","l10n_pt_apo.pt_taxo_377_s,l10n_pt_apo.pt_taxo_195_m","False","","Rendas e Alugueres - Mercado Extracomunitário - Viaturas - LPHP - Sujeito a TA (0%) - Base Tributável"
"chart_626131242","626131242","Rendas e Alugueres - Mercado Extracomunitário - Viaturas - LPHP - Sujeito a TA (0%) - IVA não dedutível","expense","l10n_pt_apo.pt_taxo_377_s,l10n_pt_apo.pt_taxo_195_m","False","","Rendas e Alugueres - Mercado Extracomunitário - Viaturas - LPHP - Sujeito a TA (0%) - IVA não dedutível"
"chart_626131311","626131311","Rendas e Alugueres - Mercado Extracomunitário - Viaturas - GPL ou GNV - Sujeito a TA (2,5%) - Base Tributável","expense","l10n_pt_apo.pt_taxo_377_s,l10n_pt_apo.pt_taxo_195_m","False","","Rendas e Alugueres - Mercado Extracomunitário - Viaturas - GPL ou GNV - Sujeito a TA (2,5%) - Base Tributável"
"chart_626131312","626131312","Rendas e Alugueres - Mercado Extracomunitário - Viaturas - GPL ou GNV - Sujeito a TA (2,5%) - IVA não dedutível","expense","l10n_pt_apo.pt_taxo_377_s,l10n_pt_apo.pt_taxo_195_m","False","","Rendas e Alugueres - Mercado Extracomunitário - Viaturas - GPL ou GNV - Sujeito a TA (2,5%) - IVA não dedutível"
"chart_626131321","626131321","Rendas e Alugueres - Mercado Extracomunitário - Viaturas - GPL ou GNV - Sujeito a TA (7,5%) - Base Tributável","expense","l10n_pt_apo.pt_taxo_377_s,l10n_pt_apo.pt_taxo_195_m","False","","Rendas e Alugueres - Mercado Extracomunitário - Viaturas - GPL ou GNV - Sujeito a TA (7,5%) - Base Tributável"
"chart_626131322","626131322","Rendas e Alugueres - Mercado Extracomunitário - Viaturas - GPL ou GNV - Sujeito a TA (7,5%) - IVA não dedutível","expense","l10n_pt_apo.pt_taxo_377_s,l10n_pt_apo.pt_taxo_195_m","False","","Rendas e Alugueres - Mercado Extracomunitário - Viaturas - GPL ou GNV - Sujeito a TA (7,5%) - IVA não dedutível"
"chart_626131331","626131331","Rendas e Alugueres - Mercado Extracomunitário - Viaturas - GPL ou GNV - Sujeito a TA (15%) - Base Tributável","expense","l10n_pt_apo.pt_taxo_377_s,l10n_pt_apo.pt_taxo_195_m","False","","Rendas e Alugueres - Mercado Extracomunitário - Viaturas - GPL ou GNV - Sujeito a TA (15%) - Base Tributável"
"chart_626131332","626131332","Rendas e Alugueres - Mercado Extracomunitário - Viaturas - GPL ou GNV - Sujeito a TA (15%) - IVA não dedutível","expense","l10n_pt_apo.pt_taxo_377_s,l10n_pt_apo.pt_taxo_195_m","False","","Rendas e Alugueres - Mercado Extracomunitário - Viaturas - GPL ou GNV - Sujeito a TA (15%) - IVA não dedutível"
"chart_626131341","626131341","Rendas e Alugueres - Mercado Extracomunitário - Viaturas - GPL ou GNV - Sujeito a TA (0%) - Base Tributável","expense","l10n_pt_apo.pt_taxo_377_s,l10n_pt_apo.pt_taxo_195_m","False","","Rendas e Alugueres - Mercado Extracomunitário - Viaturas - GPL ou GNV - Sujeito a TA (0%) - Base Tributável"
"chart_626131342","626131342","Rendas e Alugueres - Mercado Extracomunitário - Viaturas - GPL ou GNV - Sujeito a TA (0%) - IVA não dedutível","expense","l10n_pt_apo.pt_taxo_377_s,l10n_pt_apo.pt_taxo_195_m","False","","Rendas e Alugueres - Mercado Extracomunitário - Viaturas - GPL ou GNV - Sujeito a TA (0%) - IVA não dedutível"
"chart_626131411","626131411","Rendas e Alugueres - Mercado Extracomunitário - Viaturas - Energia Elétrica - Sujeito a TA (10%) - Base Tributável","expense","l10n_pt_apo.pt_taxo_377_s,l10n_pt_apo.pt_taxo_195_m","False","","Rendas e Alugueres - Mercado Extracomunitário - Viaturas - Energia Elétrica - Sujeito a TA (10%) - Base Tributável"
"chart_626131412","626131412","Rendas e Alugueres - Mercado Extracomunitário - Viaturas - Energia Elétrica - Sujeito a TA (10%) - IVA não dedutível","expense","l10n_pt_apo.pt_taxo_377_s,l10n_pt_apo.pt_taxo_195_m","False","","Rendas e Alugueres - Mercado Extracomunitário - Viaturas - Energia Elétrica - Sujeito a TA (10%) - IVA não dedutível"
"chart_626131421","626131421","Rendas e Alugueres - Mercado Extracomunitário - Viaturas - Energia Elétrica - Sujeito a TA (0%) - Base Tributável","expense","l10n_pt_apo.pt_taxo_377_s,l10n_pt_apo.pt_taxo_195_m","False","","Rendas e Alugueres - Mercado Extracomunitário - Viaturas - Energia Elétrica - Sujeito a TA (0%) - Base Tributável"
"chart_626131422","626131422","Rendas e Alugueres - Mercado Extracomunitário - Viaturas - Energia Elétrica - Sujeito a TA (0%) - IVA não dedutível","expense","l10n_pt_apo.pt_taxo_377_s,l10n_pt_apo.pt_taxo_195_m","False","","Rendas e Alugueres - Mercado Extracomunitário - Viaturas - Energia Elétrica - Sujeito a TA (0%) - IVA não dedutível"
"chart_6262","6262","Communication","expense",,"False","","Comunicação","True"
"chart_62621","62621","Comunicação - Mercado Nacional","expense","l10n_pt_apo.pt_taxo_378_s,l10n_pt_apo.pt_taxo_195_m","False","","Comunicação - Mercado Nacional"
"chart_62622","62622","Comunicação - Mercado Intracomunitário","expense","l10n_pt_apo.pt_taxo_378_s,l10n_pt_apo.pt_taxo_195_m","False","","Comunicação - Mercado Intracomunitário"
"chart_62623","62623","Comunicação - Mercado Extracomunitário","expense","l10n_pt_apo.pt_taxo_378_s,l10n_pt_apo.pt_taxo_195_m","False","","Comunicação - Mercado Extracomunitário"
"chart_6263","6263","Insurance","expense",,"False","","Seguros","True"
"chart_62631111","62631111","Seguros - Mercado Nacional - Autómovel - VLPM - Sujeito a TA (8%)","expense","l10n_pt_apo.pt_taxo_379_s,l10n_pt_apo.pt_taxo_195_m","False","","Seguros - Mercado Nacional - Autómovel - VLPM - Sujeito a TA (8%)"
"chart_62631112","62631112","Seguros - Mercado Nacional - Autómovel - VLPM - Sujeito a TA (25%)","expense","l10n_pt_apo.pt_taxo_379_s,l10n_pt_apo.pt_taxo_195_m","False","","Seguros - Mercado Nacional - Autómovel - VLPM - Sujeito a TA (25%)"
"chart_62631113","62631113","Seguros - Mercado Nacional - Autómovel - VLPM - Sujeito a TA (32%)","expense","l10n_pt_apo.pt_taxo_379_s,l10n_pt_apo.pt_taxo_195_m","False","","Seguros - Mercado Nacional - Autómovel - VLPM - Sujeito a TA (32%)"
"chart_62631114","62631114","Seguros - Mercado Nacional - Autómovel - VLPM - Sujeito a TA (0%)","expense","l10n_pt_apo.pt_taxo_379_s,l10n_pt_apo.pt_taxo_195_m","False","","Seguros - Mercado Nacional - Autómovel - VLPM - Sujeito a TA (0%)"
"chart_62631121","62631121","Seguros - Mercado Nacional - Autómovel - VLPHP - Sujeito a TA (2,5%)","expense","l10n_pt_apo.pt_taxo_379_s,l10n_pt_apo.pt_taxo_195_m","False","","Seguros - Mercado Nacional - Autómovel - VLPHP - Sujeito a TA (2,5%)"
"chart_62631122","62631122","Seguros - Mercado Nacional - Autómovel - VLPHP - Sujeito a TA (7,5%)","expense","l10n_pt_apo.pt_taxo_379_s,l10n_pt_apo.pt_taxo_195_m","False","","Seguros - Mercado Nacional - Autómovel - VLPHP - Sujeito a TA (7,5%)"
"chart_62631123","62631123","Seguros - Mercado Nacional - Autómovel - VLPHP - Sujeito a TA (15%)","expense","l10n_pt_apo.pt_taxo_379_s,l10n_pt_apo.pt_taxo_195_m","False","","Seguros - Mercado Nacional - Autómovel - VLPHP - Sujeito a TA (15%)"
"chart_62631124","62631124","Seguros - Mercado Nacional - Autómovel - VLPHP - Sujeito a TA (0%)","expense","l10n_pt_apo.pt_taxo_379_s,l10n_pt_apo.pt_taxo_195_m","False","","Seguros - Mercado Nacional - Autómovel - VLPHP - Sujeito a TA (0%)"
"chart_62631131","62631131","Seguros - Mercado Nacional - Autómovel - GPL ou GNV - Sujeito a TA (2,5%)","expense","l10n_pt_apo.pt_taxo_379_s,l10n_pt_apo.pt_taxo_195_m","False","","Seguros - Mercado Nacional - Autómovel - GPL ou GNV - Sujeito a TA (2,5%)"
"chart_62631132","62631132","Seguros - Mercado Nacional - Autómovel - GPL ou GNV - Sujeito a TA (7,5%)","expense","l10n_pt_apo.pt_taxo_379_s,l10n_pt_apo.pt_taxo_195_m","False","","Seguros - Mercado Nacional - Autómovel - GPL ou GNV - Sujeito a TA (7,5%)"
"chart_62631133","62631133","Seguros - Mercado Nacional - Autómovel - GPL ou GNV - Sujeito a TA (15%)","expense","l10n_pt_apo.pt_taxo_379_s,l10n_pt_apo.pt_taxo_195_m","False","","Seguros - Mercado Nacional - Autómovel - GPL ou GNV - Sujeito a TA (15%)"
"chart_62631134","62631134","Seguros - Mercado Nacional - Autómovel - GPL ou GNV - Sujeito a TA (0%)","expense","l10n_pt_apo.pt_taxo_379_s,l10n_pt_apo.pt_taxo_195_m","False","","Seguros - Mercado Nacional - Autómovel - GPL ou GNV - Sujeito a TA (0%)"
"chart_62631141","62631141","Seguros - Mercado Nacional - Autómovel - Energia Elétrica - Sujeito a TA (10%)","expense","l10n_pt_apo.pt_taxo_379_s,l10n_pt_apo.pt_taxo_195_m","False","","Seguros - Mercado Nacional - Autómovel - Energia Elétrica - Sujeito a TA (10%)"
"chart_62631142","62631142","Seguros - Mercado Nacional - Autómovel - Energia Elétrica - Sujeito a TA (0%)","expense","l10n_pt_apo.pt_taxo_379_s,l10n_pt_apo.pt_taxo_195_m","False","","Seguros - Mercado Nacional - Autómovel - Energia Elétrica - Sujeito a TA (0%)"
"chart_62632111","62632111","Seguros - Mercado Intracomunitário - Autómovel - VLPM - Sujeito a TA (8%)","expense","l10n_pt_apo.pt_taxo_379_s,l10n_pt_apo.pt_taxo_195_m","False","","Seguros - Mercado Intracomunitário - Autómovel - VLPM - Sujeito a TA (8%)"
"chart_62632112","62632112","Seguros - Mercado Intracomunitário - Autómovel - VLPM - Sujeito a TA (25%)","expense","l10n_pt_apo.pt_taxo_379_s,l10n_pt_apo.pt_taxo_195_m","False","","Seguros - Mercado Intracomunitário - Autómovel - VLPM - Sujeito a TA (25%)"
"chart_62632113","62632113","Seguros - Mercado Intracomunitário - Autómovel - VLPM - Sujeito a TA (32%)","expense","l10n_pt_apo.pt_taxo_379_s,l10n_pt_apo.pt_taxo_195_m","False","","Seguros - Mercado Intracomunitário - Autómovel - VLPM - Sujeito a TA (32%)"
"chart_62632114","62632114","Seguros - Mercado Intracomunitário - Autómovel - VLPM - Sujeito a TA (0%)","expense","l10n_pt_apo.pt_taxo_379_s,l10n_pt_apo.pt_taxo_195_m","False","","Seguros - Mercado Intracomunitário - Autómovel - VLPM - Sujeito a TA (0%)"
"chart_62632121","62632121","Seguros - Mercado Intracomunitário - Autómovel - VLPHP - Sujeito a TA (2,5%)","expense","l10n_pt_apo.pt_taxo_379_s,l10n_pt_apo.pt_taxo_195_m","False","","Seguros - Mercado Intracomunitário - Autómovel - VLPHP - Sujeito a TA (2,5%)"
"chart_62632122","62632122","Seguros - Mercado Intracomunitário - Autómovel - VLPHP - Sujeito a TA (7,5%)","expense","l10n_pt_apo.pt_taxo_379_s,l10n_pt_apo.pt_taxo_195_m","False","","Seguros - Mercado Intracomunitário - Autómovel - VLPHP - Sujeito a TA (7,5%)"
"chart_62632123","62632123","Seguros - Mercado Intracomunitário - Autómovel - VLPHP - Sujeito a TA (15%)","expense","l10n_pt_apo.pt_taxo_379_s,l10n_pt_apo.pt_taxo_195_m","False","","Seguros - Mercado Intracomunitário - Autómovel - VLPHP - Sujeito a TA (15%)"
"chart_62632124","62632124","Seguros - Mercado Intracomunitário - Autómovel - VLPHP - Sujeito a TA (0%)","expense","l10n_pt_apo.pt_taxo_379_s,l10n_pt_apo.pt_taxo_195_m","False","","Seguros - Mercado Intracomunitário - Autómovel - VLPHP - Sujeito a TA (0%)"
"chart_62632131","62632131","Seguros - Mercado Intracomunitário - Autómovel - GPL ou GNV - Sujeito a TA (2,5%)","expense","l10n_pt_apo.pt_taxo_379_s,l10n_pt_apo.pt_taxo_195_m","False","","Seguros - Mercado Intracomunitário - Autómovel - GPL ou GNV - Sujeito a TA (2,5%)"
"chart_62632132","62632132","Seguros - Mercado Intracomunitário - Autómovel - GPL ou GNV - Sujeito a TA (7,5%)","expense","l10n_pt_apo.pt_taxo_379_s,l10n_pt_apo.pt_taxo_195_m","False","","Seguros - Mercado Intracomunitário - Autómovel - GPL ou GNV - Sujeito a TA (7,5%)"
"chart_62632133","62632133","Seguros - Mercado Intracomunitário - Autómovel - GPL ou GNV - Sujeito a TA (15%)","expense","l10n_pt_apo.pt_taxo_379_s,l10n_pt_apo.pt_taxo_195_m","False","","Seguros - Mercado Intracomunitário - Autómovel - GPL ou GNV - Sujeito a TA (15%)"
"chart_62632134","62632134","Seguros - Mercado Intracomunitário - Autómovel - GPL ou GNV - Sujeito a TA (0%)","expense","l10n_pt_apo.pt_taxo_379_s,l10n_pt_apo.pt_taxo_195_m","False","","Seguros - Mercado Intracomunitário - Autómovel - GPL ou GNV - Sujeito a TA (0%)"
"chart_62632141","62632141","Seguros - Mercado Intracomunitário - Autómovel - Energia Elétrica - Sujeito a TA (10%)","expense","l10n_pt_apo.pt_taxo_379_s,l10n_pt_apo.pt_taxo_195_m","False","","Seguros - Mercado Intracomunitário - Autómovel - Energia Elétrica - Sujeito a TA (10%)"
"chart_62632142","62632142","Seguros - Mercado Intracomunitário - Autómovel - Energia Elétrica - Sujeito a TA (0%)","expense","l10n_pt_apo.pt_taxo_379_s,l10n_pt_apo.pt_taxo_195_m","False","","Seguros - Mercado Intracomunitário - Autómovel - Energia Elétrica - Sujeito a TA (0%)"
"chart_62633111","62633111","Seguros - Mercado Extracomunitário - Autómovel - VLPM - Sujeito a TA (8%)","expense","l10n_pt_apo.pt_taxo_379_s,l10n_pt_apo.pt_taxo_195_m","False","","Seguros - Mercado Extracomunitário - Autómovel - VLPM - Sujeito a TA (8%)"
"chart_62633112","62633112","Seguros - Mercado Extracomunitário - Autómovel - VLPM - Sujeito a TA (25%)","expense","l10n_pt_apo.pt_taxo_379_s,l10n_pt_apo.pt_taxo_195_m","False","","Seguros - Mercado Extracomunitário - Autómovel - VLPM - Sujeito a TA (25%)"
"chart_62633113","62633113","Seguros - Mercado Extracomunitário - Autómovel - VLPM - Sujeito a TA (32%)","expense","l10n_pt_apo.pt_taxo_379_s,l10n_pt_apo.pt_taxo_195_m","False","","Seguros - Mercado Extracomunitário - Autómovel - VLPM - Sujeito a TA (32%)"
"chart_62633114","62633114","Seguros - Mercado Extracomunitário - Autómovel - VLPM - Sujeito a TA (0%)","expense","l10n_pt_apo.pt_taxo_379_s,l10n_pt_apo.pt_taxo_195_m","False","","Seguros - Mercado Extracomunitário - Autómovel - VLPM - Sujeito a TA (0%)"
"chart_62633121","62633121","Seguros - Mercado Extracomunitário - Autómovel - VLPHP - Sujeito a TA (2,5%)","expense","l10n_pt_apo.pt_taxo_379_s,l10n_pt_apo.pt_taxo_195_m","False","","Seguros - Mercado Extracomunitário - Autómovel - VLPHP - Sujeito a TA (2,5%)"
"chart_62633122","62633122","Seguros - Mercado Extracomunitário - Autómovel - VLPHP - Sujeito a TA (7,5%)","expense","l10n_pt_apo.pt_taxo_379_s,l10n_pt_apo.pt_taxo_195_m","False","","Seguros - Mercado Extracomunitário - Autómovel - VLPHP - Sujeito a TA (7,5%)"
"chart_62633123","62633123","Seguros - Mercado Extracomunitário - Autómovel - VLPHP - Sujeito a TA (15%)","expense","l10n_pt_apo.pt_taxo_379_s,l10n_pt_apo.pt_taxo_195_m","False","","Seguros - Mercado Extracomunitário - Autómovel - VLPHP - Sujeito a TA (15%)"
"chart_62633124","62633124","Seguros - Mercado Extracomunitário - Autómovel - VLPHP - Sujeito a TA (0%)","expense","l10n_pt_apo.pt_taxo_379_s,l10n_pt_apo.pt_taxo_195_m","False","","Seguros - Mercado Extracomunitário - Autómovel - VLPHP - Sujeito a TA (0%)"
"chart_62633131","62633131","Seguros - Mercado Extracomunitário - Autómovel - GPL ou GNV - Sujeito a TA (2,5%)","expense","l10n_pt_apo.pt_taxo_379_s,l10n_pt_apo.pt_taxo_195_m","False","","Seguros - Mercado Extracomunitário - Autómovel - GPL ou GNV - Sujeito a TA (2,5%)"
"chart_62633132","62633132","Seguros - Mercado Extracomunitário - Autómovel - GPL ou GNV - Sujeito a TA (7,5%)","expense","l10n_pt_apo.pt_taxo_379_s,l10n_pt_apo.pt_taxo_195_m","False","","Seguros - Mercado Extracomunitário - Autómovel - GPL ou GNV - Sujeito a TA (7,5%)"
"chart_62633133","62633133","Seguros - Mercado Extracomunitário - Autómovel - GPL ou GNV - Sujeito a TA (15%)","expense","l10n_pt_apo.pt_taxo_379_s,l10n_pt_apo.pt_taxo_195_m","False","","Seguros - Mercado Extracomunitário - Autómovel - GPL ou GNV - Sujeito a TA (15%)"
"chart_62633134","62633134","Seguros - Mercado Extracomunitário - Autómovel - GPL ou GNV - Sujeito a TA (0%)","expense","l10n_pt_apo.pt_taxo_379_s,l10n_pt_apo.pt_taxo_195_m","False","","Seguros - Mercado Extracomunitário - Autómovel - GPL ou GNV - Sujeito a TA (0%)"
"chart_62633141","62633141","Seguros - Mercado Extracomunitário - Autómovel - Energia Elétrica - Sujeito a TA (10%)","expense","l10n_pt_apo.pt_taxo_379_s,l10n_pt_apo.pt_taxo_195_m","False","","Seguros - Mercado Extracomunitário - Autómovel - Energia Elétrica - Sujeito a TA (10%)"
"chart_62633142","62633142","Seguros - Mercado Extracomunitário - Autómovel - Energia Elétrica - Sujeito a TA (0%)","expense","l10n_pt_apo.pt_taxo_379_s,l10n_pt_apo.pt_taxo_195_m","False","","Seguros - Mercado Extracomunitário - Autómovel - Energia Elétrica - Sujeito a TA (0%)"
"chart_6264","6264","Royalties","expense",,"False","","Royalties","True"
"chart_62641","62641","Royalties - Mercado Nacional","expense","l10n_pt_apo.pt_taxo_380_s,l10n_pt_apo.pt_taxo_195_m","False","","Royalties - Mercado Nacional"
"chart_62642","62642","Royalties - Mercado Intracomunitário","expense","l10n_pt_apo.pt_taxo_380_s,l10n_pt_apo.pt_taxo_195_m","False","","Royalties - Mercado Intracomunitário"
"chart_62643","62643","Royalties - Mercado Extracomunitário","expense","l10n_pt_apo.pt_taxo_380_s,l10n_pt_apo.pt_taxo_195_m","False","","Royalties - Mercado Extracomunitário"
"chart_6265","6265","Litigation and notary","expense",,"False","","Contencioso e notariado","True"
"chart_62651","62651","Cotencioso e Notariado - Mercado Nacional","expense","l10n_pt_apo.pt_taxo_381_s,l10n_pt_apo.pt_taxo_195_m","False","","Cotencioso e Notariado - Mercado Nacional"
"chart_62652","62652","Cotencioso e Notariado - Mercado Intracomunitário","expense","l10n_pt_apo.pt_taxo_381_s,l10n_pt_apo.pt_taxo_195_m","False","","Cotencioso e Notariado - Mercado Intracomunitário"
"chart_62653","62653","Cotencioso e Notariado - Mercado Extracomunitário","expense","l10n_pt_apo.pt_taxo_381_s,l10n_pt_apo.pt_taxo_195_m","False","","Cotencioso e Notariado - Mercado Extracomunitário"
"chart_6266","6266","Representation expenses","expense",,"False","","Despesas de representação","True"
"chart_6266111","6266111","Despesas de Representação - Mercado Nacional - Sujeito a TA (10%) - Base Tributável","expense","l10n_pt_apo.pt_taxo_382_s,l10n_pt_apo.pt_taxo_195_m","False","","Despesas de Representação - Mercado Nacional - Sujeito a TA (10%) - Base Tributável"
"chart_6266112","6266112","Despesas de Representação - Mercado Nacional - Sujeito a TA (10%) - IVA não dedutível","expense","l10n_pt_apo.pt_taxo_382_s,l10n_pt_apo.pt_taxo_195_m","False","","Despesas de Representação - Mercado Nacional - Sujeito a TA (10%) - IVA não dedutível"
"chart_6266211","6266211","Despesas de Representação - Mercado Intracomunitário - Sujeito a TA (10%) - Base Tributável","expense","l10n_pt_apo.pt_taxo_382_s,l10n_pt_apo.pt_taxo_195_m","False","","Despesas de Representação - Mercado Intracomunitário - Sujeito a TA (10%) - Base Tributável"
"chart_6266212","6266212","Despesas de Representação - Mercado Intracomunitário - Sujeito a TA (10%) - IVA não dedutível","expense","l10n_pt_apo.pt_taxo_382_s,l10n_pt_apo.pt_taxo_195_m","False","","Despesas de Representação - Mercado Intracomunitário - Sujeito a TA (10%) - IVA não dedutível"
"chart_6266311","6266311","Despesas de Representação - Mercado Extracomunitário - Sujeito a TA (10%) - Base Tributávelo","expense","l10n_pt_apo.pt_taxo_382_s,l10n_pt_apo.pt_taxo_195_m","False","","Despesas de Representação - Mercado Extracomunitário - Sujeito a TA (10%) - Base Tributávelo"
"chart_6266312","6266312","Despesas de Representação - Mercado Extracomunitário - Sujeito a TA (10%) - IVA não dedutível","expense","l10n_pt_apo.pt_taxo_382_s,l10n_pt_apo.pt_taxo_195_m","False","","Despesas de Representação - Mercado Extracomunitário - Sujeito a TA (10%) - IVA não dedutível"
"chart_6267","6267","Cleaning, hygiene and confort","expense",,"False","","Limpeza, higiene e conforto","True"
"chart_62671","62671","Limpeza, Higiene e Conforto - Mercado Nacional","expense","l10n_pt_apo.pt_taxo_383_s,l10n_pt_apo.pt_taxo_195_m","False","","Limpeza, Higiene e Conforto - Mercado Nacional"
"chart_62672","62672","Limpeza, Higiene e Conforto - Mercado Intracomunitário","expense","l10n_pt_apo.pt_taxo_383_s,l10n_pt_apo.pt_taxo_195_m","False","","Limpeza, Higiene e Conforto - Mercado Intracomunitário"
"chart_62673","62673","Limpeza, Higiene e Conforto - Mercado Extracomunitário","expense","l10n_pt_apo.pt_taxo_383_s,l10n_pt_apo.pt_taxo_195_m","False","","Limpeza, Higiene e Conforto - Mercado Extracomunitário"
"chart_6268","6268","Other services","expense",,"False","","Outros serviços","True"
"chart_62681","62681","Outros Serviços - Mercado Nacional","expense","l10n_pt_apo.pt_taxo_384_s,l10n_pt_apo.pt_taxo_195_m","False","","Outros Serviços - Mercado Nacional"
"chart_62682","62682","Outros Serviços - Mercado Intracomunitário","expense","l10n_pt_apo.pt_taxo_384_s,l10n_pt_apo.pt_taxo_195_m","False","","Outros Serviços - Mercado Intracomunitário"
"chart_62683","62683","Outros Serviços - Mercado Extracomunitário","expense","l10n_pt_apo.pt_taxo_384_s,l10n_pt_apo.pt_taxo_195_m","False","","Outros Serviços - Mercado Extracomunitário"
"chart_631","631","Corporate bodies remuneration","expense",,"False","","Remunerações dos órgãos sociais","True"
"chart_6311","6311","Remunerações dos Órgãos Sociais - Vencimento","expense","l10n_pt_apo.pt_taxo_385_s,l10n_pt_apo.pt_taxo_196_m","False","","Remunerações dos Órgãos Sociais - Vencimento"
"chart_6312","6312","Remunerações dos Órgãos Sociais - Subsídio de Férias","expense","l10n_pt_apo.pt_taxo_385_s,l10n_pt_apo.pt_taxo_196_m","False","","Remunerações dos Órgãos Sociais - Subsídio de Férias"
"chart_6313","6313","Remunerações dos Órgãos Sociais - Subsídio de Natal","expense","l10n_pt_apo.pt_taxo_385_s,l10n_pt_apo.pt_taxo_196_m","False","","Remunerações dos Órgãos Sociais - Subsídio de Natal"
"chart_6314","6314","Remunerações dos Órgãos Sociais - Subsídio de Alimentação","expense","l10n_pt_apo.pt_taxo_385_s,l10n_pt_apo.pt_taxo_196_m","False","","Remunerações dos Órgãos Sociais - Subsídio de Alimentação"
"chart_631821","631821","Ajudas de Custo - Gerência - Não Faturadas a Clientes - Com mapa próprio","expense","l10n_pt_apo.pt_taxo_385_s,l10n_pt_apo.pt_taxo_196_m","False","","Ajudas de Custo - Gerência - Não Faturadas a Clientes - Com mapa próprio"
"chart_631822","631822","Ajudas de Custo - Gerência - Não Faturadas a Clientes - Sem mapa próprio","expense","l10n_pt_apo.pt_taxo_385_s,l10n_pt_apo.pt_taxo_196_m","False","","Ajudas de Custo - Gerência - Não Faturadas a Clientes - Sem mapa próprio"
"chart_632","632","Staff remuneration","expense",,"False","","Remunerações do pessoal","True"
"chart_6321","6321","Remunerações do Pessoal - Vencimento","expense","l10n_pt_apo.pt_taxo_386_s,l10n_pt_apo.pt_taxo_197_m","False","","Remunerações do Pessoal - Vencimento"
"chart_6322","6322","Remunerações do Pessoal - Subsídio de Férias","expense","l10n_pt_apo.pt_taxo_386_s,l10n_pt_apo.pt_taxo_197_m","False","","Remunerações do Pessoal - Subsídio de Férias"
"chart_6323","6323","Remunerações do Pessoal - Subsídio de Natal","expense","l10n_pt_apo.pt_taxo_386_s,l10n_pt_apo.pt_taxo_197_m","False","","Remunerações do Pessoal - Subsídio de Natal"
"chart_6324","6324","Remunerações do Pessoal - Subsídio de Alimentação","expense","l10n_pt_apo.pt_taxo_386_s,l10n_pt_apo.pt_taxo_197_m","False","","Remunerações do Pessoal - Subsídio de Alimentação"
"chart_632821","632821","Ajudas de Custo - Pessoal - Não Faturadas a Clientes - Com mapa próprio","expense","l10n_pt_apo.pt_taxo_386_s,l10n_pt_apo.pt_taxo_197_m","False","","Ajudas de Custo - Pessoal - Não Faturadas a Clientes - Com mapa próprio"
"chart_632822","632822","Ajudas de Custo - Pessoal - Não Faturadas a Clientes - Sem mapa próprio","expense","l10n_pt_apo.pt_taxo_386_s,l10n_pt_apo.pt_taxo_197_m","False","","Ajudas de Custo - Pessoal - Não Faturadas a Clientes - Sem mapa próprio"
"chart_6331","6331","Pension allowances","expense","l10n_pt_apo.pt_taxo_387_s,l10n_pt_apo.pt_taxo_197_m","False","","Prémios para pensões"
"chart_6332","6332","Other benefits","expense","l10n_pt_apo.pt_taxo_388_s,l10n_pt_apo.pt_taxo_197_m","False","","Outros benefícios"
"chart_634","634","Compensation","expense","l10n_pt_apo.pt_taxo_389_s,l10n_pt_apo.pt_taxo_198_m","False","","Indemnizações"
"chart_635","635","Remuneration charges","expense","l10n_pt_apo.pt_taxo_390_s,l10n_pt_apo.pt_taxo_199_m","False","","Encargos sobre remunerações"
"chart_636","636","Accidents insurance at work and professional illnesses","expense","l10n_pt_apo.pt_taxo_391_s,l10n_pt_apo.pt_taxo_200_m","False","","Seguros de acidentes no trabalho e doenças profissionais"
"chart_637","637","Social action expenses","expense","l10n_pt_apo.pt_taxo_392_s,l10n_pt_apo.pt_taxo_201_m","False","","Gastos de ação social"
"chart_638","638","Other spending on staff","expense","l10n_pt_apo.pt_taxo_393_s,l10n_pt_apo.pt_taxo_202_m","False","","Outros gastos com o pessoal"
"chart_6411","6411","Land and natural resources","expense_depreciation","l10n_pt_apo.pt_taxo_394_s,l10n_pt_apo.pt_taxo_203_m","False","","Terrenos e recursos naturais"
"chart_6412","6412","Buildings and other constructions","expense_depreciation","l10n_pt_apo.pt_taxo_395_s,l10n_pt_apo.pt_taxo_203_m","False","","Edifícios e outras construções"
"chart_6414","6414","Goodwill","expense_depreciation","l10n_pt_apo.pt_taxo_396_s,l10n_pt_apo.pt_taxo_203_m","False","","Goodwill"
"chart_6416","6416","Gastos de Depreciação e de Amortização - Propriedades de Investimento - Outras propriedades de investimento","expense_depreciation","l10n_pt_apo.pt_taxo_396_s,l10n_pt_apo.pt_taxo_203_m","False","","Gastos de Depreciação e de Amortização - Propriedades de Investimento - Outras propriedades de investimento"
"chart_6421","6421","Land and natural resources","expense_depreciation","l10n_pt_apo.pt_taxo_397_s,l10n_pt_apo.pt_taxo_203_m","False","","Terrenos e recursos naturais"
"chart_6422","6422","Buildings and other constructions","expense_depreciation","l10n_pt_apo.pt_taxo_398_s,l10n_pt_apo.pt_taxo_204_m","False","","Edifícios e outras construções"
"chart_6423","6423","Basic equipment","expense_depreciation","l10n_pt_apo.pt_taxo_399_s,l10n_pt_apo.pt_taxo_205_m","False","","Equipamento básico"
"chart_6424","6424","Transport equipment","expense_depreciation",,"False","","Equipamento de transporte","True"
"chart_642411","642411","Gastos de Depreciação e de Amortização - Ativos Fixos Tangíveis - Equipamento de Transporte - VLPM - Sujeito a TA (8%)","expense_depreciation","l10n_pt_apo.pt_taxo_400_s,l10n_pt_apo.pt_taxo_206_m","False","","Gastos de Depreciação e de Amortização - Ativos Fixos Tangíveis - Equipamento de Transporte - VLPM - Sujeito a TA (8%)"
"chart_642412","642412","Gastos de Depreciação e de Amortização - Ativos Fixos Tangíveis - Equipamento de Transporte - VLPM - Sujeito a TA (25%)","expense_depreciation","l10n_pt_apo.pt_taxo_400_s,l10n_pt_apo.pt_taxo_206_m","False","","Gastos de Depreciação e de Amortização - Ativos Fixos Tangíveis - Equipamento de Transporte - VLPM - Sujeito a TA (25%)"
"chart_642413","642413","Gastos de Depreciação e de Amortização - Ativos Fixos Tangíveis - Equipamento de Transporte - VLPM - Sujeito a TA (32%)","expense_depreciation","l10n_pt_apo.pt_taxo_400_s,l10n_pt_apo.pt_taxo_206_m","False","","Gastos de Depreciação e de Amortização - Ativos Fixos Tangíveis - Equipamento de Transporte - VLPM - Sujeito a TA (32%)"
"chart_642414","642414","Gastos de Depreciação e de Amortização - Ativos Fixos Tangíveis - Equipamento de Transporte - VLPM - Sujeito a TA (0%)","expense_depreciation","l10n_pt_apo.pt_taxo_400_s,l10n_pt_apo.pt_taxo_206_m","False","","Gastos de Depreciação e de Amortização - Ativos Fixos Tangíveis - Equipamento de Transporte - VLPM - Sujeito a TA (0%)"
"chart_642421","642421","Gastos de Depreciação e de Amortização - Ativos Fixos Tangíveis - Equipamento de Transporte - VLPHP - Sujeito a TA (2,5%)","expense_depreciation","l10n_pt_apo.pt_taxo_400_s,l10n_pt_apo.pt_taxo_206_m","False","","Gastos de Depreciação e de Amortização - Ativos Fixos Tangíveis - Equipamento de Transporte - VLPHP - Sujeito a TA (2,5%)"
"chart_642422","642422","Gastos de Depreciação e de Amortização - Ativos Fixos Tangíveis - Equipamento de Transporte - VLPHP - Sujeito a TA (7,5%)","expense_depreciation","l10n_pt_apo.pt_taxo_400_s,l10n_pt_apo.pt_taxo_206_m","False","","Gastos de Depreciação e de Amortização - Ativos Fixos Tangíveis - Equipamento de Transporte - VLPHP - Sujeito a TA (7,5%)"
"chart_642423","642423","Gastos de Depreciação e de Amortização - Ativos Fixos Tangíveis - Equipamento de Transporte - VLPHP - Sujeito a TA (15%)","expense_depreciation","l10n_pt_apo.pt_taxo_400_s,l10n_pt_apo.pt_taxo_206_m","False","","Gastos de Depreciação e de Amortização - Ativos Fixos Tangíveis - Equipamento de Transporte - VLPHP - Sujeito a TA (15%)"
"chart_642424","642424","Gastos de Depreciação e de Amortização - Ativos Fixos Tangíveis - Equipamento de Transporte - VLPHP - Sujeito a TA (0%)","expense_depreciation","l10n_pt_apo.pt_taxo_400_s,l10n_pt_apo.pt_taxo_206_m","False","","Gastos de Depreciação e de Amortização - Ativos Fixos Tangíveis - Equipamento de Transporte - VLPHP - Sujeito a TA (0%)"
"chart_642431","642431","Gastos de Depreciação e de Amortização - Ativos Fixos Tangíveis - Equipamento de Transporte - GPL ou GNV - Sujeito a TA (2,5%)","expense_depreciation","l10n_pt_apo.pt_taxo_400_s,l10n_pt_apo.pt_taxo_206_m","False","","Gastos de Depreciação e de Amortização - Ativos Fixos Tangíveis - Equipamento de Transporte - GPL ou GNV - Sujeito a TA (2,5%)"
"chart_642432","642432","Gastos de Depreciação e de Amortização - Ativos Fixos Tangíveis - Equipamento de Transporte - GPL ou GNV - Sujeito a TA (7,5%)","expense_depreciation","l10n_pt_apo.pt_taxo_400_s,l10n_pt_apo.pt_taxo_206_m","False","","Gastos de Depreciação e de Amortização - Ativos Fixos Tangíveis - Equipamento de Transporte - GPL ou GNV - Sujeito a TA (7,5%)"
"chart_642433","642433","Gastos de Depreciação e de Amortização - Ativos Fixos Tangíveis - Equipamento de Transporte - GPL ou GNV - Sujeito a TA (15%)","expense_depreciation","l10n_pt_apo.pt_taxo_400_s,l10n_pt_apo.pt_taxo_206_m","False","","Gastos de Depreciação e de Amortização - Ativos Fixos Tangíveis - Equipamento de Transporte - GPL ou GNV - Sujeito a TA (15%)"
"chart_642434","642434","Gastos de Depreciação e de Amortização - Ativos Fixos Tangíveis - Equipamento de Transporte - GPL ou GNV - Sujeito a TA (0%)","expense_depreciation","l10n_pt_apo.pt_taxo_400_s,l10n_pt_apo.pt_taxo_206_m","False","","Gastos de Depreciação e de Amortização - Ativos Fixos Tangíveis - Equipamento de Transporte - GPL ou GNV - Sujeito a TA (0%)"
"chart_642441","642441","Gastos de Depreciação e de Amortização - Ativos Fixos Tangíveis - Equipamento de Transporte - Energia Elétrica - Sujeito a TA (10%)","expense_depreciation","l10n_pt_apo.pt_taxo_400_s,l10n_pt_apo.pt_taxo_206_m","False","","Gastos de Depreciação e de Amortização - Ativos Fixos Tangíveis - Equipamento de Transporte - Energia Elétrica - Sujeito a TA (10%)"
"chart_642442","642442","Gastos de Depreciação e de Amortização - Ativos Fixos Tangíveis - Equipamento de Transporte - Energia Elétrica - Sujeito a TA (0%)","expense_depreciation","l10n_pt_apo.pt_taxo_400_s,l10n_pt_apo.pt_taxo_206_m","False","","Gastos de Depreciação e de Amortização - Ativos Fixos Tangíveis - Equipamento de Transporte - Energia Elétrica - Sujeito a TA (0%)"
"chart_6425","6425","Office equipment","expense_depreciation","l10n_pt_apo.pt_taxo_401_s,l10n_pt_apo.pt_taxo_207_m","False","","Equipamento administrativo"
"chart_6426","6426","Biological equipment","expense_depreciation","l10n_pt_apo.pt_taxo_402_s,l10n_pt_apo.pt_taxo_208_m","False","","Equipamentos biológicos"
"chart_6427","6427","Other tangible fixed assets","expense_depreciation","l10n_pt_apo.pt_taxo_403_s,l10n_pt_apo.pt_taxo_209_m","False","","Outros ativos fixos tangíveis"
"chart_6431","6431","Goodwill","expense_depreciation","l10n_pt_apo.pt_taxo_404_s,l10n_pt_apo.pt_taxo_210_m","False","","Goodwill"
"chart_6432","6432","Development projects","expense_depreciation","l10n_pt_apo.pt_taxo_405_s,l10n_pt_apo.pt_taxo_211_m","False","","Projetos de desenvolvimento"
"chart_6433","6433","Computer programs","expense_depreciation","l10n_pt_apo.pt_taxo_406_s,l10n_pt_apo.pt_taxo_212_m","False","","Programas de computador"
"chart_6434","6434","Industrial property","expense_depreciation","l10n_pt_apo.pt_taxo_407_s,l10n_pt_apo.pt_taxo_213_m","False","","Propriedade industrial"
"chart_6436","6436","Gastos de Depreciação e de Amortização - Ativos Intangíveis - Outros","expense_depreciation","l10n_pt_apo.pt_taxo_408_s,l10n_pt_apo.pt_taxo_214_m","False","","Gastos de Depreciação e de Amortização - Ativos Intangíveis - Outros"
"chart_6511","6511","Customers","expense","l10n_pt_apo.pt_taxo_413_s,l10n_pt_apo.pt_taxo_216_m","False","","Clientes"
"chart_6512","6512","Other debtors","expense","l10n_pt_apo.pt_taxo_414_s,l10n_pt_apo.pt_taxo_217_m","False","","Outros devedores"
"chart_6521","6521","Goods","expense","l10n_pt_apo.pt_taxo_415_s,l10n_pt_apo.pt_taxo_218_m","False","","Mercadorias"
"chart_6522","6522","Raw materials, subsidiaries and consumption","expense","l10n_pt_apo.pt_taxo_416_s,l10n_pt_apo.pt_taxo_219_m","False","","Matérias-primas, subsidiárias e de consumo"
"chart_6523","6523","Finished and intermediate products","expense","l10n_pt_apo.pt_taxo_417_s,l10n_pt_apo.pt_taxo_220_m","False","","Produtos acabados e intermédios"
"chart_6524","6524","Byproducts, waste, residues and refuses","expense","l10n_pt_apo.pt_taxo_418_s,l10n_pt_apo.pt_taxo_221_m","False","","Subprodutos, desperdícios, resíduos e refugos"
"chart_6525","6525","Products and work in progress","expense","l10n_pt_apo.pt_taxo_419_s,l10n_pt_apo.pt_taxo_222_m","False","","Produtos e trabalhos em curso"
"chart_6526","6526","Consumable biological assets","expense",,"False","","Ativos biológicos consumíveis","True"
"chart_65261","65261","Perdas por Imparidade - Ativos Biológicos Consumíveis","expense","l10n_pt_apo.pt_taxo_420_s,l10n_pt_apo.pt_taxo_222_m","False","","Perdas por Imparidade - Ativos Biológicos Consumíveis"
"chart_65262","65262","Perdas por Imparidade - Ativos Biológicos de produção","expense","l10n_pt_apo.pt_taxo_420_s,l10n_pt_apo.pt_taxo_222_m","False","","Perdas por Imparidade - Ativos Biológicos de produção"
"chart_6531","6531","Capital Participations","expense","l10n_pt_apo.pt_taxo_422_s,l10n_pt_apo.pt_taxo_223_m","False","","Participações de capital"
"chart_6532","6532","Loans granted","expense","l10n_pt_apo.pt_taxo_423_s,l10n_pt_apo.pt_taxo_224_m","False","","Empréstimos concedidos"
"chart_6533","6533","Other financial investments","expense","l10n_pt_apo.pt_taxo_424_s,l10n_pt_apo.pt_taxo_225_m","False","","Outros investimentos financeiros"
"chart_6541","6541","Land and natural resources","expense","l10n_pt_apo.pt_taxo_426_s,l10n_pt_apo.pt_taxo_226_m","False","","Terrenos e recursos naturais"
"chart_6542","6542","Buildings and other constructions","expense","l10n_pt_apo.pt_taxo_427_s,l10n_pt_apo.pt_taxo_226_m","False","","Edifícios e outras construções"
"chart_6543","6543","Other investment properties","expense","l10n_pt_apo.pt_taxo_428_s,l10n_pt_apo.pt_taxo_226_m","False","","Outras propriedades de investimento"
"chart_6551","6551","Land and natural resources","expense","l10n_pt_apo.pt_taxo_429_s,l10n_pt_apo.pt_taxo_226_m","False","","Terrenos e recursos naturais"
"chart_6552","6552","Buildings and other constructions","expense","l10n_pt_apo.pt_taxo_430_s,l10n_pt_apo.pt_taxo_226_m","False","","Edifícios e outras construções"
"chart_6553","6553","Basic equipment","expense","l10n_pt_apo.pt_taxo_431_s,l10n_pt_apo.pt_taxo_226_m","False","","Equipamento básico"
"chart_6554","6554","Transport equipment","expense","l10n_pt_apo.pt_taxo_432_s,l10n_pt_apo.pt_taxo_226_m","False","","Equipamento de transporte"
"chart_6555","6555","Office equipment","expense","l10n_pt_apo.pt_taxo_433_s,l10n_pt_apo.pt_taxo_226_m","False","","Equipamento administrativo"
"chart_6556","6556","Biological equipment","expense","l10n_pt_apo.pt_taxo_434_s,l10n_pt_apo.pt_taxo_226_m","False","","Equipamentos biológicos"
"chart_6557","6557","Other tangible fixed assets","expense","l10n_pt_apo.pt_taxo_435_s,l10n_pt_apo.pt_taxo_226_m","False","","Outros ativos fixos tangíveis"
"chart_6561","6561","Goodwill","expense","l10n_pt_apo.pt_taxo_436_s,l10n_pt_apo.pt_taxo_226_m","False","","Goodwill"
"chart_6562","6562","Development projects","expense","l10n_pt_apo.pt_taxo_437_s,l10n_pt_apo.pt_taxo_226_m","False","","Projetos de desenvolvimento"
"chart_6563","6563","Computer programs","expense","l10n_pt_apo.pt_taxo_438_s,l10n_pt_apo.pt_taxo_226_m","False","","Programas de computador"
"chart_6564","6564","Industrial property","expense","l10n_pt_apo.pt_taxo_439_s,l10n_pt_apo.pt_taxo_226_m","False","","Propriedade industrial"
"chart_6565","6565","Other intangible assets","expense","l10n_pt_apo.pt_taxo_440_s,l10n_pt_apo.pt_taxo_226_m","False","","Outros ativos intangíveis"
"chart_6571","6571","Financial investments ongoing","expense","l10n_pt_apo.pt_taxo_441_s,l10n_pt_apo.pt_taxo_226_m","False","","Investimentos financeiros em curso"
"chart_6572","6572","Investment properties in progress","expense","l10n_pt_apo.pt_taxo_442_s,l10n_pt_apo.pt_taxo_226_m","False","","Propriedades de investimento em curso"
"chart_6573","6573","Tangible fixed assets ongoing","expense","l10n_pt_apo.pt_taxo_443_s,l10n_pt_apo.pt_taxo_226_m","False","","Ativos fixos tangíveis em curso"
"chart_6574","6574","Intangible assets ongoing","expense","l10n_pt_apo.pt_taxo_444_s,l10n_pt_apo.pt_taxo_226_m","False","","Ativos intangíveis em curso"
"chart_65751","65751","Financial investments ongoing","expense","l10n_pt_apo.pt_taxo_445_s,l10n_pt_apo.pt_taxo_226_m","False","","Investimentos financeiros em curso"
"chart_65752","65752","Investment properties in progress","expense","l10n_pt_apo.pt_taxo_445_s,l10n_pt_apo.pt_taxo_226_m","False","","Propriedades de investimento em curso"
"chart_65753","65753","Tangible fixed assets ongoing","expense","l10n_pt_apo.pt_taxo_445_s,l10n_pt_apo.pt_taxo_226_m","False","","Ativos fixos tangíveis em curso"
"chart_65754","65754","Intangible assets ongoing","expense","l10n_pt_apo.pt_taxo_445_s,l10n_pt_apo.pt_taxo_226_m","False","","Ativos intangíveis em curso"
"chart_6581","6581","Financial investments","expense","l10n_pt_apo.pt_taxo_449_s,l10n_pt_apo.pt_taxo_226_m","False","","Investimentos Financeiros"
"chart_6582","6582","Investment properties","expense","l10n_pt_apo.pt_taxo_450_s,l10n_pt_apo.pt_taxo_226_m","False","","Propriedades de investimento"
"chart_6583","6583","Tangible fixed assets","expense","l10n_pt_apo.pt_taxo_451_s,l10n_pt_apo.pt_taxo_226_m","False","","Ativos fixos tangíveis"
"chart_6584","6584","Intangible assets","expense","l10n_pt_apo.pt_taxo_452_s,l10n_pt_apo.pt_taxo_226_m","False","","Ativos intangíveis"
"chart_6585","6585","Others","expense","l10n_pt_apo.pt_taxo_453_s,l10n_pt_apo.pt_taxo_226_m","False","","Outros"
"chart_661","661","In financial instruments","expense","l10n_pt_apo.pt_taxo_454_s,l10n_pt_apo.pt_taxo_226_m","False","","Em instrumentos financeiros"
"chart_6621","6621","Capital Participations","expense","l10n_pt_apo.pt_taxo_455_s,l10n_pt_apo.pt_taxo_226_m","False","","Participações de capital"
"chart_6622","6622","Other financial investments","expense","l10n_pt_apo.pt_taxo_456_s,l10n_pt_apo.pt_taxo_226_m","False","","Outros investimentos financeiros"
"chart_6631","6631","Land and natural resources","expense","l10n_pt_apo.pt_taxo_457_s,l10n_pt_apo.pt_taxo_226_m","False","","Terrenos e recursos naturais"
"chart_6632","6632","Buildings and other constructions","expense","l10n_pt_apo.pt_taxo_458_s,l10n_pt_apo.pt_taxo_226_m","False","","Edifícios e outras construções"
"chart_6633","6633","Other investment properties","expense","l10n_pt_apo.pt_taxo_459_s,l10n_pt_apo.pt_taxo_226_m","False","","Outras propriedades de investimento"
"chart_6634","6634","Investment properties in progress","expense","l10n_pt_apo.pt_taxo_460_s,l10n_pt_apo.pt_taxo_226_m","False","","Propriedades de investimento em curso"
"chart_6641","6641","Consumables","expense","l10n_pt_apo.pt_taxo_461_s,l10n_pt_apo.pt_taxo_226_m","False","","Consumíveis"
"chart_6642","6642","Of production","expense","l10n_pt_apo.pt_taxo_462_s,l10n_pt_apo.pt_taxo_226_m","False","","De produção"
"chart_671","671","Taxes","expense","l10n_pt_apo.pt_taxo_463_s,l10n_pt_apo.pt_taxo_227_m","False","","Impostos"
"chart_672","672","Guarantees to customers","expense","l10n_pt_apo.pt_taxo_464_s,l10n_pt_apo.pt_taxo_228_m","False","","Garantias a clientes"
"chart_673","673","Ongoing judicial proceedings","expense","l10n_pt_apo.pt_taxo_465_s,l10n_pt_apo.pt_taxo_229_m","False","","Processos judiciais em curso"
"chart_674","674","Accidents at work and professional diseases","expense","l10n_pt_apo.pt_taxo_466_s,l10n_pt_apo.pt_taxo_230_m","False","","Acidentes no trabalho e doenças profissionais"
"chart_675","675","Environmental materials","expense","l10n_pt_apo.pt_taxo_467_s,l10n_pt_apo.pt_taxo_230_m","False","","Matérias ambientais"
"chart_676","676","Costly","expense","l10n_pt_apo.pt_taxo_468_s,l10n_pt_apo.pt_taxo_230_m","False","","Contratos onerosos"
"chart_677","677","Restructuring","expense","l10n_pt_apo.pt_taxo_469_s,l10n_pt_apo.pt_taxo_230_m","False","","Reestruturação"
"chart_678","678","Other provisions","expense","l10n_pt_apo.pt_taxo_470_s,l10n_pt_apo.pt_taxo_231_m","False","","Outras provisões"
"chart_6811","6811","Direct taxes","expense","l10n_pt_apo.pt_taxo_471_s,l10n_pt_apo.pt_taxo_232_m","False","","Impostos diretos"
"chart_6812","6812","Indirect taxes","expense",,"False","","Impostos indiretos","True"
"chart_6812411","6812411","Outros Gastos - Impostos Indiretos - IUC - VLPM - Sujeito a TA (8%)","expense","l10n_pt_apo.pt_taxo_472_s,l10n_pt_apo.pt_taxo_233_m","False","","Outros Gastos - Impostos Indiretos - IUC - VLPM - Sujeito a TA (8%)"
"chart_6812412","6812412","Outros Gastos - Impostos Indiretos - IUC - VLPM - Sujeito a TA (25%)","expense","l10n_pt_apo.pt_taxo_472_s,l10n_pt_apo.pt_taxo_233_m","False","","Outros Gastos - Impostos Indiretos - IUC - VLPM - Sujeito a TA (25%)"
"chart_6812413","6812413","Outros Gastos - Impostos Indiretos - IUC - VLPM - Sujeito a TA (32%)","expense","l10n_pt_apo.pt_taxo_472_s,l10n_pt_apo.pt_taxo_233_m","False","","Outros Gastos - Impostos Indiretos - IUC - VLPM - Sujeito a TA (32%)"
"chart_6812414","6812414","Outros Gastos - Impostos Indiretos - IUC - VLPM - Sujeito a TA (0%)","expense","l10n_pt_apo.pt_taxo_472_s,l10n_pt_apo.pt_taxo_233_m","False","","Outros Gastos - Impostos Indiretos - IUC - VLPM - Sujeito a TA (0%)"
"chart_6812421","6812421","Outros Gastos - Impostos Indiretos - IUC - VLPHP - Sujeito a TA (2,5%)","expense","l10n_pt_apo.pt_taxo_472_s,l10n_pt_apo.pt_taxo_233_m","False","","Outros Gastos - Impostos Indiretos - IUC - VLPHP - Sujeito a TA (2,5%)"
"chart_6812422","6812422","Outros Gastos - Impostos Indiretos - IUC - VLPHP - Sujeito a TA (7,5%)","expense","l10n_pt_apo.pt_taxo_472_s,l10n_pt_apo.pt_taxo_233_m","False","","Outros Gastos - Impostos Indiretos - IUC - VLPHP - Sujeito a TA (7,5%)"
"chart_6812423","6812423","Outros Gastos - Impostos Indiretos - IUC - VLPHP - Sujeito a TA (15%)","expense","l10n_pt_apo.pt_taxo_472_s,l10n_pt_apo.pt_taxo_233_m","False","","Outros Gastos - Impostos Indiretos - IUC - VLPHP - Sujeito a TA (15%)"
"chart_6812424","6812424","Outros Gastos - Impostos Indiretos - IUC - VLPHP - Sujeito a TA (0%)","expense","l10n_pt_apo.pt_taxo_472_s,l10n_pt_apo.pt_taxo_233_m","False","","Outros Gastos - Impostos Indiretos - IUC - VLPHP - Sujeito a TA (0%)"
"chart_6812431","6812431","Outros Gastos - Impostos Indiretos - IUC - GPL ou GNV - Sujeito a TA (2,5%)","expense","l10n_pt_apo.pt_taxo_472_s,l10n_pt_apo.pt_taxo_233_m","False","","Outros Gastos - Impostos Indiretos - IUC - GPL ou GNV - Sujeito a TA (2,5%)"
"chart_6812432","6812432","Outros Gastos - Impostos Indiretos - IUC - GPL ou GNV - Sujeito a TA (7,5%)","expense","l10n_pt_apo.pt_taxo_472_s,l10n_pt_apo.pt_taxo_233_m","False","","Outros Gastos - Impostos Indiretos - IUC - GPL ou GNV - Sujeito a TA (7,5%)"
"chart_6812433","6812433","Outros Gastos - Impostos Indiretos - IUC - GPL ou GNV - Sujeito a TA (15%)","expense","l10n_pt_apo.pt_taxo_472_s,l10n_pt_apo.pt_taxo_233_m","False","","Outros Gastos - Impostos Indiretos - IUC - GPL ou GNV - Sujeito a TA (15%)"
"chart_6812434","6812434","Outros Gastos - Impostos Indiretos - IUC - GPL ou GNV - Sujeito a TA (0%)","expense","l10n_pt_apo.pt_taxo_472_s,l10n_pt_apo.pt_taxo_233_m","False","","Outros Gastos - Impostos Indiretos - IUC - GPL ou GNV - Sujeito a TA (0%)"
"chart_6812441","6812441","Outros Gastos - Impostos Indiretos - IUC - Energia Elétrica - Sujeito a TA (10%)","expense","l10n_pt_apo.pt_taxo_472_s,l10n_pt_apo.pt_taxo_233_m","False","","Outros Gastos - Impostos Indiretos - IUC - Energia Elétrica - Sujeito a TA (10%)"
"chart_6812442","6812442","Outros Gastos - Impostos Indiretos - IUC - Energia Elétrica - Sujeito a TA (0%)","expense","l10n_pt_apo.pt_taxo_472_s,l10n_pt_apo.pt_taxo_233_m","False","","Outros Gastos - Impostos Indiretos - IUC - Energia Elétrica - Sujeito a TA (0%)"
"chart_6813","6813","Rates","expense","l10n_pt_apo.pt_taxo_473_s,l10n_pt_apo.pt_taxo_234_m","False","","Taxas"
"chart_682","682","Discounts granted","expense","l10n_pt_apo.pt_taxo_474_s,l10n_pt_apo.pt_taxo_235_m","False","","Descontos de pronto pagamento concedidos"
"chart_683","683","Irrecoverable debts","expense","l10n_pt_apo.pt_taxo_475_s,l10n_pt_apo.pt_taxo_236_m","False","","Dívidas incobráveis"
"chart_6841","6841","Sinister","expense","l10n_pt_apo.pt_taxo_476_s,l10n_pt_apo.pt_taxo_237_m","False","","Sinistros"
"chart_6842","6842","Breakdown","expense","l10n_pt_apo.pt_taxo_477_s,l10n_pt_apo.pt_taxo_238_m","False","","Quebras"
"chart_6848","6848","Other losses","expense","","False","","Outras perdas"
"chart_6851","6851","Damage","expense","l10n_pt_apo.pt_taxo_479_s","False","","Cobertura de prejuízos"
"chart_6852","6852","Application of the equity method","expense","l10n_pt_apo.pt_taxo_480_s","False","","Aplicação do método da equivalência patrimonial"
"chart_6853","6853","Alienations","expense","l10n_pt_apo.pt_taxo_481_s","False","","Alienações"
"chart_6858","6858","Other expenses","expense","","False","","Outros gastos"
"chart_6861","6861","Damage","expense","l10n_pt_apo.pt_taxo_483_s,l10n_pt_apo.pt_taxo_240_m","False","","Cobertura de prejuízos"
"chart_6862","6862","Alienations","expense","l10n_pt_apo.pt_taxo_484_s,l10n_pt_apo.pt_taxo_241_m","False","","Alienações"
"chart_6863","6863","Unfavorable exchange rate differences","expense","l10n_pt_apo.pt_taxo_485_s,l10n_pt_apo.pt_taxo_242_m","False","","Diferenças de câmbio desfavoráveis"
"chart_6868","6868","Other expenses","expense","","False","","Outros gastos"
"chart_6871","6871","Alienations","expense","l10n_pt_apo.pt_taxo_487_s,l10n_pt_apo.pt_taxo_244_m","False","","Alienações"
"chart_6872","6872","Sinister","expense","l10n_pt_apo.pt_taxo_488_s,l10n_pt_apo.pt_taxo_245_m","False","","Sinistros"
"chart_6873","6873","Slaughter","expense","l10n_pt_apo.pt_taxo_489_s,l10n_pt_apo.pt_taxo_246_m","False","","Abates"
"chart_6874","6874","Spending on investment properties","expense","l10n_pt_apo.pt_taxo_490_s,l10n_pt_apo.pt_taxo_246_m","False","","Gastos em propriedades de investimento"
"chart_6878","6878","Other expenses","expense","","False","","Outros gastos"
"chart_6881","6881","Corrections related to previous periods","expense","l10n_pt_apo.pt_taxo_492_s,l10n_pt_apo.pt_taxo_248_m","False","","Correções relativas a períodos anteriores"
"chart_6882","6882","Donations","expense",,"False","","Doações","True"
"chart_6882111","6882111","Donativos - Considerados como Custo Fiscal - Com Majoração - De 150%","expense","l10n_pt_apo.pt_taxo_493_s,l10n_pt_apo.pt_taxo_249_m","False","","Donativos - Considerados como Custo Fiscal - Com Majoração - De 150%"
"chart_6882112","6882112","Donativos - Considerados como Custo Fiscal - Com Majoração - De 140%","expense","l10n_pt_apo.pt_taxo_493_s,l10n_pt_apo.pt_taxo_249_m","False","","Donativos - Considerados como Custo Fiscal - Com Majoração - De 140%"
"chart_6882113","6882113","Donativos - Considerados como Custo Fiscal - Com Majoração - De 130%","expense","l10n_pt_apo.pt_taxo_493_s,l10n_pt_apo.pt_taxo_249_m","False","","Donativos - Considerados como Custo Fiscal - Com Majoração - De 130%"
"chart_6882114","6882114","Donativos - Considerados como Custo Fiscal - Com Majoração - De 120%","expense","l10n_pt_apo.pt_taxo_493_s,l10n_pt_apo.pt_taxo_249_m","False","","Donativos - Considerados como Custo Fiscal - Com Majoração - De 120%"
"chart_6883","6883","Quotanizations","expense","l10n_pt_apo.pt_taxo_494_s,l10n_pt_apo.pt_taxo_250_m","False","","Quotizações"
"chart_6884","6884","Inventory offers and samples","expense","l10n_pt_apo.pt_taxo_495_s,l10n_pt_apo.pt_taxo_251_m","False","","Ofertas e amostras de inventários"
"chart_6885","6885","Tax estimation insufficiency","expense","l10n_pt_apo.pt_taxo_496_s,l10n_pt_apo.pt_taxo_252_m","False","","Insuficiência da estimativa para impostos"
"chart_6886","6886","Losses in financial instruments","expense","l10n_pt_apo.pt_taxo_497_s,l10n_pt_apo.pt_taxo_252_m","False","","Perdas em instrumentos financeiros"
"chart_6887","6887","Unfavorable exchange rate differences","expense","l10n_pt_apo.pt_taxo_498_s,l10n_pt_apo.pt_taxo_253_m","False","","Diferenças de câmbio desfavoráveis"
"chart_6888","6888","Others not specified","expense",,"False","","Outros não especificados","True"
"chart_68881","68881","Diferenças de Arredondamento Desfavoráveis","expense","l10n_pt_apo.pt_taxo_499_s,l10n_pt_apo.pt_taxo_254_m","False","","Diferenças de Arredondamento Desfavoráveis"
"chart_68888","68888","Outros - Outros Não Especificados","expense","l10n_pt_apo.pt_taxo_499_s,l10n_pt_apo.pt_taxo_254_m","False","","Outros - Outros Não Especificados"
"chart_6888211","6888211","Gastos Não Consideradas Custos Fiscais - Despesas Não Documentadas - Sujeitos passivos - art.º 88.º, n.º 1","expense","l10n_pt_apo.pt_taxo_499_s,l10n_pt_apo.pt_taxo_254_m","False","","Gastos Não Consideradas Custos Fiscais - Despesas Não Documentadas - Sujeitos passivos - art.º 88.º, n.º 1"
"chart_6888212","6888212","Gastos Não Consideradas Custos Fiscais - Despesas Não Documentadas - Sujeitos passivos - art.º 88.º, n.º 2","expense","l10n_pt_apo.pt_taxo_499_s,l10n_pt_apo.pt_taxo_254_m","False","","Gastos Não Consideradas Custos Fiscais - Despesas Não Documentadas - Sujeitos passivos - art.º 88.º, n.º 2"
"chart_688822","688822","Despesas Não Devidamente Documentadas","expense","l10n_pt_apo.pt_taxo_499_s,l10n_pt_apo.pt_taxo_254_m","False","","Despesas Não Devidamente Documentadas"
"chart_688831","688831","Multas e Penalidades - Multas Fiscais","expense","l10n_pt_apo.pt_taxo_499_s,l10n_pt_apo.pt_taxo_254_m","False","","Multas e Penalidades - Multas Fiscais"
"chart_688832","688832","Multas e Penalidades - Juros Compensatórios / Mora","expense","l10n_pt_apo.pt_taxo_499_s,l10n_pt_apo.pt_taxo_254_m","False","","Multas e Penalidades - Juros Compensatórios / Mora"
"chart_688833","688833","Multas e Penalidades - Outras Multas Contratuais","expense","l10n_pt_apo.pt_taxo_499_s,l10n_pt_apo.pt_taxo_254_m","False","","Multas e Penalidades - Outras Multas Contratuais"
"chart_6911","6911","Interest of financing obtained","expense",,"False","","Juros de financiamentos obtidos","True"
"chart_69111","69111","Gastos de Financiamento - Juros Suportados - Juros de Empréstimos Bancários","expense","l10n_pt_apo.pt_taxo_500_s,l10n_pt_apo.pt_taxo_255_m","False","","Gastos de Financiamento - Juros Suportados - Juros de Empréstimos Bancários"
"chart_6911211","6911211","Gastos de Financiamento - Juros Suportados - Juros de Leasing - VLPM - Sujeito a TA (8%)","expense","l10n_pt_apo.pt_taxo_500_s,l10n_pt_apo.pt_taxo_255_m","False","","Gastos de Financiamento - Juros Suportados - Juros de Leasing - VLPM - Sujeito a TA (8%)"
"chart_6911212","6911212","Gastos de Financiamento - Juros Suportados - Juros de Leasing - VLPM - Sujeito a TA (25%)","expense","l10n_pt_apo.pt_taxo_500_s,l10n_pt_apo.pt_taxo_255_m","False","","Gastos de Financiamento - Juros Suportados - Juros de Leasing - VLPM - Sujeito a TA (25%)"
"chart_6911213","6911213","Gastos de Financiamento - Juros Suportados - Juros de Leasing - VLPM - Sujeito a TA (32%)","expense","l10n_pt_apo.pt_taxo_500_s,l10n_pt_apo.pt_taxo_255_m","False","","Gastos de Financiamento - Juros Suportados - Juros de Leasing - VLPM - Sujeito a TA (32%)"
"chart_6911214","6911214","Gastos de Financiamento - Juros Suportados - Juros de Leasing - VLPM - Sujeito a TA (0%)","expense","l10n_pt_apo.pt_taxo_500_s,l10n_pt_apo.pt_taxo_255_m","False","","Gastos de Financiamento - Juros Suportados - Juros de Leasing - VLPM - Sujeito a TA (0%)"
"chart_6911221","6911221","Gastos de Financiamento - Juros Suportados - Juros de Leasing - VLPHP - Sujeito a TA (2,5%)","expense","l10n_pt_apo.pt_taxo_500_s,l10n_pt_apo.pt_taxo_255_m","False","","Gastos de Financiamento - Juros Suportados - Juros de Leasing - VLPHP - Sujeito a TA (2,5%)"
"chart_6911222","6911222","Gastos de Financiamento - Juros Suportados - Juros de Leasing - VLPHP - Sujeito a TA (7,5%)","expense","l10n_pt_apo.pt_taxo_500_s,l10n_pt_apo.pt_taxo_255_m","False","","Gastos de Financiamento - Juros Suportados - Juros de Leasing - VLPHP - Sujeito a TA (7,5%)"
"chart_6911223","6911223","Gastos de Financiamento - Juros Suportados - Juros de Leasing - VLPHP - Sujeito a TA (15%)","expense","l10n_pt_apo.pt_taxo_500_s,l10n_pt_apo.pt_taxo_255_m","False","","Gastos de Financiamento - Juros Suportados - Juros de Leasing - VLPHP - Sujeito a TA (15%)"
"chart_6911224","6911224","Gastos de Financiamento - Juros Suportados - Juros de Leasing - VLPHP - Sujeito a TA (0%)","expense","l10n_pt_apo.pt_taxo_500_s,l10n_pt_apo.pt_taxo_255_m","False","","Gastos de Financiamento - Juros Suportados - Juros de Leasing - VLPHP - Sujeito a TA (0%)"
"chart_6911231","6911231","Gastos de Financiamento - Juros Suportados - Juros de Leasing - GPL ou GNV - Sujeito a TA (2,5%)","expense","l10n_pt_apo.pt_taxo_500_s,l10n_pt_apo.pt_taxo_255_m","False","","Gastos de Financiamento - Juros Suportados - Juros de Leasing - GPL ou GNV - Sujeito a TA (2,5%)"
"chart_6911232","6911232","Gastos de Financiamento - Juros Suportados - Juros de Leasing - GPL ou GNV - Sujeito a TA (7,5%)","expense","l10n_pt_apo.pt_taxo_500_s,l10n_pt_apo.pt_taxo_255_m","False","","Gastos de Financiamento - Juros Suportados - Juros de Leasing - GPL ou GNV - Sujeito a TA (7,5%)"
"chart_6911233","6911233","Gastos de Financiamento - Juros Suportados - Juros de Leasing - GPL ou GNV - Sujeito a TA (15%)","expense","l10n_pt_apo.pt_taxo_500_s,l10n_pt_apo.pt_taxo_255_m","False","","Gastos de Financiamento - Juros Suportados - Juros de Leasing - GPL ou GNV - Sujeito a TA (15%)"
"chart_6911234","6911234","Gastos de Financiamento - Juros Suportados - Juros de Leasing - GPL ou GNV - Sujeito a TA (0%)","expense","l10n_pt_apo.pt_taxo_500_s,l10n_pt_apo.pt_taxo_255_m","False","","Gastos de Financiamento - Juros Suportados - Juros de Leasing - GPL ou GNV - Sujeito a TA (0%)"
"chart_6911241","6911241","Gastos de Financiamento - Juros Suportados - Juros de Leasing - Energia Elétrica - Sujeito a TA (10%)","expense","l10n_pt_apo.pt_taxo_500_s,l10n_pt_apo.pt_taxo_255_m","False","","Gastos de Financiamento - Juros Suportados - Juros de Leasing - Energia Elétrica - Sujeito a TA (10%)"
"chart_6911242","6911242","Gastos de Financiamento - Juros Suportados - Juros de Leasing - Energia Elétrica - Sujeito a TA (0%)","expense","l10n_pt_apo.pt_taxo_500_s,l10n_pt_apo.pt_taxo_255_m","False","","Gastos de Financiamento - Juros Suportados - Juros de Leasing - Energia Elétrica - Sujeito a TA (0%)"
"chart_6918","6918","Other interest","expense","","False","","Outros juros"
"chart_6921","6921","Relating to financing obtained","expense","l10n_pt_apo.pt_taxo_502_s,l10n_pt_apo.pt_taxo_257_m","False","","Relativas a financiamentos obtidos"
"chart_6928","6928","Others","expense","l10n_pt_apo.pt_taxo_258_m","False","","Outros"
"chart_6981","6981","Relating to financing obtained","expense","","False","","Relativas a financiamentos obtidos"
"chart_6988","6988","Others","expense","l10n_pt_apo.pt_taxo_505_s,l10n_pt_apo.pt_taxo_260_m","False","","Outros"
"chart_711","711","Goods","income",,"False","","Mercadorias","True"
"chart_7111","7111","Vendas - Mercadorias - Mercado Nacional","income","l10n_pt_apo.pt_taxo_506_s,l10n_pt_apo.pt_taxo_261_m","False","","Vendas - Mercadorias - Mercado Nacional"
"chart_7112","7112","Vendas - Mercadorias - Mercado Intracomunitário","income","l10n_pt_apo.pt_taxo_506_s,l10n_pt_apo.pt_taxo_261_m","False","","Vendas - Mercadorias - Mercado Intracomunitário"
"chart_7113","7113","Vendas - Mercadorias - Mercado Extracomunitário","income","l10n_pt_apo.pt_taxo_506_s,l10n_pt_apo.pt_taxo_261_m","False","","Vendas - Mercadorias - Mercado Extracomunitário"
"chart_712","712","Finished and intermediate products","income",,"False","","Produtos acabados e intermédios","True"
"chart_7121","7121","Vendas - Produtos Acabados e Intermédios - Mercado Nacional","income","l10n_pt_apo.pt_taxo_507_s,l10n_pt_apo.pt_taxo_262_m","False","","Vendas - Produtos Acabados e Intermédios - Mercado Nacional"
"chart_7122","7122","Vendas - Produtos Acabados e Intermédios - Mercado Intracomunitário","income","l10n_pt_apo.pt_taxo_507_s,l10n_pt_apo.pt_taxo_262_m","False","","Vendas - Produtos Acabados e Intermédios - Mercado Intracomunitário"
"chart_7123","7123","Vendas - Produtos Acabados e Intermédios - Mercado Extracomunitário","income","l10n_pt_apo.pt_taxo_507_s,l10n_pt_apo.pt_taxo_262_m","False","","Vendas - Produtos Acabados e Intermédios - Mercado Extracomunitário"
"chart_713","713","Byproducts, waste, residues and refuses","income",,"False","","Subprodutos, desperdícios, resíduos e refugos","True"
"chart_7131","7131","Vendas - Subprodutos, Desperdícios, Resíduos e Refugos - Mercado Nacional","income","l10n_pt_apo.pt_taxo_508_s,l10n_pt_apo.pt_taxo_263_m","False","","Vendas - Subprodutos, Desperdícios, Resíduos e Refugos - Mercado Nacional"
"chart_7132","7132","Vendas - Subprodutos, Desperdícios, Resíduos e Refugos - Mercado Intracomunitário","income","l10n_pt_apo.pt_taxo_508_s,l10n_pt_apo.pt_taxo_263_m","False","","Vendas - Subprodutos, Desperdícios, Resíduos e Refugos - Mercado Intracomunitário"
"chart_7133","7133","Vendas - Subprodutos, Desperdícios, Resíduos e Refugos - Mercado Extracomunitário","income","l10n_pt_apo.pt_taxo_508_s,l10n_pt_apo.pt_taxo_263_m","False","","Vendas - Subprodutos, Desperdícios, Resíduos e Refugos - Mercado Extracomunitário"
"chart_714","714","Biological assets","income",,"False","","Ativos biológicos","True"
"chart_7141","7141","Vendas - Ativos Biólogicos - Mercado Nacional","income","l10n_pt_apo.pt_taxo_509_s,l10n_pt_apo.pt_taxo_263_m","False","","Vendas - Ativos Biólogicos - Mercado Nacional"
"chart_7142","7142","Vendas - Ativos Biólogicos - Mercado Intracomunitário","income","l10n_pt_apo.pt_taxo_509_s,l10n_pt_apo.pt_taxo_263_m","False","","Vendas - Ativos Biólogicos - Mercado Intracomunitário"
"chart_7143","7143","Vendas - Ativos Biólogicos - Mercado Extracomunitário","income","l10n_pt_apo.pt_taxo_509_s,l10n_pt_apo.pt_taxo_263_m","False","","Vendas - Ativos Biólogicos - Mercado Extracomunitário"
"chart_716","716","VAT of tax sales included","income","l10n_pt_apo.pt_taxo_510_s,l10n_pt_apo.pt_taxo_264_m","False","","IVA das vendas com imposto incluído"
"chart_717","717","Sales returns","income",,"False","","Devoluções de vendas","True"
"chart_71711","71711","Devolução de Vendas - Mercadorias - Mercado Nacional","income","l10n_pt_apo.pt_taxo_511_s,l10n_pt_apo.pt_taxo_265_m","False","","Devolução de Vendas - Mercadorias - Mercado Nacional"
"chart_71712","71712","Devolução de Vendas - Mercadorias - Mercado Intracomunitário","income","l10n_pt_apo.pt_taxo_511_s,l10n_pt_apo.pt_taxo_265_m","False","","Devolução de Vendas - Mercadorias - Mercado Intracomunitário"
"chart_71713","71713","Devolução de Vendas - Mercadorias - Mercado Extracomunitário","income","l10n_pt_apo.pt_taxo_511_s,l10n_pt_apo.pt_taxo_265_m","False","","Devolução de Vendas - Mercadorias - Mercado Extracomunitário"
"chart_71721","71721","Devolução de Vendas - Produtos Acabados e Intermédios - Mercado Nacional","income","l10n_pt_apo.pt_taxo_511_s,l10n_pt_apo.pt_taxo_265_m","False","","Devolução de Vendas - Produtos Acabados e Intermédios - Mercado Nacional"
"chart_71722","71722","Devolução de Vendas - Produtos Acabados e Intermédios - Mercado Intracomunitário","income","l10n_pt_apo.pt_taxo_511_s,l10n_pt_apo.pt_taxo_265_m","False","","Devolução de Vendas - Produtos Acabados e Intermédios - Mercado Intracomunitário"
"chart_71723","71723","Devolução de Vendas - Produtos Acabados e Intermédios - Mercado Extracomunitário","income","l10n_pt_apo.pt_taxo_511_s,l10n_pt_apo.pt_taxo_265_m","False","","Devolução de Vendas - Produtos Acabados e Intermédios - Mercado Extracomunitário"
"chart_71731","71731","Devolução de Vendas - Subprodutos, Desperdícios, Resíduos e Refugos - Mercado Nacional","income","l10n_pt_apo.pt_taxo_511_s,l10n_pt_apo.pt_taxo_265_m","False","","Devolução de Vendas - Subprodutos, Desperdícios, Resíduos e Refugos - Mercado Nacional"
"chart_71732","71732","Devolução de Vendas - Subprodutos, Desperdícios, Resíduos e Refugos - Mercado Intracomunitário","income","l10n_pt_apo.pt_taxo_511_s,l10n_pt_apo.pt_taxo_265_m","False","","Devolução de Vendas - Subprodutos, Desperdícios, Resíduos e Refugos - Mercado Intracomunitário"
"chart_71733","71733","Devolução de Vendas - Subprodutos, Desperdícios, Resíduos e Refugos - Mercado Extracomunitário","income","l10n_pt_apo.pt_taxo_511_s,l10n_pt_apo.pt_taxo_265_m","False","","Devolução de Vendas - Subprodutos, Desperdícios, Resíduos e Refugos - Mercado Extracomunitário"
"chart_71741","71741","Devolução de Vendas - Ativos Biólogicos - Mercado Nacional","income","l10n_pt_apo.pt_taxo_511_s,l10n_pt_apo.pt_taxo_265_m","False","","Devolução de Vendas - Ativos Biólogicos - Mercado Nacional"
"chart_71742","71742","Devolução de Vendas - Ativos Biólogicos - Mercado Intracomunitário","income","l10n_pt_apo.pt_taxo_511_s,l10n_pt_apo.pt_taxo_265_m","False","","Devolução de Vendas - Ativos Biólogicos - Mercado Intracomunitário"
"chart_71743","71743","Devolução de Vendas - Ativos Biólogicos - Mercado Extracomunitário","income","l10n_pt_apo.pt_taxo_511_s,l10n_pt_apo.pt_taxo_265_m","False","","Devolução de Vendas - Ativos Biólogicos - Mercado Extracomunitário"
"chart_718","718","Sales discounts and slaughter","income",,"False","","Descontos e abatimentos em vendas","True"
"chart_71811","71811","Descontos e Abatimentos em Vendas - Mercadorias - Mercado Nacional","income","l10n_pt_apo.pt_taxo_512_s,l10n_pt_apo.pt_taxo_266_m","False","","Descontos e Abatimentos em Vendas - Mercadorias - Mercado Nacional"
"chart_71812","71812","Descontos e Abatimentos em Vendas - Mercadorias - Mercado Intracomunitário","income","l10n_pt_apo.pt_taxo_512_s,l10n_pt_apo.pt_taxo_266_m","False","","Descontos e Abatimentos em Vendas - Mercadorias - Mercado Intracomunitário"
"chart_71813","71813","Descontos e Abatimentos em Vendas - Mercadorias - Mercado Extracomunitário","income","l10n_pt_apo.pt_taxo_512_s,l10n_pt_apo.pt_taxo_266_m","False","","Descontos e Abatimentos em Vendas - Mercadorias - Mercado Extracomunitário"
"chart_71821","71821","Descontos e Abatimentos em Vendas - Produtos Acabados e Intermédios - Mercado Nacional","income","l10n_pt_apo.pt_taxo_512_s,l10n_pt_apo.pt_taxo_266_m","False","","Descontos e Abatimentos em Vendas - Produtos Acabados e Intermédios - Mercado Nacional"
"chart_71822","71822","Descontos e Abatimentos em Vendas - Produtos Acabados e Intermédios - Mercado Intracomunitário","income","l10n_pt_apo.pt_taxo_512_s,l10n_pt_apo.pt_taxo_266_m","False","","Descontos e Abatimentos em Vendas - Produtos Acabados e Intermédios - Mercado Intracomunitário"
"chart_71823","71823","Descontos e Abatimentos em Vendas - Produtos Acabados e Intermédios - Mercado Extracomunitário","income","l10n_pt_apo.pt_taxo_512_s,l10n_pt_apo.pt_taxo_266_m","False","","Descontos e Abatimentos em Vendas - Produtos Acabados e Intermédios - Mercado Extracomunitário"
"chart_71831","71831","Descontos e Abatimentos em Vendas - Subprodutos, Desperdícios, Resíduos e Refugos - Mercado Nacional","income","l10n_pt_apo.pt_taxo_512_s,l10n_pt_apo.pt_taxo_266_m","False","","Descontos e Abatimentos em Vendas - Subprodutos, Desperdícios, Resíduos e Refugos - Mercado Nacional"
"chart_71832","71832","Descontos e Abatimentos em Vendas - Subprodutos, Desperdícios, Resíduos e Refugos - Mercado Intracomunitário","income","l10n_pt_apo.pt_taxo_512_s,l10n_pt_apo.pt_taxo_266_m","False","","Descontos e Abatimentos em Vendas - Subprodutos, Desperdícios, Resíduos e Refugos - Mercado Intracomunitário"
"chart_71833","71833","Descontos e Abatimentos em Vendas - Subprodutos, Desperdícios, Resíduos e Refugos - Mercado Extracomunitário","income","l10n_pt_apo.pt_taxo_512_s,l10n_pt_apo.pt_taxo_266_m","False","","Descontos e Abatimentos em Vendas - Subprodutos, Desperdícios, Resíduos e Refugos - Mercado Extracomunitário"
"chart_71841","71841","Descontos e Abatimentos em Vendas - Ativos Biólogicos - Mercado Nacional","income","l10n_pt_apo.pt_taxo_512_s,l10n_pt_apo.pt_taxo_266_m","False","","Descontos e Abatimentos em Vendas - Ativos Biólogicos - Mercado Nacional"
"chart_71842","71842","Descontos e Abatimentos em Vendas - Ativos Biólogicos - Mercado Intracomunitário","income","l10n_pt_apo.pt_taxo_512_s,l10n_pt_apo.pt_taxo_266_m","False","","Descontos e Abatimentos em Vendas - Ativos Biólogicos - Mercado Intracomunitário"
"chart_71843","71843","Descontos e Abatimentos em Vendas - Ativos Biólogicos - Mercado Extracomunitário","income","l10n_pt_apo.pt_taxo_512_s,l10n_pt_apo.pt_taxo_266_m","False","","Descontos e Abatimentos em Vendas - Ativos Biólogicos - Mercado Extracomunitário"
"chart_721","721","Service to","income",,"False","","Serviço A","True"
"chart_7211","7211","Prestações de Serviços - Serviço A - Mercado Nacional","income","l10n_pt_apo.pt_taxo_513_s,l10n_pt_apo.pt_taxo_267_m","False","","Prestações de Serviços - Serviço A - Mercado Nacional"
"chart_7212","7212","Prestações de Serviços - Serviço A - Mercado Intracomunitário","income","l10n_pt_apo.pt_taxo_513_s,l10n_pt_apo.pt_taxo_267_m","False","","Prestações de Serviços - Serviço A - Mercado Intracomunitário"
"chart_7213","7213","Prestações de Serviços - Serviço A - Mercado Extracomunitário","income","l10n_pt_apo.pt_taxo_513_s,l10n_pt_apo.pt_taxo_267_m","False","","Prestações de Serviços - Serviço A - Mercado Extracomunitário"
"chart_722","722","Service b","income",,"False","","Serviço B","True"
"chart_7221","7221","Prestações de Serviços - Serviço B - Mercado Nacional","income","l10n_pt_apo.pt_taxo_514_s,l10n_pt_apo.pt_taxo_268_m","False","","Prestações de Serviços - Serviço B - Mercado Nacional"
"chart_7222","7222","Prestações de Serviços - Serviço B - Mercado Intracomunitário","income","l10n_pt_apo.pt_taxo_514_s,l10n_pt_apo.pt_taxo_268_m","False","","Prestações de Serviços - Serviço B - Mercado Intracomunitário"
"chart_7223","7223","Prestações de Serviços - Serviço B - Mercado Extracomunitário","income","l10n_pt_apo.pt_taxo_514_s,l10n_pt_apo.pt_taxo_268_m","False","","Prestações de Serviços - Serviço B - Mercado Extracomunitário"
"chart_725","725","Secondary services","income",,"False","","Serviços secundários","True"
"chart_7251","7251","Prestações de Serviços - Serviços Secundários - Mercado Nacional","income","l10n_pt_apo.pt_taxo_516_s,l10n_pt_apo.pt_taxo_270_m","False","","Prestações de Serviços - Serviços Secundários - Mercado Nacional"
"chart_7252","7252","Prestações de Serviços - Serviços Secundários - Mercado Intracomunitário","income","l10n_pt_apo.pt_taxo_516_s,l10n_pt_apo.pt_taxo_270_m","False","","Prestações de Serviços - Serviços Secundários - Mercado Intracomunitário"
"chart_7253","7253","Prestações de Serviços - Serviços Secundários - Mercado Extracomunitário","income","l10n_pt_apo.pt_taxo_516_s,l10n_pt_apo.pt_taxo_270_m","False","","Prestações de Serviços - Serviços Secundários - Mercado Extracomunitário"
"chart_726","726","VAT of services with tax included","income","l10n_pt_apo.pt_taxo_517_s,l10n_pt_apo.pt_taxo_271_m","False","","IVA dos serviços com imposto incluído"
"chart_72711","72711","Devolução de Prestações de Serviço - Serviço A - Mercado Nacional","income","","False","","Devolução de Prestações de Serviço - Serviço A - Mercado Nacional"
"chart_72712","72712","Devolução de Prestações de Serviço - Serviço A - Mercado Intracomunitário","income","","False","","Devolução de Prestações de Serviço - Serviço A - Mercado Intracomunitário"
"chart_72713","72713","Devolução de Prestações de Serviço - Serviço A - Mercado Extracomunitário","income","","False","","Devolução de Prestações de Serviço - Serviço A - Mercado Extracomunitário"
"chart_72721","72721","Devolução de Prestações de Serviço - Serviço B - Mercado Nacional","income","","False","","Devolução de Prestações de Serviço - Serviço B - Mercado Nacional"
"chart_72722","72722","Devolução de Prestações de Serviço - Serviço B - Mercado Intracomunitário","income","","False","","Devolução de Prestações de Serviço - Serviço B - Mercado Intracomunitário"
"chart_72723","72723","Devolução de Prestações de Serviço - Serviço B - Mercado Extracomunitário","income","","False","","Devolução de Prestações de Serviço - Serviço B - Mercado Extracomunitário"
"chart_72751","72751","Devolução de Prestações de Serviço - Serviços Secundários - Mercado Nacional","income","","False","","Devolução de Prestações de Serviço - Serviços Secundários - Mercado Nacional"
"chart_72752","72752","Devolução de Prestações de Serviço - Serviços Secundários - Mercado Intracomunitário","income","","False","","Devolução de Prestações de Serviço - Serviços Secundários - Mercado Intracomunitário"
"chart_72753","72753","Devolução de Prestações de Serviço - Serviços Secundários - Mercado Extracomunitário","income","","False","","Devolução de Prestações de Serviço - Serviços Secundários - Mercado Extracomunitário"
"chart_728","728","Discounts and rebates","income",,"False","","Descontos e abatimentos","True"
"chart_72811","72811","Descontos e Abatimentos - Serviço A - Mercado Nacional","income","l10n_pt_apo.pt_taxo_518_s,l10n_pt_apo.pt_taxo_272_m","False","","Descontos e Abatimentos - Serviço A - Mercado Nacional"
"chart_72812","72812","Descontos e Abatimentos - Serviço A - Mercado Intracomunitário","income","l10n_pt_apo.pt_taxo_518_s,l10n_pt_apo.pt_taxo_272_m","False","","Descontos e Abatimentos - Serviço A - Mercado Intracomunitário"
"chart_72813","72813","Descontos e Abatimentos - Serviço A - Mercado Extracomunitário","income","l10n_pt_apo.pt_taxo_518_s,l10n_pt_apo.pt_taxo_272_m","False","","Descontos e Abatimentos - Serviço A - Mercado Extracomunitário"
"chart_72821","72821","Descontos e Abatimentos - Serviço B - Mercado Nacional","income","l10n_pt_apo.pt_taxo_518_s,l10n_pt_apo.pt_taxo_272_m","False","","Descontos e Abatimentos - Serviço B - Mercado Nacional"
"chart_72822","72822","Descontos e Abatimentos - Serviço B - Mercado Intracomunitário","income","l10n_pt_apo.pt_taxo_518_s,l10n_pt_apo.pt_taxo_272_m","False","","Descontos e Abatimentos - Serviço B - Mercado Intracomunitário"
"chart_72823","72823","Descontos e Abatimentos - Serviço B - Mercado Extracomunitário","income","l10n_pt_apo.pt_taxo_518_s,l10n_pt_apo.pt_taxo_272_m","False","","Descontos e Abatimentos - Serviço B - Mercado Extracomunitário"
"chart_72831","72831","Descontos e Abatimentos - Serviços Secundários - Mercado Nacional","income","l10n_pt_apo.pt_taxo_518_s,l10n_pt_apo.pt_taxo_272_m","False","","Descontos e Abatimentos - Serviços Secundários - Mercado Nacional"
"chart_72832","72832","Descontos e Abatimentos - Serviços Secundários - Mercado Intracomunitário","income","l10n_pt_apo.pt_taxo_518_s,l10n_pt_apo.pt_taxo_272_m","False","","Descontos e Abatimentos - Serviços Secundários - Mercado Intracomunitário"
"chart_72833","72833","Descontos e Abatimentos - Serviços Secundários - Mercado Extracomunitário","income","l10n_pt_apo.pt_taxo_518_s,l10n_pt_apo.pt_taxo_272_m","False","","Descontos e Abatimentos - Serviços Secundários - Mercado Extracomunitário"
"chart_731","731","Finished and intermediate products","income","l10n_pt_apo.pt_taxo_519_s,l10n_pt_apo.pt_taxo_273_m","False","","Produtos acabados e intermédios"
"chart_732","732","Byproducts, waste, residues and refuses","income","l10n_pt_apo.pt_taxo_520_s,l10n_pt_apo.pt_taxo_274_m","False","","Subprodutos, desperdícios, resíduos e refugos"
"chart_733","733","Products and work in progress","income","l10n_pt_apo.pt_taxo_521_s,l10n_pt_apo.pt_taxo_275_m","False","","Produtos e trabalhos em curso"
"chart_734","734","Biological assets","income","l10n_pt_apo.pt_taxo_522_s,l10n_pt_apo.pt_taxo_275_m","False","","Ativos biológicos"
"chart_741","741","Tangible fixed assets","income","l10n_pt_apo.pt_taxo_523_s,l10n_pt_apo.pt_taxo_276_m","False","","Ativos fixos tangíveis"
"chart_742","742","Intangible assets","income","l10n_pt_apo.pt_taxo_524_s,l10n_pt_apo.pt_taxo_277_m","False","","Ativos intangíveis"
"chart_743","743","Investment properties","income","l10n_pt_apo.pt_taxo_525_s,l10n_pt_apo.pt_taxo_277_m","False","","Propriedades de investimento"
"chart_744","744","Active for deferred spending","income","l10n_pt_apo.pt_taxo_526_s,l10n_pt_apo.pt_taxo_278_m","False","","Ativos por gastos diferidos"
"chart_751","751","Subsidies of public entities","income_other","l10n_pt_apo.pt_taxo_527_s,l10n_pt_apo.pt_taxo_279_m","False","","Subsídios das entidades públicas"
"chart_752","752","Subsidies of other entities","income_other","l10n_pt_apo.pt_taxo_528_s,l10n_pt_apo.pt_taxo_280_m","False","","Subsídios de outras entidades"
"chart_76111","76111","Land and natural resources","income_other","l10n_pt_apo.pt_taxo_529_s,l10n_pt_apo.pt_taxo_281_m","False","","Terrenos e recursos naturais"
"chart_76112","76112","Buildings and other constructions","income_other","l10n_pt_apo.pt_taxo_530_s,l10n_pt_apo.pt_taxo_281_m","False","","Edifícios e outras construções"
"chart_76113","76113","Other investment properties","income_other","l10n_pt_apo.pt_taxo_531_s,l10n_pt_apo.pt_taxo_281_m","False","","Outras propriedades de investimento"
"chart_76121","76121","Land and natural resources","income_other","l10n_pt_apo.pt_taxo_532_s,l10n_pt_apo.pt_taxo_281_m","False","","Terrenos e recursos naturais"
"chart_76122","76122","Buildings and other constructions","income_other","l10n_pt_apo.pt_taxo_533_s,l10n_pt_apo.pt_taxo_282_m","False","","Edifícios e outras construções"
"chart_76123","76123","Basic equipment","income_other","l10n_pt_apo.pt_taxo_534_s,l10n_pt_apo.pt_taxo_283_m","False","","Equipamento básico"
"chart_76124","76124","Transport equipment","income_other","l10n_pt_apo.pt_taxo_535_s,l10n_pt_apo.pt_taxo_284_m","False","","Equipamento de transporte"
"chart_76125","76125","Office equipment","income_other","l10n_pt_apo.pt_taxo_536_s,l10n_pt_apo.pt_taxo_285_m","False","","Equipamento administrativo"
"chart_76126","76126","Biological equipment","income_other","l10n_pt_apo.pt_taxo_537_s,l10n_pt_apo.pt_taxo_286_m","False","","Equipamentos biológicos"
"chart_76127","76127","Other tangible fixed assets","income_other","l10n_pt_apo.pt_taxo_538_s,l10n_pt_apo.pt_taxo_287_m","False","","Outros ativos fixos tangíveis"
"chart_76131","76131","Goodwill","income_other","l10n_pt_apo.pt_taxo_539_s,l10n_pt_apo.pt_taxo_288_m","False","","Goodwill"
"chart_76132","76132","Development projects","income_other","l10n_pt_apo.pt_taxo_540_s,l10n_pt_apo.pt_taxo_289_m","False","","Projetos de desenvolvimento"
"chart_76133","76133","Computer programs","income_other","l10n_pt_apo.pt_taxo_541_s,l10n_pt_apo.pt_taxo_290_m","False","","Programas de computador"
"chart_76134","76134","Industrial property","income_other","l10n_pt_apo.pt_taxo_542_s,l10n_pt_apo.pt_taxo_291_m","False","","Propriedade industrial"
"chart_76135","76135","Other intangible assets","income_other","l10n_pt_apo.pt_taxo_543_s,l10n_pt_apo.pt_taxo_292_m","False","","Outros ativos intangíveis"
"chart_76141","76141","Consumables","income_other","l10n_pt_apo.pt_taxo_543_s,l10n_pt_apo.pt_taxo_292_m","False","","Consumíveis"
"chart_76142","76142","Of production","income_other","l10n_pt_apo.pt_taxo_543_s,l10n_pt_apo.pt_taxo_292_m","False","","De produção"
"chart_76151","76151","Goodwill","income_other","l10n_pt_apo.pt_taxo_543_s,l10n_pt_apo.pt_taxo_292_m","False","","Goodwill"
"chart_76211","76211","Customers","income_other","l10n_pt_apo.pt_taxo_547_s,l10n_pt_apo.pt_taxo_293_m","False","","Clientes"
"chart_76212","76212","Other debtors","income_other","l10n_pt_apo.pt_taxo_548_s,l10n_pt_apo.pt_taxo_294_m","False","","Outros devedores"
"chart_76221","76221","Goods","income_other","l10n_pt_apo.pt_taxo_549_s,l10n_pt_apo.pt_taxo_295_m","False","","Mercadorias"
"chart_76222","76222","Raw materials, subsidiaries and consumption","income_other","l10n_pt_apo.pt_taxo_550_s,l10n_pt_apo.pt_taxo_296_m","False","","Matérias-primas, subsidiárias e de consumo"
"chart_76223","76223","Finished and intermediate products","income_other","l10n_pt_apo.pt_taxo_551_s,l10n_pt_apo.pt_taxo_297_m","False","","Produtos acabados e intermédios"
"chart_76224","76224","Byproducts, waste, residues and refuses","income_other","l10n_pt_apo.pt_taxo_552_s,l10n_pt_apo.pt_taxo_298_m","False","","Subprodutos, desperdícios, resíduos e refugos"
"chart_76225","76225","Products and work in progress","income_other","l10n_pt_apo.pt_taxo_553_s,l10n_pt_apo.pt_taxo_299_m","False","","Produtos e trabalhos em curso"
"chart_76226","76226","Consumable biological assets","income",,"False","","Ativos biológicos consumíveis","True"
"chart_762261","762261","Reversões - De Perdas por Imparidade - Ativos Biológicos Consumíveis","income_other","l10n_pt_apo.pt_taxo_554_s,l10n_pt_apo.pt_taxo_299_m","False","","Reversões - De Perdas por Imparidade - Ativos Biológicos Consumíveis"
"chart_762262","762262","Reversões - De Perdas por Imparidade - Ativos Biológicos de produção","income_other","l10n_pt_apo.pt_taxo_554_s,l10n_pt_apo.pt_taxo_299_m","False","","Reversões - De Perdas por Imparidade - Ativos Biológicos de produção"
"chart_76231","76231","Capital Participations","income_other","l10n_pt_apo.pt_taxo_556_s,l10n_pt_apo.pt_taxo_300_m","False","","Participações de capital"
"chart_76232","76232","Loans granted","income_other","l10n_pt_apo.pt_taxo_557_s,l10n_pt_apo.pt_taxo_301_m","False","","Empréstimos concedidos"
"chart_76233","76233","Other financial investments","income_other","l10n_pt_apo.pt_taxo_558_s,l10n_pt_apo.pt_taxo_302_m","False","","Outros investimentos financeiros"
"chart_76241","76241","Land and natural resources","income_other","l10n_pt_apo.pt_taxo_559_s,l10n_pt_apo.pt_taxo_302_m","False","","Terrenos e recursos naturais"
"chart_76242","76242","Buildings and other constructions","income_other","l10n_pt_apo.pt_taxo_560_s,l10n_pt_apo.pt_taxo_302_m","False","","Edifícios e outras construções"
"chart_76243","76243","Other investment properties","income_other","l10n_pt_apo.pt_taxo_561_s,l10n_pt_apo.pt_taxo_302_m","False","","Outras propriedades de investimento"
"chart_76251","76251","Land and natural resources","income_other","l10n_pt_apo.pt_taxo_562_s,l10n_pt_apo.pt_taxo_302_m","False","","Terrenos e recursos naturais"
"chart_76252","76252","Buildings and other constructions","income_other","l10n_pt_apo.pt_taxo_563_s,l10n_pt_apo.pt_taxo_302_m","False","","Edifícios e outras construções"
"chart_76253","76253","Basic equipment","income_other","l10n_pt_apo.pt_taxo_564_s,l10n_pt_apo.pt_taxo_302_m","False","","Equipamento básico"
"chart_76254","76254","Transport equipment","income_other","l10n_pt_apo.pt_taxo_565_s,l10n_pt_apo.pt_taxo_302_m","False","","Equipamento de transporte"
"chart_76255","76255","Office equipment","income_other","l10n_pt_apo.pt_taxo_566_s,l10n_pt_apo.pt_taxo_302_m","False","","Equipamento administrativo"
"chart_76256","76256","Biological equipment","income_other","l10n_pt_apo.pt_taxo_567_s,l10n_pt_apo.pt_taxo_302_m","False","","Equipamentos biológicos"
"chart_76257","76257","Other tangible fixed assets","income_other","l10n_pt_apo.pt_taxo_568_s,l10n_pt_apo.pt_taxo_302_m","False","","Outros ativos fixos tangíveis"
"chart_76261","76261","Development projects","income_other","l10n_pt_apo.pt_taxo_569_s,l10n_pt_apo.pt_taxo_302_m","False","","Projetos de desenvolvimento"
"chart_76262","76262","Reversões - De Perdas por Imparidade - Ativos Intangíveis - Programas de Computador","income_other","l10n_pt_apo.pt_taxo_570_s,l10n_pt_apo.pt_taxo_302_m","False","","Reversões - De Perdas por Imparidade - Ativos Intangíveis - Programas de Computador"
"chart_76263","76263","Industrial property","income_other","l10n_pt_apo.pt_taxo_571_s,l10n_pt_apo.pt_taxo_302_m","False","","Propriedade industrial"
"chart_76264","76264","Other intangible assets","income_other","l10n_pt_apo.pt_taxo_572_s,l10n_pt_apo.pt_taxo_302_m","False","","Outros ativos intangíveis"
"chart_76271","76271","Financial investments ongoing","income_other","l10n_pt_apo.pt_taxo_573_s,l10n_pt_apo.pt_taxo_302_m","False","","Investimentos financeiros em curso"
"chart_76272","76272","Investment properties in progress","income_other","l10n_pt_apo.pt_taxo_574_s,l10n_pt_apo.pt_taxo_302_m","False","","Propriedades de investimento em curso"
"chart_76273","76273","Tangible fixed assets ongoing","income_other","l10n_pt_apo.pt_taxo_575_s,l10n_pt_apo.pt_taxo_302_m","False","","Ativos fixos tangíveis em curso"
"chart_76274","76274","Intangible assets ongoing","income_other","l10n_pt_apo.pt_taxo_576_s,l10n_pt_apo.pt_taxo_302_m","False","","Ativos intangíveis em curso"
"chart_762751","762751","Financial investments ongoing","income_other","l10n_pt_apo.pt_taxo_577_s,l10n_pt_apo.pt_taxo_302_m","False","","Investimentos financeiros em curso"
"chart_762752","762752","Investment properties in progress","income_other","l10n_pt_apo.pt_taxo_577_s,l10n_pt_apo.pt_taxo_302_m","False","","Propriedades de investimento em curso"
"chart_762753","762753","Tangible fixed assets ongoing","income_other","l10n_pt_apo.pt_taxo_577_s,l10n_pt_apo.pt_taxo_302_m","False","","Ativos fixos tangíveis em curso"
"chart_762754","762754","Intangible assets ongoing","income_other","l10n_pt_apo.pt_taxo_577_s,l10n_pt_apo.pt_taxo_302_m","False","","Ativos intangíveis em curso"
"chart_76281","76281","Financial investments","income_other","l10n_pt_apo.pt_taxo_581_s,l10n_pt_apo.pt_taxo_302_m","False","","Investimentos Financeiros"
"chart_76282","76282","Investment properties","income_other","l10n_pt_apo.pt_taxo_582_s,l10n_pt_apo.pt_taxo_302_m","False","","Propriedades de investimento"
"chart_76283","76283","Tangible fixed assets","income_other","l10n_pt_apo.pt_taxo_583_s,l10n_pt_apo.pt_taxo_302_m","False","","Ativos fixos tangíveis"
"chart_76284","76284","Intangible assets","income_other","l10n_pt_apo.pt_taxo_584_s,l10n_pt_apo.pt_taxo_302_m","False","","Ativos intangíveis"
"chart_76285","76285","Others","income_other","l10n_pt_apo.pt_taxo_585_s,l10n_pt_apo.pt_taxo_302_m","False","","Outros"
"chart_7631","7631","Taxes","income_other","l10n_pt_apo.pt_taxo_586_s,l10n_pt_apo.pt_taxo_303_m","False","","Impostos"
"chart_7632","7632","Guarantees to customers","income_other","l10n_pt_apo.pt_taxo_587_s,l10n_pt_apo.pt_taxo_304_m","False","","Garantias a clientes"
"chart_7633","7633","Ongoing judicial proceedings","income_other","l10n_pt_apo.pt_taxo_588_s,l10n_pt_apo.pt_taxo_305_m","False","","Processos judiciais em curso"
"chart_7634","7634","Accidents at work and professional diseases","income_other","l10n_pt_apo.pt_taxo_589_s,l10n_pt_apo.pt_taxo_306_m","False","","Acidentes no trabalho e doenças profissionais"
"chart_7635","7635","Environmental materials","income_other","l10n_pt_apo.pt_taxo_590_s,l10n_pt_apo.pt_taxo_306_m","False","","Matérias ambientais"
"chart_7636","7636","Costly","income_other","l10n_pt_apo.pt_taxo_591_s,l10n_pt_apo.pt_taxo_306_m","False","","Contratos onerosos"
"chart_7637","7637","Restructuring","income_other","l10n_pt_apo.pt_taxo_592_s,l10n_pt_apo.pt_taxo_306_m","False","","Reestruturação"
"chart_7638","7638","Other provisions","income_other","l10n_pt_apo.pt_taxo_593_s,l10n_pt_apo.pt_taxo_306_m","False","","Outras provisões"
"chart_771","771","In financial instruments","income_other","l10n_pt_apo.pt_taxo_594_s,l10n_pt_apo.pt_taxo_306_m","False","","Em instrumentos financeiros"
"chart_7721","7721","Capital Participations","income_other","l10n_pt_apo.pt_taxo_595_s,l10n_pt_apo.pt_taxo_306_m","False","","Participações de capital"
"chart_7722","7722","Other financial investments","income_other","l10n_pt_apo.pt_taxo_596_s,l10n_pt_apo.pt_taxo_306_m","False","","Outros investimentos financeiros"
"chart_7731","7731","Land and natural resources","income_other","l10n_pt_apo.pt_taxo_597_s,l10n_pt_apo.pt_taxo_306_m","False","","Terrenos e recursos naturais"
"chart_7732","7732","Buildings and other constructions","income_other","l10n_pt_apo.pt_taxo_598_s,l10n_pt_apo.pt_taxo_306_m","False","","Edifícios e outras construções"
"chart_7733","7733","Other investment properties","income_other","l10n_pt_apo.pt_taxo_599_s,l10n_pt_apo.pt_taxo_306_m","False","","Outras propriedades de investimento"
"chart_7734","7734","Investment properties in progress","income_other","l10n_pt_apo.pt_taxo_600_s,l10n_pt_apo.pt_taxo_306_m","False","","Propriedades de investimento em curso"
"chart_7741","7741","Consumables","income_other","l10n_pt_apo.pt_taxo_601_s,l10n_pt_apo.pt_taxo_306_m","False","","Consumíveis"
"chart_7742","7742","Of production","income_other","l10n_pt_apo.pt_taxo_602_s,l10n_pt_apo.pt_taxo_306_m","False","","De produção"
"chart_7811","7811","Social services","income",,"False","","Serviços sociais","True"
"chart_78111","78111","Outros Rendimentos Suplementares - Serviços Sociais - Mercado Nacional","income_other","l10n_pt_apo.pt_taxo_603_s,l10n_pt_apo.pt_taxo_307_m","False","","Outros Rendimentos Suplementares - Serviços Sociais - Mercado Nacional"
"chart_78112","78112","Outros Rendimentos Suplementares - Serviços Sociais - Mercado Intracomunitário","income_other","l10n_pt_apo.pt_taxo_603_s,l10n_pt_apo.pt_taxo_307_m","False","","Outros Rendimentos Suplementares - Serviços Sociais - Mercado Intracomunitário"
"chart_78113","78113","Outros Rendimentos Suplementares - Serviços Sociais - Mercado Extracomunitário","income_other","l10n_pt_apo.pt_taxo_603_s,l10n_pt_apo.pt_taxo_307_m","False","","Outros Rendimentos Suplementares - Serviços Sociais - Mercado Extracomunitário"
"chart_7812","7812","Equipment rental","income",,"False","","Aluguer de equipamento","True"
"chart_78121","78121","Outros Rendimentos Suplementares - Aluguer de Equipamento - Mercado Nacional","income_other","l10n_pt_apo.pt_taxo_604_s,l10n_pt_apo.pt_taxo_307_m","False","","Outros Rendimentos Suplementares - Aluguer de Equipamento - Mercado Nacional"
"chart_78122","78122","Outros Rendimentos Suplementares - Aluguer de Equipamento - Mercado Intracomunitário","income_other","l10n_pt_apo.pt_taxo_604_s,l10n_pt_apo.pt_taxo_307_m","False","","Outros Rendimentos Suplementares - Aluguer de Equipamento - Mercado Intracomunitário"
"chart_78123","78123","Outros Rendimentos Suplementares - Aluguer de Equipamento - Mercado Extracomunitário","income_other","l10n_pt_apo.pt_taxo_604_s,l10n_pt_apo.pt_taxo_307_m","False","","Outros Rendimentos Suplementares - Aluguer de Equipamento - Mercado Extracomunitário"
"chart_7813","7813","Studies, projects and technological assistance","income",,"False","","Estudos, projetos e assistência tecnológica","True"
"chart_78131","78131","Outros Rendimentos Suplementares - Estudos, Projetos e Assistência Tecnológica - Mercado Nacional","income_other","l10n_pt_apo.pt_taxo_605_s,l10n_pt_apo.pt_taxo_307_m","False","","Outros Rendimentos Suplementares - Estudos, Projetos e Assistência Tecnológica - Mercado Nacional"
"chart_78132","78132","Outros Rendimentos Suplementares - Estudos, Projetos e Assistência Tecnológica - Mercado Intracomunitário","income_other","l10n_pt_apo.pt_taxo_605_s,l10n_pt_apo.pt_taxo_307_m","False","","Outros Rendimentos Suplementares - Estudos, Projetos e Assistência Tecnológica - Mercado Intracomunitário"
"chart_78133","78133","Outros Rendimentos Suplementares - Estudos, Projetos e Assistência Tecnológica - Mercado Extracomunitário","income_other","l10n_pt_apo.pt_taxo_605_s,l10n_pt_apo.pt_taxo_307_m","False","","Outros Rendimentos Suplementares - Estudos, Projetos e Assistência Tecnológica - Mercado Extracomunitário"
"chart_7814","7814","Royalties","income",,"False","","Royalties","True"
"chart_78141","78141","Outros Rendimentos Suplementares - Royalties - Mercado Nacional","income_other","l10n_pt_apo.pt_taxo_606_s,l10n_pt_apo.pt_taxo_307_m","False","","Outros Rendimentos Suplementares - Royalties - Mercado Nacional"
"chart_78142","78142","Outros Rendimentos Suplementares - Royalties - Mercado Intracomunitário","income_other","l10n_pt_apo.pt_taxo_606_s,l10n_pt_apo.pt_taxo_307_m","False","","Outros Rendimentos Suplementares - Royalties - Mercado Intracomunitário"
"chart_78143","78143","Outros Rendimentos Suplementares - Royalties - Mercado Extracomunitário","income_other","l10n_pt_apo.pt_taxo_606_s,l10n_pt_apo.pt_taxo_307_m","False","","Outros Rendimentos Suplementares - Royalties - Mercado Extracomunitário"
"chart_7815","7815","Performance of social positions in other companies","income",,"False","","Desempenho de cargos sociais noutras empresas","True"
"chart_78151","78151","Outros Rendimentos Suplementares - Desempenho de Cargos Sociais Noutras Empresas - Mercado Nacional","income_other","l10n_pt_apo.pt_taxo_607_s,l10n_pt_apo.pt_taxo_307_m","False","","Outros Rendimentos Suplementares - Desempenho de Cargos Sociais Noutras Empresas - Mercado Nacional"
"chart_78152","78152","Outros Rendimentos Suplementares - Desempenho de Cargos Sociais Noutras Empresas - Mercado Intracomunitário","income_other","l10n_pt_apo.pt_taxo_607_s,l10n_pt_apo.pt_taxo_307_m","False","","Outros Rendimentos Suplementares - Desempenho de Cargos Sociais Noutras Empresas - Mercado Intracomunitário"
"chart_78153","78153","Outros Rendimentos Suplementares - Desempenho de Cargos Sociais Noutras Empresas - Mercado Extracomunitário","income_other","l10n_pt_apo.pt_taxo_607_s,l10n_pt_apo.pt_taxo_307_m","False","","Outros Rendimentos Suplementares - Desempenho de Cargos Sociais Noutras Empresas - Mercado Extracomunitário"
"chart_7816","7816","Other supplementary income","income",,"False","","Outros rendimentos suplementares","True"
"chart_78161","78161","Outros Rendimentos Suplementares - Mercado Nacional","income_other","l10n_pt_apo.pt_taxo_608_s,l10n_pt_apo.pt_taxo_307_m","False","","Outros Rendimentos Suplementares - Mercado Nacional"
"chart_78162","78162","Outros Rendimentos Suplementares - Mercado Intracomunitário","income_other","l10n_pt_apo.pt_taxo_608_s,l10n_pt_apo.pt_taxo_307_m","False","","Outros Rendimentos Suplementares - Mercado Intracomunitário"
"chart_78163","78163","Outros Rendimentos Suplementares - Mercado Extracomunitário","income_other","l10n_pt_apo.pt_taxo_608_s,l10n_pt_apo.pt_taxo_307_m","False","","Outros Rendimentos Suplementares - Mercado Extracomunitário"
"chart_782","782","Discounts obtained","income_other","l10n_pt_apo.pt_taxo_609_s,l10n_pt_apo.pt_taxo_308_m","False","","Descontos de pronto pagamento obtidos"
"chart_783","783","Debt recovery receivable","income_other","l10n_pt_apo.pt_taxo_610_s,l10n_pt_apo.pt_taxo_309_m","False","","Recuperação de dívidas a receber"
"chart_7841","7841","Sinister","income_other","l10n_pt_apo.pt_taxo_611_s,l10n_pt_apo.pt_taxo_310_m","False","","Sinistros"
"chart_7842","7842","Leftover","income_other","l10n_pt_apo.pt_taxo_612_s,l10n_pt_apo.pt_taxo_311_m","False","","Sobras"
"chart_7848","7848","Other gains","income_other","","False","","Outros ganhos"
"chart_7851","7851","Application of the equity method","income_other","l10n_pt_apo.pt_taxo_614_s","False","","Aplicação do método da equivalência patrimonial"
"chart_7852","7852","Alienations","income_other","l10n_pt_apo.pt_taxo_615_s","False","","Alienações"
"chart_7858","7858","Other income","income_other","","False","","Outros rendimentos"
"chart_7861","7861","Favorable exchange rate differences","income_other","l10n_pt_apo.pt_taxo_617_s,l10n_pt_apo.pt_taxo_313_m","False","","Diferenças de câmbio favoráveis"
"chart_7862","7862","Alienations","income_other","l10n_pt_apo.pt_taxo_618_s,l10n_pt_apo.pt_taxo_314_m","False","","Alienações"
"chart_7868","7868","Other income","income_other","","False","","Outros rendimentos"
"chart_7871","7871","Alienations","income_other","l10n_pt_apo.pt_taxo_620_s,l10n_pt_apo.pt_taxo_316_m","False","","Alienações"
"chart_7872","7872","Sinister","income_other","l10n_pt_apo.pt_taxo_621_s,l10n_pt_apo.pt_taxo_317_m","False","","Sinistros"
"chart_7873","7873","Income and other income in investment properties","income_other","l10n_pt_apo.pt_taxo_622_s,l10n_pt_apo.pt_taxo_317_m","False","","Rendas e outros rendimentos em propriedades de investimento"
"chart_7878","7878","Other income","income_other","l10n_pt_apo.pt_taxo_318_m","False","","Outros rendimentos"
"chart_7881","7881","Corrections related to previous periods","income_other","l10n_pt_apo.pt_taxo_624_s,l10n_pt_apo.pt_taxo_319_m","False","","Correções relativas a períodos anteriores"
"chart_7882","7882","Excessive estimate for taxes","income_other","l10n_pt_apo.pt_taxo_625_s,l10n_pt_apo.pt_taxo_320_m","False","","Excesso da estimativa para impostos"
"chart_7883","7883","Imputation of subsidies for investments","income_other","l10n_pt_apo.pt_taxo_626_s,l10n_pt_apo.pt_taxo_321_m","False","","Imputação de subsídios para investimentos"
"chart_7884","7884","Gains in other financial instruments","income_other","l10n_pt_apo.pt_taxo_627_s,l10n_pt_apo.pt_taxo_321_m","False","","Ganhos em outros instrumentos financeiros"
"chart_7885","7885","Tax Refund","income_other","l10n_pt_apo.pt_taxo_628_s,l10n_pt_apo.pt_taxo_322_m","False","","Restituição de impostos"
"chart_7887","7887","Favorable exchange rate differences","income_other","l10n_pt_apo.pt_taxo_629_s,l10n_pt_apo.pt_taxo_323_m","False","","Diferenças de câmbio favoráveis"
"chart_7888","78888","Others not specified","income_other","l10n_pt_apo.pt_taxo_324_m","False","","Outros não especificados"
"chart_7911","7911","Deposits","income_other","l10n_pt_apo.pt_taxo_631_s,l10n_pt_apo.pt_taxo_325_m","False","","De depósitos"
"chart_7912","7912","Other applications of net financial means","income_other","l10n_pt_apo.pt_taxo_632_s,l10n_pt_apo.pt_taxo_325_m","False","","De outras aplicações de meios financeiros líquidos"
"chart_7913","7913","Financing granted to associates and joint enterprises","income_other","l10n_pt_apo.pt_taxo_633_s,l10n_pt_apo.pt_taxo_325_m","False","","De financiamentos concedidos a associadas e empreendimentos conjuntos"
"chart_7914","7914","Of financing granted to subsidiaries","income_other","l10n_pt_apo.pt_taxo_634_s,l10n_pt_apo.pt_taxo_325_m","False","","De financiamentos concedidos a subsidiárias"
"chart_7915","7915","Of financing obtained","income_other","l10n_pt_apo.pt_taxo_635_s,l10n_pt_apo.pt_taxo_326_m","False","","De financiamentos obtidos"
"chart_7918","7918","Other financing granted","income_other","","False","","De outros financiamentos concedidos"
"chart_7921","7921","Of applications of net financial means","income_other","l10n_pt_apo.pt_taxo_637_s,l10n_pt_apo.pt_taxo_328_m","False","","De aplicações de meios financeiros líquidos"
"chart_7922","7922","Of associates and joint enterprises","income_other","l10n_pt_apo.pt_taxo_638_s,l10n_pt_apo.pt_taxo_328_m","False","","De associadas e empreendimentos conjuntos"
"chart_7923","7923","Of subsidiaries","income_other","l10n_pt_apo.pt_taxo_639_s,l10n_pt_apo.pt_taxo_328_m","False","","Matérias subsidiárias"
"chart_7928","7928","Others","income_other","l10n_pt_apo.pt_taxo_328_m","False","","Outros"
"chart_793","793","Favorable exchange rate differences","income_other","l10n_pt_apo.pt_taxo_641_s,l10n_pt_apo.pt_taxo_329_m","False","","Diferenças de câmbio favoráveis"
"chart_798","798","Other similar income","income_other","","False","","Outros rendimentos similares"
"chart_811","811","Result before taxes","equity","l10n_pt_apo.pt_taxo_643_s,l10n_pt_apo.pt_taxo_331_m","False","","Resultado antes de impostos"
"chart_8121","8121","Estimated tax for the period","equity","l10n_pt_apo.pt_taxo_644_s,l10n_pt_apo.pt_taxo_332_m","False","","Imposto estimado para o período"
"chart_8122","8122","Deferred tax","equity","l10n_pt_apo.pt_taxo_645_s,l10n_pt_apo.pt_taxo_332_m","False","","Imposto diferido"
"chart_818","818","Net income","equity_unaffected","l10n_pt_apo.pt_taxo_646_s,l10n_pt_apo.pt_taxo_333_m","False","","Resultado líquido"
"chart_891","891","Dividendos Antecipados","equity","l10n_pt_apo.pt_taxo_647_s,l10n_pt_apo.pt_taxo_334_m","False","","Dividendos Antecipados"
